Rk,Name,Age,Tm,Lg,W,L,W-L%,ERA,G,GS,GF,CG,SHO,SV,IP,H,R,ER,HR,BB,IBB,SO,HBP,BK,WP,BF,ERA+,FIP,WHIP,H9,HR9,BB9,SO9,SO/W
1,Albert Abreu\abreual01,25,NYY,AL,0,0,,4.50,2,0,2,0,0,0,2.0,0,1,1,0,2,0,3,0,0,1,8,104,3.10,1.000,0.0,0.0,9.0,13.5,1.50
2,Bryan Abreu\abreubr01,24,HOU,AL,1,1,.500,4.50,12,0,0,0,0,0,16.0,15,10,8,2,8,0,17,2,0,2,71,93,4.47,1.438,8.4,1.1,4.5,9.6,2.13
3,Jason Adam\adamja01,29,CHC,NL,0,0,,9.45,8,0,1,0,0,0,6.2,7,7,7,1,6,0,10,3,0,0,35,43,6.10,1.950,9.5,1.4,8.1,13.5,1.67
4,Austin Adams\adamsau02,30,SDP,NL,0,0,,4.82,11,0,1,0,0,0,9.1,6,5,5,0,4,0,19,5,0,0,43,79,1.92,1.071,5.8,0.0,3.9,18.3,4.75
5,Hanser Alberto\alberha01,28,KCR,AL,0,0,,0.00,1,0,1,0,0,0,0.1,0,0,0,0,0,0,0,0,0,0,1,,3.10,0.000,0.0,0.0,0.0,0.0,
6,Jorge Alcala\alcaljo01,25,MIN,AL,0,0,,2.92,12,0,9,0,0,0,12.1,6,4,4,3,2,0,12,1,0,0,43,135,5.04,0.649,4.4,2.2,1.5,8.8,6.00
7,Sandy Alcantara\alcansa01,25,MIA,NL,1,2,.333,2.95,7,7,0,0,0,0,42.2,31,16,14,4,12,1,42,3,0,2,171,139,3.40,1.008,6.5,0.8,2.5,8.9,3.50
8,Scott Alexander*\alexasc02,31,LAD,NL,0,2,.000,2.31,13,0,6,0,0,0,11.2,7,4,3,1,1,0,5,1,0,1,45,169,3.87,0.686,5.4,0.8,0.8,3.9,5.00
9,Tyler Alexander*\alexaty01,26,DET,AL,0,0,,5.40,9,0,4,0,0,0,16.2,20,11,10,4,4,0,17,0,0,0,75,79,4.90,1.440,10.8,2.2,2.2,9.2,4.25
10,Kolby Allard*\allarko01,23,TEX,AL,0,0,,3.65,6,0,3,0,0,0,12.1,12,5,5,1,1,0,17,0,0,2,51,119,1.64,1.054,8.8,0.7,0.7,12.4,17.00
11,Logan Allen*\allenlo01,24,CLE,AL,1,4,.200,9.19,5,5,0,0,0,0,15.2,20,18,16,7,7,0,12,2,0,2,75,47,9.10,1.723,11.5,4.0,4.0,6.9,1.71
12,Yency Almonte\almonye01,27,COL,NL,0,1,.000,12.46,11,0,0,0,0,0,8.2,13,12,12,3,7,0,9,1,0,2,45,38,8.29,2.308,13.5,3.1,7.3,9.3,1.29
13,Dan Altavilla\altavda01,28,SDP,NL,0,0,,6.75,2,0,1,0,0,0,1.1,1,1,1,1,0,0,2,0,0,0,5,71,9.85,0.750,6.8,6.8,0.0,13.5,
14,Jose Alvarado*\alvarjo03,26,PHI,NL,2,0,1.000,4.00,11,0,3,0,0,2,9.0,7,4,4,0,6,1,15,3,0,1,44,103,2.76,1.444,7.0,0.0,6.0,15.0,2.50
15,Jose Alvarez*\alvarjo02,32,SFG,NL,1,1,.500,2.89,11,0,4,0,0,0,9.1,7,4,3,0,9,0,10,0,0,0,44,136,3.85,1.714,6.8,0.0,8.7,9.6,1.11
16,Adbert Alzolay\alzolad01,26,CHC,NL,1,2,.333,4.50,5,5,0,0,0,0,26.0,16,13,13,4,7,0,30,1,0,0,100,86,3.71,0.885,5.5,1.4,2.4,10.4,4.29
17,Brett Anderson*\anderbr04,33,MIL,NL,2,2,.500,4.15,4,4,0,0,0,0,17.1,18,9,8,3,4,0,8,0,0,0,73,101,5.12,1.269,9.3,1.6,2.1,4.2,2.00
18,Chase Anderson\anderch01,33,PHI,NL,1,3,.250,5.54,6,6,0,0,0,0,26.0,25,16,16,4,14,0,21,2,0,0,118,72,5.33,1.500,8.7,1.4,4.8,7.3,1.50
19,Ian Anderson\anderia01,23,ATL,NL,2,1,.667,3.27,6,6,0,0,0,0,33.0,26,12,12,3,14,0,36,0,0,2,138,135,3.37,1.212,7.1,0.8,3.8,9.8,2.57
20,Tyler Anderson*\anderty01,31,PIT,NL,2,3,.400,3.24,6,6,0,0,0,0,33.1,27,12,12,3,11,0,31,0,0,0,135,127,3.40,1.140,7.3,0.8,3.0,8.4,2.82
21,Matt Andriese\andrima01,31,BOS,AL,1,1,.500,3.52,12,0,1,0,0,1,15.1,18,8,6,1,5,0,15,1,1,0,69,125,3.16,1.500,10.6,0.6,2.9,8.8,3.00
22,Tejay Antone\antonte01,27,CIN,NL,1,0,1.000,2.60,10,0,2,0,0,1,17.1,6,5,5,2,9,0,23,3,0,1,67,178,4.02,0.865,3.1,1.0,4.7,11.9,2.56
23,Chris Archer\archech01,32,TBR,AL,0,1,.000,6.23,2,1,0,0,0,0,4.1,7,4,3,0,1,0,6,0,0,0,21,66,1.02,1.846,14.5,0.0,2.1,12.5,6.00
24,Kohei Arihara\arihako01,28,TEX,AL,2,3,.400,5.76,6,6,0,0,0,0,25.0,26,17,16,6,9,0,14,2,0,1,107,74,6.42,1.400,9.4,2.2,3.2,5.0,1.56
25,Shawn Armstrong\armstsh01,30,BAL,AL,0,0,,10.80,11,0,3,0,0,0,8.1,10,11,10,3,7,0,7,1,0,0,44,40,8.98,2.040,10.8,3.2,7.6,7.6,1.00
26,Jake Arrieta\arrieja01,35,CHC,NL,3,3,.500,4.31,6,6,0,0,0,0,31.1,29,15,15,5,12,1,28,1,0,1,135,90,4.63,1.309,8.3,1.4,3.4,8.0,2.33
27,Willians Astudillo\astudwi01,29,MIN,AL,0,0,,0.00,1,0,1,0,0,0,1.0,0,0,0,0,0,0,0,0,0,0,3,,3.10,0.000,0.0,0.0,0.0,0.0,
28,Luis Avilan*\avilalu01,31,WSN,NL,0,1,.000,12.60,4,0,0,0,0,0,5.0,7,7,7,1,3,0,4,1,0,0,27,34,6.50,2.000,12.6,1.8,5.4,7.2,1.33
29,Caleb Baragar*\baragca01,27,SFG,NL,2,0,1.000,0.00,11,0,1,0,0,0,8.0,7,1,0,0,5,0,8,1,0,0,35,,3.35,1.500,7.9,0.0,5.6,9.0,1.60
30,Daniel Bard\bardda01,36,COL,NL,1,2,.333,8.10,11,0,8,0,0,3,10.0,16,11,9,2,7,0,13,1,0,0,55,58,5.50,2.300,14.4,1.8,6.3,11.7,1.86
31,Scott Barlow\barlosc01,28,KCR,AL,1,0,1.000,2.60,15,0,2,0,0,1,17.1,16,5,5,0,7,0,22,0,0,1,74,169,1.77,1.327,8.3,0.0,3.6,11.4,3.14
32,Jacob Barnes\barneja01,31,NYM,NL,1,0,1.000,5.63,7,0,2,0,0,0,8.0,7,5,5,2,2,0,6,0,0,0,34,71,5.60,1.125,7.9,2.3,2.3,6.8,3.00
33,Matt Barnes\barnema01,31,BOS,AL,1,0,1.000,2.12,16,0,11,0,0,7,17.0,6,4,4,1,3,0,29,0,0,1,59,208,0.98,0.529,3.2,0.5,1.6,15.4,9.67
34,Jaime Barria\barrija01,24,LAA,AL,0,0,,31.50,1,0,0,0,0,0,2.0,6,7,7,0,4,0,0,0,0,0,15,16,9.10,5.000,27.0,0.0,18.0,0.0,0.00
35,Anthony Bass\bassan01,33,MIA,NL,1,2,.333,5.91,13,0,4,0,0,0,10.2,13,7,7,2,4,1,7,3,0,0,49,71,6.19,1.594,11.0,1.7,3.4,5.9,1.75
36,Chris Bassitt\bassich01,32,OAK,AL,2,2,.500,3.70,7,7,0,0,0,0,41.1,38,17,17,3,12,0,43,5,0,0,175,104,3.19,1.210,8.3,0.7,2.6,9.4,3.58
37,Trevor Bauer\bauertr01,30,LAD,NL,3,1,.750,2.44,7,7,0,1,0,0,44.1,23,13,12,8,12,0,58,3,0,1,170,157,3.84,0.789,4.7,1.6,2.4,11.8,4.83
38,Eduard Bazardo\bazared01,25,BOS,AL,0,0,,0.00,1,0,1,0,0,0,1.0,0,0,0,0,2,0,1,0,0,0,5,,7.10,2.000,0.0,0.0,18.0,9.0,0.50
39,David Bednar\bednada01,26,PIT,NL,0,0,,2.31,13,0,6,0,0,0,11.2,8,3,3,2,3,0,12,0,0,0,46,181,4.04,0.943,6.2,1.5,2.3,9.3,4.00
40,Cam Bedrosian\bedroca01,29,CIN,NL,0,0,,11.12,6,0,2,0,0,0,5.2,10,7,7,2,6,0,7,0,0,0,33,43,8.39,2.824,15.9,3.2,9.5,11.1,1.17
41,Anthony Bemboom\bemboan01,31,LAA,AL,0,0,,18.00,1,0,1,0,0,0,1.0,3,2,2,1,0,0,0,0,0,0,7,32,16.10,3.000,27.0,9.0,0.0,0.0,
42,Anthony Bender\bendean01,26,MIA,NL,0,0,,0.00,2,0,0,0,0,0,2.0,1,0,0,0,0,0,3,0,0,0,7,,0.10,0.500,4.5,0.0,0.0,13.5,
43,Wes Benjamin*\benjawe01,27,TEX,AL,0,1,.000,4.76,3,0,0,0,0,0,5.2,4,3,3,1,6,0,5,0,0,0,25,94,6.80,1.765,6.4,1.6,9.5,7.9,0.83
44,Travis Bergen*\bergetr01,27,TOR,AL,0,0,,0.00,4,1,0,0,0,0,5.2,2,0,0,0,3,0,3,1,0,0,22,,4.16,0.882,3.2,0.0,4.8,4.8,1.00
45,Jose Berrios\berrijo01,27,MIN,AL,3,2,.600,3.58,6,6,0,0,0,0,32.2,24,13,13,2,9,0,42,2,0,1,127,108,2.33,1.010,6.6,0.6,2.5,11.6,4.67
46,Dellin Betances\betande01,33,NYM,NL,0,0,,9.00,1,0,0,0,0,0,1.0,0,1,1,0,1,0,1,1,0,0,5,60,7.10,1.000,0.0,0.0,9.0,9.0,1.00
47,Alec Bettinger\bettial01,25,MIL,NL,0,1,.000,24.75,1,1,0,0,0,0,4.0,11,11,11,2,2,0,0,1,0,1,26,18,11.85,3.250,24.8,4.5,4.5,0.0,0.00
48,Phil Bickford\bickfph01,25,MIL,NL,0,0,,18.00,1,0,0,0,0,0,1.0,2,2,2,1,1,0,0,1,0,0,7,31,22.10,3.000,18.0,9.0,9.0,0.0,0.00
49,Jesse Biddle*\biddlje01,29,ATL,NL,0,0,,8.44,4,0,3,0,0,0,5.1,5,5,5,1,2,0,5,1,0,1,24,55,5.35,1.313,8.4,1.7,3.4,8.4,2.50
50,Shane Bieber\biebesh01,26,CLE,AL,3,2,.600,2.98,7,7,0,0,0,0,48.1,37,17,16,6,15,0,77,2,0,3,200,142,2.58,1.076,6.9,1.1,2.8,14.3,5.13
51,Brandon Bielak\bielabr01,25,HOU,AL,1,1,.500,4.30,6,0,1,0,0,0,14.2,11,7,7,1,5,0,12,0,0,1,60,97,3.37,1.091,6.8,0.6,3.1,7.4,2.40
52,Alex Blandino\blandal01,28,CIN,NL,0,0,,0.00,2,0,2,0,0,0,1.1,0,0,0,0,1,0,0,0,0,0,4,,5.35,0.750,0.0,0.0,6.8,0.0,0.00
53,Richard Bleier*\bleieri01,34,MIA,NL,2,0,1.000,4.50,13,0,2,0,0,0,12.0,11,6,6,4,0,0,11,0,0,0,46,93,5.60,0.917,8.3,3.0,0.0,8.3,
54,Ryan Borucki*\borucry01,27,TOR,AL,3,1,.750,3.65,12,0,2,0,0,0,12.1,6,6,5,1,5,0,13,0,0,1,47,117,3.26,0.892,4.4,0.7,3.6,9.5,2.60
55,Ben Bowden*\bowdebe01,26,COL,NL,1,2,.333,7.20,12,0,3,0,0,0,10.0,16,9,8,1,3,0,10,0,0,0,50,66,3.30,1.900,14.4,0.9,2.7,9.0,3.33
56,Brad Boxberger\boxbebr01,33,MIL,NL,0,0,,1.64,12,0,3,0,0,1,11.0,5,2,2,1,2,0,12,1,0,0,41,259,2.92,0.636,4.1,0.8,1.6,9.8,6.00
57,Matthew Boyd*\boydma01,30,DET,AL,2,3,.400,2.27,6,6,0,0,0,0,35.2,26,10,9,1,7,0,24,3,0,2,139,185,2.96,0.925,6.6,0.3,1.8,6.1,3.43
58,Archie Bradley\bradlar01,28,PHI,NL,0,1,.000,6.00,4,0,0,0,0,0,3.0,4,2,2,0,1,0,3,0,0,1,14,74,2.10,1.667,12.0,0.0,3.0,9.0,3.00
59,Jake Brentz*\brentja01,26,KCR,AL,0,0,,3.38,15,0,2,0,0,0,13.1,10,6,5,2,7,0,15,0,1,1,58,131,4.37,1.275,6.8,1.4,4.7,10.1,2.14
60,Austin Brice\briceau01,29,BOS,AL,0,0,,7.88,9,0,1,0,0,0,8.0,10,7,7,2,5,0,5,1,0,0,38,57,7.35,1.875,11.3,2.3,5.6,5.6,1.00
61,Connor Brogdon\brogdco01,26,PHI,NL,3,1,.750,7.15,12,0,1,0,0,0,11.1,11,9,9,2,6,0,9,1,0,0,50,57,5.66,1.500,8.7,1.6,4.8,7.1,1.50
62,Rex Brothers*\brothre01,33,CHC,NL,1,0,1.000,3.09,13,0,0,0,0,0,11.2,7,4,4,1,5,0,21,2,0,0,48,128,2.41,1.029,5.4,0.8,3.9,16.2,4.20
63,JT Brubaker\brubajt01,27,PIT,NL,2,2,.500,2.78,6,6,0,0,0,0,32.1,29,10,10,5,8,0,37,5,1,0,138,148,4.02,1.144,8.1,1.4,2.2,10.3,4.63
64,Kris Bubic*\bubickr01,23,KCR,AL,0,0,,9.00,2,0,1,0,0,0,2.0,4,2,2,0,0,0,2,0,0,0,10,56,1.10,2.000,18.0,0.0,0.0,9.0,
65,Walker Buehler\buehlwa01,26,LAD,NL,1,0,1.000,3.13,6,6,0,0,0,0,37.1,33,13,13,5,2,0,39,1,0,0,145,122,2.99,0.938,8.0,1.2,0.5,9.4,19.50
66,J.B. Bukauskas\bukaujb01,24,ARI,NL,1,1,.500,9.00,8,0,0,0,0,0,6.0,9,6,6,1,1,0,5,0,0,0,27,49,4.10,1.667,13.5,1.5,1.5,7.5,5.00
67,Madison Bumgarner*\bumgama01,31,ARI,NL,3,2,.600,4.91,7,7,0,1,1,0,36.2,30,20,20,5,10,1,40,5,1,0,153,85,3.92,1.091,7.4,1.2,2.5,9.8,4.00
68,Aaron Bummer*\bummeaa01,27,CHW,AL,0,1,.000,2.08,11,0,1,0,0,0,8.2,9,4,2,0,6,0,11,1,0,0,42,202,2.98,1.731,9.3,0.0,6.2,11.4,1.83
69,Dylan Bundy\bundydy01,28,LAA,AL,0,3,.000,4.00,6,6,0,0,0,0,36.0,30,17,16,5,9,0,40,2,0,1,148,108,3.60,1.083,7.5,1.3,2.3,10.0,4.44
70,Zack Burdi\burdiza01,26,CHW,AL,0,0,,3.00,1,0,0,0,0,0,3.0,3,2,1,1,1,0,3,0,0,0,13,151,6.43,1.333,9.0,3.0,3.0,9.0,3.00
71,Corbin Burnes\burneco01,26,MIL,NL,2,2,.500,1.53,5,5,0,0,0,0,29.1,16,6,5,1,0,0,49,3,0,0,108,271,0.51,0.545,4.9,0.3,0.0,15.0,
72,Matt Bush\bushma01,35,TEX,AL,0,0,,9.00,3,0,1,0,0,0,3.0,4,3,3,3,1,0,4,0,0,0,14,53,14.43,1.667,12.0,9.0,3.0,12.0,4.00
73,Asdrubal Cabrera\cabreas01,35,ARI,NL,0,0,,0.00,2,0,1,0,0,0,1.1,1,0,0,0,0,0,0,0,0,0,4,,3.10,0.750,6.8,0.0,0.0,0.0,
74,Genesis Cabrera*\cabrege01,24,STL,NL,0,1,.000,3.07,15,0,1,0,0,0,14.2,9,6,5,1,7,0,16,2,0,2,63,125,3.64,1.091,5.5,0.6,4.3,9.8,2.29
75,Trevor Cahill\cahiltr01,33,PIT,NL,1,3,.250,7.40,5,5,0,0,0,0,24.1,29,21,20,3,8,0,24,0,0,1,109,56,3.71,1.521,10.7,1.1,3.0,8.9,3.00
76,Paul Campbell\campbpa02,25,MIA,NL,0,2,.000,8.74,5,1,0,0,0,0,11.1,19,14,11,1,6,0,13,2,0,2,61,48,4.07,2.206,15.1,0.8,4.8,10.3,2.17
77,Griffin Canning\cannigr01,25,LAA,AL,2,2,.500,6.20,5,4,0,0,0,0,20.1,20,15,14,6,7,0,26,0,0,1,88,70,5.41,1.328,8.9,2.7,3.1,11.5,3.71
78,Daniel Castano*\castada01,26,MIA,NL,0,1,.000,4.73,3,3,0,0,0,0,13.1,14,7,7,2,5,0,5,1,0,0,58,88,5.65,1.425,9.5,1.4,3.4,3.4,1.00
79,Ryan Castellani\castery01,25,COL,NL,0,0,,5.40,1,1,0,0,0,0,3.1,5,2,2,1,4,0,2,1,0,0,17,93,10.30,2.700,13.5,2.7,10.8,5.4,0.50
80,Diego Castillo\castidi01,27,TBR,AL,0,2,.000,3.14,14,0,10,0,0,7,14.1,10,5,5,2,6,1,20,0,0,1,58,123,3.38,1.116,6.3,1.3,3.8,12.6,3.33
81,Luis Castillo\castilu02,28,CIN,NL,1,3,.250,6.07,6,6,0,0,0,0,29.2,40,24,20,5,8,1,24,2,0,1,134,76,4.68,1.618,12.1,1.5,2.4,7.3,3.00
82,Anthony Castro\castran02,26,TOR,AL,0,0,,0.00,6,0,2,0,0,1,7.1,3,0,0,0,1,0,9,1,0,1,27,,1.46,0.545,3.7,0.0,1.2,11.0,9.00
83,Harold Castro\castrha01,27,DET,AL,0,0,,0.00,1,0,1,0,0,0,1.0,0,0,0,0,1,0,0,0,0,0,4,,6.10,1.000,0.0,0.0,9.0,0.0,0.00
84,Miguel Castro\castrmi01,26,NYM,NL,0,0,,3.27,11,1,2,0,0,0,11.0,11,5,4,1,4,0,19,0,0,2,48,121,1.92,1.364,9.0,0.8,3.3,15.5,4.75
85,Dylan Cease\ceasedy01,25,CHW,AL,2,0,1.000,2.37,6,6,0,1,1,0,30.1,22,8,8,2,15,0,40,0,1,2,125,172,2.80,1.220,6.5,0.6,4.5,11.9,2.67
86,Luis Cessa\cessalu01,29,NYY,AL,0,0,,1.35,10,0,4,0,0,0,13.1,6,5,2,0,8,1,17,0,0,0,54,298,2.35,1.050,4.1,0.0,5.4,11.5,2.13
87,Jhoulys Chacin\chacijh01,33,COL,NL,0,1,.000,5.84,6,0,0,0,0,0,12.1,15,8,8,3,7,0,7,0,0,0,57,81,6.83,1.784,10.9,2.2,5.1,5.1,1.00
88,Andrew Chafin*\chafian01,31,CHC,NL,0,1,.000,3.21,15,0,0,0,0,0,14.0,9,5,5,1,4,1,16,2,0,1,57,122,3.03,0.929,5.8,0.6,2.6,10.3,4.00
89,Aroldis Chapman*\chapmar01,33,NYY,AL,1,0,1.000,0.00,11,0,8,0,0,7,11.0,2,0,0,0,3,0,26,0,0,0,38,,-0.81,0.455,1.6,0.0,2.5,21.3,8.67
90,Tyler Chatwood\chatwty01,31,TOR,AL,0,0,,0.96,9,0,0,0,0,0,9.1,7,1,1,0,3,0,14,1,0,0,37,447,1.38,1.071,6.8,0.0,2.9,13.5,4.67
91,Adam Cimber\cimbead01,30,MIA,NL,0,0,,3.38,14,0,5,0,0,0,13.1,11,6,5,0,5,2,10,2,0,0,55,124,3.17,1.200,7.4,0.0,3.4,6.8,2.00
92,Steve Cishek\cishest01,35,LAA,AL,0,0,,5.23,12,0,1,0,0,0,10.1,12,10,6,0,9,1,12,0,1,3,53,85,3.39,2.032,10.5,0.0,7.8,10.5,1.33
93,Jose Cisnero\cisnejo01,32,DET,AL,0,1,.000,5.84,14,0,3,0,0,0,12.1,13,9,8,3,6,0,18,0,0,0,56,73,4.80,1.541,9.5,2.2,4.4,13.1,3.00
94,Aaron Civale\civalaa01,26,CLE,AL,4,0,1.000,3.20,6,6,0,0,0,0,39.1,29,15,14,5,12,0,28,2,1,1,154,132,4.39,1.042,6.6,1.1,2.7,6.4,2.33
95,Taylor Clarke\clarkta01,28,ARI,NL,1,0,1.000,5.17,12,0,4,0,0,0,15.2,17,10,9,3,4,0,15,0,0,0,66,82,4.44,1.340,9.8,1.7,2.3,8.6,3.75
96,Emmanuel Clase\claseem01,23,CLE,AL,2,1,.667,0.00,15,0,13,0,0,6,14.1,12,3,0,0,3,0,15,0,0,1,59,,1.63,1.047,7.5,0.0,1.9,9.4,5.00
97,Alex Claudio*\claudal01,29,LAA,AL,0,0,,4.09,12,0,4,0,0,0,11.0,13,6,5,0,2,0,13,0,0,0,49,108,1.28,1.364,10.6,0.0,1.6,10.6,6.50
98,Sam Clay*\claysa01,28,WSN,NL,0,0,,3.86,10,0,1,0,0,0,9.1,6,4,4,1,4,1,7,1,0,0,39,106,4.60,1.071,5.8,1.0,3.9,6.8,1.75
99,Garrett Cleavinger*\cleavga01,27,LAD,NL,0,3,.000,4.50,5,0,3,0,0,0,4.0,7,5,2,1,3,0,6,0,0,0,22,93,5.60,2.500,15.8,2.3,6.8,13.5,2.00
100,Alex Cobb\cobbal01,33,LAA,AL,1,2,.333,5.48,5,5,0,0,0,0,21.1,26,16,13,1,10,0,31,2,0,0,102,79,2.49,1.688,11.0,0.4,4.2,13.1,3.10
101,Kyle Cody\codyky01,26,TEX,AL,0,2,.000,7.94,7,0,2,0,0,0,11.1,16,11,10,3,2,0,14,3,0,1,55,55,5.39,1.588,12.7,2.4,1.6,11.1,7.00
102,Gerrit Cole\colege01,30,NYY,AL,4,1,.800,1.61,7,7,0,0,0,0,44.2,29,9,8,3,3,0,66,1,0,2,164,244,1.28,0.716,5.8,0.6,0.6,13.3,22.00
103,Alex Colome\colomal01,32,MIN,AL,1,3,.250,6.17,11,0,6,0,0,2,11.2,14,15,8,2,7,0,12,3,0,0,59,64,5.84,1.800,10.8,1.5,5.4,9.3,1.71
104,Sam Coonrod\coonrsa01,28,PHI,NL,0,0,,1.23,13,0,3,0,0,2,14.2,9,2,2,2,2,0,17,0,0,1,55,330,2.96,0.750,5.5,1.2,1.2,10.4,8.50
105,Patrick Corbin*\corbipa01,31,WSN,NL,1,3,.250,8.10,5,5,0,0,0,0,23.1,27,22,21,7,14,1,18,2,0,0,109,49,7.51,1.757,10.4,2.7,5.4,6.9,1.29
106,Stefan Crichton\crichst01,29,ARI,NL,0,0,,4.50,12,0,6,0,0,3,10.0,13,6,5,0,4,0,9,0,0,1,45,95,2.50,1.700,11.7,0.0,3.6,8.1,2.25
107,Kyle Crick\crickky01,28,PIT,NL,0,0,,0.00,11,0,1,0,0,0,11.0,1,0,0,0,5,0,10,1,0,2,38,,2.92,0.545,0.8,0.0,4.1,8.2,2.00
108,Nabil Crismatt\crismna01,26,SDP,NL,1,1,.500,3.12,4,0,0,0,0,0,8.2,12,4,3,0,3,1,9,1,0,2,41,123,2.40,1.731,12.5,0.0,3.1,9.3,3.00
109,Garrett Crochet*\crochga01,22,CHW,AL,0,2,.000,1.00,8,0,1,0,0,0,9.0,9,4,1,0,5,1,8,1,0,1,43,420,3.32,1.556,9.0,0.0,5.0,8.0,1.60
110,Jake Cronenworth\croneja01,27,SDP,NL,0,0,,0.00,1,0,1,0,0,0,0.2,1,0,0,0,0,0,1,0,0,0,3,,0.10,1.500,13.5,0.0,0.0,13.5,
111,Wil Crowe\crowewi01,26,PIT,NL,0,1,.000,4.66,3,2,0,0,0,0,9.2,8,5,5,1,8,0,7,1,0,2,44,91,5.79,1.655,7.4,0.9,7.4,6.5,0.88
112,Johnny Cueto\cuetojo01,35,SFG,NL,2,0,1.000,1.80,3,3,0,0,0,0,20.0,13,4,4,0,4,0,18,0,0,0,74,214,1.90,0.850,5.9,0.0,1.8,8.1,4.50
113,John Curtiss\curtijo02,28,MIA,NL,2,1,.667,1.84,13,0,3,0,0,0,14.2,12,3,3,2,0,0,18,0,0,0,55,226,2.42,0.818,7.4,1.2,0.0,11.0,
114,Yu Darvish\darviyu01,34,SDP,NL,3,1,.750,2.27,7,7,0,0,0,0,43.2,29,11,11,5,12,0,57,5,0,3,174,163,3.14,0.939,6.0,1.0,2.5,11.7,4.75
115,Zach Davies\davieza02,28,CHC,NL,1,2,.333,8.22,6,6,0,0,0,0,23.0,31,22,21,3,18,0,17,2,0,0,120,47,5.92,2.130,12.1,1.2,7.0,6.7,0.94
116,Wade Davis\daviswa01,35,KCR,AL,0,1,.000,7.59,11,0,9,0,0,1,10.2,10,9,9,2,5,0,11,0,0,2,46,59,4.88,1.406,8.4,1.7,4.2,9.3,2.20
117,Grant Dayton*\daytogr01,33,ATL,NL,0,0,,5.63,8,0,1,0,0,0,8.0,7,5,5,1,3,1,8,0,0,0,34,81,3.85,1.250,7.9,1.1,3.4,9.0,2.67
118,Brett de Geus\degeubr01,23,TEX,AL,0,0,,5.79,10,0,5,0,0,0,14.0,10,9,9,1,7,0,13,3,0,1,59,75,4.31,1.214,6.4,0.6,4.5,8.4,1.86
119,Jose De Leon\deleojo03,28,CIN,NL,0,1,.000,8.35,9,2,1,0,0,0,18.1,22,17,17,4,11,0,33,2,0,3,91,55,4.46,1.800,10.8,2.0,5.4,16.2,3.00
120,Enyel De Los Santos\delosen01,25,PHI,NL,0,0,,0.00,1,0,0,0,0,0,1.0,1,0,0,0,0,0,1,1,0,1,5,,4.10,1.000,9.0,0.0,0.0,9.0,
121,Jacob deGrom\degroja01,33,NYM,NL,2,2,.500,0.51,5,5,0,1,1,0,35.0,16,5,2,2,4,0,59,0,0,0,123,751,0.81,0.571,4.1,0.5,1.0,15.2,14.75
122,Anthony DeSclafani\desclan01,31,SFG,NL,2,1,.667,2.00,6,6,0,1,1,0,36.0,25,8,8,3,9,0,33,0,0,2,141,191,3.10,0.944,6.3,0.8,2.3,8.3,3.67
123,Ross Detwiler*\detwiro01,35,MIA,NL,0,0,,2.53,12,2,1,0,0,0,10.2,6,3,3,0,7,0,13,1,0,0,47,166,2.91,1.219,5.1,0.0,5.9,11.0,1.86
124,Chris Devenski\devench02,30,ARI,NL,1,0,1.000,7.20,5,0,2,0,0,1,5.0,6,4,4,2,0,0,4,1,0,0,22,62,7.30,1.200,10.8,3.6,0.0,7.2,
125,Edwin Diaz\diazed04,27,NYM,NL,1,1,.500,3.86,12,0,9,0,0,4,11.2,10,6,5,0,5,1,14,1,0,0,49,102,2.24,1.286,7.7,0.0,3.9,10.8,2.80
126,Miguel Diaz\diazmi02,26,SDP,NL,0,0,,0.00,1,1,0,0,0,0,3.0,1,0,0,0,2,0,3,0,0,0,12,,3.10,1.000,3.0,0.0,6.0,9.0,1.50
127,Jake Diekman*\diekmja01,34,OAK,AL,1,0,1.000,2.03,13,0,4,0,0,3,13.1,9,5,3,0,5,1,18,1,0,1,56,194,1.75,1.050,6.1,0.0,3.4,12.2,3.60
128,Randy Dobnak\dobnara01,26,MIN,AL,0,3,.000,8.16,7,0,3,0,0,1,14.1,18,14,13,4,3,0,11,0,0,0,64,48,5.82,1.465,11.3,2.5,1.9,6.9,3.67
129,Rafael Dolis\dolisra01,33,TOR,AL,1,0,1.000,2.84,14,0,9,0,0,3,12.2,3,4,4,1,8,0,13,2,0,0,50,150,4.44,0.868,2.1,0.7,5.7,9.2,1.63
130,Sean Doolittle*\doolise01,34,CIN,NL,2,0,1.000,3.97,13,0,5,0,0,1,11.1,11,5,5,1,6,1,15,0,0,0,49,118,3.19,1.500,8.7,0.8,4.8,11.9,2.50
131,Camilo Doval\dovalca01,23,SFG,NL,0,1,.000,8.10,8,0,2,0,0,0,6.2,6,6,6,3,3,1,7,0,0,0,28,50,8.20,1.350,8.1,4.1,4.1,9.5,2.33
132,Tyler Duffey\duffety01,30,MIN,AL,0,1,.000,2.53,12,0,0,0,0,0,10.2,8,4,3,1,8,0,9,0,0,2,45,157,4.88,1.500,6.8,0.8,6.8,7.6,1.13
133,Danny Duffy*\duffyda01,32,KCR,AL,4,2,.667,1.26,6,6,0,0,0,0,35.2,28,7,5,2,10,0,40,0,0,1,143,345,2.42,1.065,7.1,0.5,2.5,10.1,4.00
134,Matt Duffy\duffyma01,30,CHC,NL,0,0,,0.00,1,0,0,0,0,0,0.1,0,0,0,0,0,0,0,0,0,0,1,,3.10,0.000,0.0,0.0,0.0,0.0,
135,Robert Dugger\duggero01,25,SEA,AL,0,0,,3.00,3,0,2,0,0,0,6.0,6,2,2,1,1,0,5,0,0,0,25,139,4.10,1.167,9.0,1.5,1.5,7.5,5.00
136,Justin Dunn\dunnju01,25,SEA,AL,1,0,1.000,3.51,5,5,0,0,0,0,25.2,16,10,10,3,17,0,22,2,0,0,111,113,5.12,1.286,5.6,1.1,6.0,7.7,1.29
137,Dane Dunning\dunnida01,26,TEX,AL,1,2,.333,3.81,6,6,0,0,0,0,28.1,27,13,12,1,7,0,29,0,0,4,118,112,2.25,1.200,8.6,0.3,2.2,9.2,4.14
138,Zach Eflin\eflinza01,27,PHI,NL,1,1,.500,3.49,6,6,0,0,0,0,38.2,43,15,15,3,2,1,34,0,0,2,157,114,2.50,1.164,10.0,0.7,0.5,7.9,17.00
139,Seth Elledge\elledse01,25,STL,NL,0,0,,0.00,2,0,0,0,0,0,2.1,3,0,0,0,0,0,2,0,0,0,10,,1.38,1.286,11.6,0.0,0.0,7.7,
140,Kent Emanuel*\emanuke01,29,HOU,AL,1,0,1.000,1.69,3,0,2,0,0,0,10.2,6,2,2,2,0,0,9,1,0,0,37,250,4.13,0.563,5.1,1.7,0.0,7.6,
141,Nathan Eovaldi\eovalna01,31,BOS,AL,4,2,.667,4.62,7,7,0,0,0,0,39.0,40,20,20,0,8,0,37,3,0,3,165,94,2.05,1.231,9.2,0.0,1.8,8.5,4.63
142,Paolo Espino\espinpa01,34,WSN,NL,0,1,.000,1.93,5,1,4,0,0,0,9.1,5,2,2,2,1,0,5,0,0,0,33,213,5.13,0.643,4.8,1.9,1.0,4.8,5.00
143,Carlos Estevez\estevca01,28,COL,NL,0,0,,3.60,10,0,2,0,0,1,10.0,10,5,4,1,4,0,10,0,0,1,42,132,3.60,1.400,9.0,0.9,3.6,9.0,2.50
144,Phillip Evans\evansph01,28,PIT,NL,0,0,,0.00,1,0,1,0,0,0,1.0,0,0,0,0,0,0,0,0,0,0,3,,3.10,0.000,0.0,0.0,0.0,0.0,
145,Pete Fairbanks\fairbpe01,27,TBR,AL,0,0,,3.38,3,0,0,0,0,0,2.2,3,1,1,0,2,0,2,0,0,0,12,128,3.85,1.875,10.1,0.0,6.8,6.8,1.00
146,Bailey Falter*\falteba01,24,PHI,NL,0,0,,9.00,1,0,1,0,0,0,2.0,4,2,2,1,0,0,2,0,0,0,9,52,7.60,2.000,18.0,4.5,0.0,9.0,
147,Jeurys Familia\familje01,31,NYM,NL,0,0,,1.13,10,0,6,0,0,1,8.0,8,2,1,0,4,0,8,0,0,0,36,357,2.60,1.500,9.0,0.0,4.5,9.0,2.00
148,Buck Farmer\farmebu01,30,DET,AL,0,0,,12.66,12,0,0,0,0,0,10.2,15,15,15,6,9,0,10,0,0,1,56,34,11.07,2.250,12.7,5.1,7.6,8.4,1.11
149,Luke Farrell\farrelu01,30,MIN,AL,0,0,,0.00,1,0,0,0,0,0,1.0,0,0,0,0,2,0,1,0,0,0,5,,7.10,2.000,0.0,0.0,18.0,9.0,0.50
150,Erick Fedde\feddeer01,28,WSN,NL,2,3,.400,5.27,6,6,0,0,0,0,27.1,23,17,16,4,13,4,28,1,0,0,119,76,4.49,1.317,7.6,1.3,4.3,9.2,2.15
151,Michael Feliz\felizmi01,28,PIT,NL,0,0,,3.18,6,0,2,0,0,0,5.2,7,3,2,0,1,0,7,0,0,1,25,136,1.16,1.412,11.1,0.0,1.6,11.1,7.00
152,J.P. Feyereisen\feyerjo01,28,MIL,NL,0,1,.000,0.00,16,0,4,0,0,0,15.0,4,2,0,0,7,0,16,0,0,0,54,,2.36,0.733,2.4,0.0,4.2,9.6,2.29
153,Mike Fiers\fiersmi01,36,OAK,AL,0,2,.000,7.71,2,2,0,0,0,0,9.1,15,8,8,4,4,0,5,0,0,0,45,52,8.88,2.036,14.5,3.9,3.9,4.8,1.25
154,Kyle Finnegan\finneky01,29,WSN,NL,1,0,1.000,3.55,13,0,0,0,0,0,12.2,11,5,5,3,5,0,17,0,0,1,54,114,4.68,1.263,7.8,2.1,3.6,12.1,3.40
155,Jay Flaa\flaaja01,29,BAL,AL,0,0,,0.00,1,0,1,0,0,0,1.1,0,0,0,0,2,0,1,0,0,0,5,,6.10,1.500,0.0,0.0,13.5,6.8,0.50
156,Jack Flaherty\flaheja01,25,STL,NL,5,0,1.000,3.41,6,6,0,0,0,0,34.1,25,16,13,3,10,0,36,3,0,2,139,111,3.27,1.019,6.6,0.8,2.6,9.4,3.60
157,Josh Fleming*\flemijo01,25,TBR,AL,2,3,.400,2.81,5,3,0,0,0,0,25.2,19,8,8,2,10,1,15,1,0,0,103,136,4.23,1.130,6.7,0.7,3.5,5.3,1.50
158,Aaron Fletcher*\fletcaa01,25,SEA,AL,0,0,,27.00,1,0,0,0,0,0,1.0,3,3,3,1,0,0,0,0,0,0,6,20,16.10,3.000,27.0,9.0,0.0,0.0,
159,Chris Flexen\flexech01,26,SEA,AL,2,1,.667,3.33,5,5,0,0,0,0,27.0,30,11,10,2,6,0,21,1,0,0,114,119,3.28,1.333,10.0,0.7,2.0,7.0,3.50
160,Bernardo Flores Jr.*\florebe01,25,STL,NL,0,0,,inf,1,0,0,0,0,0,0.0,1,1,1,0,2,0,0,0,0,0,3,17,,,,,,,0.00
161,Dylan Floro\florody01,30,MIA,NL,2,1,.667,1.23,16,0,2,0,0,0,14.2,8,3,2,0,4,0,15,0,0,0,57,339,1.87,0.818,4.9,0.0,2.5,9.2,3.75
162,Mike Foltynewicz\foltymi01,29,TEX,AL,1,3,.250,4.32,6,6,0,0,0,0,33.1,35,16,16,9,8,0,31,1,0,1,139,99,5.56,1.290,9.5,2.4,2.2,8.4,3.88
163,Matt Foster\fostema01,26,CHW,AL,1,1,.500,9.72,10,0,5,0,0,0,8.1,8,9,9,2,3,0,14,1,0,0,37,43,4.30,1.320,8.6,2.2,3.2,15.1,4.67
164,Max Fried*\friedma01,27,ATL,NL,1,1,.500,8.44,4,4,0,0,0,0,16.0,27,16,15,4,6,0,20,3,0,0,83,53,5.53,2.063,15.2,2.3,3.4,11.3,3.33
165,Paul Fry*\frypa01,28,BAL,AL,0,0,,1.50,14,0,2,0,0,1,12.0,8,2,2,0,5,0,19,0,0,0,47,285,1.18,1.083,6.0,0.0,3.8,14.3,3.80
166,Josh Fuentes\fuentjo01,28,COL,NL,0,0,,0.00,1,0,1,0,0,0,1.0,1,0,0,0,0,0,0,0,0,0,4,,3.10,1.000,9.0,0.0,0.0,0.0,
167,Carson Fulmer\fulmeca01,27,CIN,NL,0,0,,4.24,14,0,3,0,0,0,17.0,13,8,8,1,7,0,16,2,0,1,71,109,3.57,1.176,6.9,0.5,3.7,8.5,2.29
168,Michael Fulmer\fulmemi01,28,DET,AL,1,2,.333,4.43,9,4,2,0,0,1,22.1,20,13,11,3,7,0,21,0,0,1,96,95,3.90,1.209,8.1,1.2,2.8,8.5,3.00
169,Kyle Funkhouser\funkhky01,27,DET,AL,0,0,,0.00,1,0,0,0,0,0,2.0,1,1,0,0,1,0,1,0,0,1,9,,3.60,1.000,4.5,0.0,4.5,4.5,1.00
170,Giovanny Gallegos\gallegi01,29,STL,NL,2,1,.667,2.04,15,0,1,0,0,1,17.2,6,4,4,1,4,1,23,2,0,2,64,188,2.25,0.566,3.1,0.5,2.0,11.7,5.75
171,Zac Gallen\galleza01,25,ARI,NL,1,1,.500,3.48,4,4,0,1,1,0,20.2,14,8,8,1,10,0,27,2,0,1,89,121,2.86,1.161,6.1,0.4,4.4,11.8,2.70
172,John Gant\gantjo01,28,STL,NL,2,3,.400,2.15,6,6,0,0,0,0,29.1,26,9,7,1,24,1,25,1,0,0,134,177,4.39,1.705,8.0,0.3,7.4,7.7,1.04
173,Bryan Garcia\garcibr01,26,DET,AL,0,0,,5.56,11,0,2,0,0,2,11.1,9,7,7,2,7,0,10,0,0,4,50,77,5.48,1.412,7.1,1.6,5.6,7.9,1.43
174,Deivi Garcia\garcide01,22,NYY,AL,0,1,.000,4.50,1,1,0,0,0,0,4.0,3,2,2,1,3,0,4,0,0,0,18,95,6.60,1.500,6.8,2.3,6.8,9.0,1.33
175,Jarlin Garcia*\garcija04,28,SFG,NL,0,1,.000,8.53,5,0,2,0,0,0,6.1,4,7,6,2,5,0,9,1,0,0,28,47,7.20,1.421,5.7,2.8,7.1,12.8,1.80
176,Luis Garcia\garcilu05,24,HOU,AL,0,3,.000,3.28,6,4,1,0,0,0,24.2,16,9,9,4,9,1,28,3,0,0,100,126,4.39,1.014,5.8,1.5,3.3,10.2,3.11
177,Yimi Garcia\garciyi01,30,MIA,NL,2,2,.500,2.03,14,0,10,0,0,5,13.1,10,5,3,3,3,0,11,0,0,0,52,206,5.05,0.975,6.8,2.0,2.0,7.4,3.67
178,Amir Garrett*\garream01,29,CIN,NL,0,1,.000,10.38,11,0,4,0,0,2,8.2,10,10,10,4,8,2,7,0,0,1,42,45,10.25,2.077,10.4,4.2,8.3,7.3,0.88
179,Kevin Gausman\gausmke01,30,SFG,NL,2,0,1.000,2.04,6,6,0,0,0,0,39.2,25,9,9,4,11,0,40,0,0,1,155,187,3.22,0.908,5.7,0.9,2.5,9.1,3.64
180,Domingo German\germado01,28,NYY,AL,2,2,.500,4.32,5,5,0,0,0,0,25.0,26,13,12,6,5,0,25,0,0,1,107,92,4.82,1.240,9.4,2.2,1.8,9.0,5.00
181,Kyle Gibson\gibsoky01,33,TEX,AL,3,0,1.000,2.40,7,7,0,0,0,0,41.1,30,12,11,2,13,0,35,1,0,1,164,178,3.05,1.040,6.5,0.4,2.8,7.6,2.69
182,Lucas Gilbreath*\gilbrlu01,25,COL,NL,0,0,,9.00,2,0,1,0,0,0,3.0,4,3,3,2,1,0,3,0,0,0,13,57,10.76,1.667,12.0,6.0,3.0,9.0,3.00
183,Kevin Ginkel\ginkeke01,27,ARI,NL,0,1,.000,3.97,14,0,0,0,0,0,11.1,13,8,5,3,4,0,13,0,0,0,50,108,5.30,1.500,10.3,2.4,3.2,10.3,3.25
184,Lucas Giolito\giolilu01,26,CHW,AL,1,3,.250,4.99,6,6,0,0,0,0,30.2,27,19,17,6,13,0,41,0,0,1,134,82,4.24,1.304,7.9,1.8,3.8,12.0,3.15
185,Mychal Givens\givenmy01,31,COL,NL,1,1,.500,3.09,12,0,3,0,0,0,11.2,10,5,4,3,3,1,13,1,0,1,48,153,5.24,1.114,7.7,2.3,2.3,10.0,4.33
186,Tyler Glasnow\glasnty01,27,TBR,AL,4,1,.800,2.06,7,7,0,0,0,0,43.2,23,10,10,4,15,0,64,0,0,4,167,183,2.39,0.870,4.7,0.8,3.1,13.2,4.27
187,Zack Godley\godleza01,31,MIL,NL,0,1,.000,9.00,1,1,0,0,0,0,3.0,1,4,3,0,5,0,5,1,1,2,17,51,5.76,2.000,3.0,0.0,15.0,15.0,1.00
188,Austin Gomber*\gombeau01,27,COL,NL,2,3,.400,5.90,6,6,0,0,0,0,29.0,22,23,19,3,20,2,27,0,0,1,128,79,4.65,1.448,6.8,0.9,6.2,8.4,1.35
189,Marco Gonzales*\gonzama02,29,SEA,AL,1,3,.250,5.40,5,5,0,0,0,0,28.1,27,17,17,6,11,1,23,1,0,0,121,73,5.50,1.341,8.6,1.9,3.5,7.3,2.09
190,Chi Chi Gonzalez\gonzach01,29,COL,NL,1,0,1.000,4.38,6,4,0,0,0,0,24.2,27,12,12,2,9,0,14,0,0,1,105,106,4.11,1.459,9.9,0.7,3.3,5.1,1.56
191,Victor Gonzalez*\gonzavi02,25,LAD,NL,0,0,,1.69,14,0,2,0,0,1,10.2,8,2,2,0,7,0,9,0,0,1,46,233,3.38,1.406,6.8,0.0,5.9,7.6,1.29
192,Brusdar Graterol\gratebr01,22,LAD,NL,0,0,,20.25,3,0,0,0,0,0,1.1,3,3,3,0,2,0,1,0,0,0,9,24,6.10,3.750,20.3,0.0,13.5,6.8,0.50
193,Kendall Graveman\graveke01,30,SEA,AL,1,0,1.000,0.00,11,0,3,0,0,3,13.1,3,0,0,0,3,0,13,1,0,1,45,,2.05,0.450,2.0,0.0,2.0,8.8,4.33
194,Jon Gray\grayjo02,29,COL,NL,4,2,.667,3.12,7,7,0,0,0,0,40.1,32,15,14,4,16,0,38,0,0,0,167,148,3.69,1.190,7.1,0.9,3.6,8.5,2.38
195,Sonny Gray\grayso01,31,CIN,NL,0,2,.000,3.92,4,4,0,0,0,0,20.2,18,9,9,3,10,1,31,1,0,2,90,118,3.58,1.355,7.8,1.3,4.4,13.5,3.10
196,Chad Green\greench03,30,NYY,AL,0,3,.000,2.50,15,0,4,0,0,1,18.0,11,7,5,3,3,0,19,0,0,0,64,160,3.65,0.778,5.5,1.5,1.5,9.5,6.33
197,Zack Greinke\greinza01,37,HOU,AL,2,1,.667,3.76,7,7,0,0,0,0,40.2,39,17,17,6,10,0,31,1,0,2,165,109,4.30,1.205,8.6,1.3,2.2,6.9,3.10
198,Robert Gsellman\gsellro01,27,NYM,NL,0,0,,3.12,6,0,0,0,0,0,8.2,7,5,3,0,2,0,5,0,0,0,35,128,2.64,1.038,7.3,0.0,2.1,5.2,2.50
199,Reymin Guduan*\guduare01,29,OAK,AL,0,0,,10.57,6,0,3,0,0,0,7.2,13,9,9,1,4,0,3,0,0,5,39,38,5.58,2.217,15.3,1.2,4.7,3.5,0.75
200,Deolis Guerra\guerrde01,32,OAK,AL,1,0,1.000,3.21,10,0,3,0,0,0,14.0,8,9,5,2,6,0,15,0,0,1,57,122,4.10,1.000,5.1,1.3,3.9,9.6,2.50
201,Junior Guerra\guerrju02,36,LAA,AL,2,1,.667,5.21,11,0,2,0,0,0,19.0,14,12,11,2,9,0,16,0,1,5,82,83,4.20,1.211,6.6,0.9,4.3,7.6,1.78
202,Luis Guillorme\guilllu01,26,NYM,NL,0,0,,18.00,1,0,1,0,0,0,1.0,3,2,2,0,1,0,0,0,0,0,7,30,6.10,4.000,27.0,0.0,9.0,0.0,0.00
203,Josh Hader*\haderjo01,27,MIL,NL,2,0,1.000,0.84,11,0,8,0,0,7,10.2,3,1,1,0,5,0,19,0,1,3,40,503,0.94,0.750,2.5,0.0,4.2,16.0,3.80
204,Jesse Hahn\hahnje01,31,KCR,AL,0,0,,13.50,5,0,1,0,0,1,3.1,5,5,5,2,4,0,3,1,0,1,19,35,13.60,2.700,13.5,5.4,10.8,8.1,0.75
205,David Hale\haleda02,33,PHI,NL,0,1,.000,6.57,9,0,4,0,0,0,12.1,13,10,9,3,5,1,8,1,0,1,55,62,6.42,1.459,9.5,2.2,3.6,5.8,1.60
206,Brad Hand*\handbr01,31,WSN,NL,2,0,1.000,0.00,9,0,9,0,0,3,10.0,4,1,0,0,4,1,8,2,0,0,38,,3.30,0.800,3.6,0.0,3.6,7.2,2.00
207,J.A. Happ*\happja01,38,MIN,AL,2,0,1.000,1.91,5,5,0,0,0,0,28.1,16,6,6,2,8,0,16,1,0,0,109,203,3.84,0.847,5.1,0.6,2.5,5.1,2.00
208,Ryne Harper\harpery01,32,WSN,NL,0,0,,3.00,2,0,0,0,0,0,3.0,2,1,1,0,1,0,2,0,0,0,12,148,2.76,1.000,6.0,0.0,3.0,6.0,2.00
209,Will Harris\harriwi10,36,WSN,NL,0,0,,0.00,1,0,0,0,0,0,1.0,0,0,0,0,1,0,2,0,0,0,5,,2.10,1.000,0.0,0.0,9.0,18.0,2.00
210,Matt Harvey\harvema01,32,BAL,AL,3,1,.750,4.06,6,6,0,0,0,0,31.0,31,14,14,2,9,0,22,1,0,0,134,103,3.48,1.290,9.0,0.6,2.6,6.4,2.44
211,Louis Head\headlo01,31,TBR,AL,0,0,,6.75,3,0,1,0,0,0,4.0,4,3,3,0,2,0,1,0,0,1,17,61,4.10,1.500,9.0,0.0,4.5,2.3,0.50
212,Andrew Heaney*\heanean01,30,LAA,AL,1,2,.333,4.11,6,6,0,0,0,0,30.2,22,14,14,4,10,0,44,1,0,1,121,105,3.00,1.043,6.5,1.2,2.9,12.9,4.40
213,Taylor Hearn*\hearnta01,26,TEX,AL,1,1,.500,5.28,10,0,2,0,0,0,15.1,16,9,9,4,11,0,20,0,0,2,73,82,6.03,1.761,9.4,2.3,6.5,11.7,1.82
214,Ryan Helsley\helslry01,26,STL,NL,3,0,1.000,3.86,14,0,1,0,0,0,14.0,12,6,6,0,8,0,15,0,0,1,60,100,2.67,1.429,7.7,0.0,5.1,9.6,1.88
215,Heath Hembree\hembrhe01,32,CIN,NL,0,0,,0.00,5,0,1,0,0,0,5.2,0,0,0,0,2,0,7,0,0,0,19,,1.69,0.353,0.0,0.0,3.2,11.1,3.50
216,Kyle Hendricks\hendrky01,31,CHC,NL,2,3,.400,6.07,6,6,0,1,0,0,29.2,39,20,20,11,9,0,27,3,0,0,138,64,7.31,1.618,11.8,3.3,2.7,8.2,3.00
217,Liam Hendriks\hendrli01,32,CHW,AL,1,1,.500,3.86,12,0,9,0,0,5,11.2,9,6,5,4,1,0,19,0,0,0,45,108,4.55,0.857,6.9,3.1,0.8,14.7,19.00
218,Ryan Hendrix\hendrry01,26,CIN,NL,2,0,1.000,0.00,5,0,2,0,0,0,3.0,0,0,0,0,3,0,5,0,0,0,12,,2.76,1.000,0.0,0.0,9.0,15.0,1.67
219,Sam Hentges*\hentgsa01,24,CLE,AL,1,0,1.000,5.00,4,0,0,0,0,0,9.0,14,6,5,4,2,0,8,0,0,2,42,87,7.76,1.778,14.0,4.0,2.0,8.0,4.00
220,Carlos Hernandez\hernaca04,24,KCR,AL,1,0,1.000,10.80,3,0,0,0,0,0,3.1,6,4,4,0,5,1,5,0,0,2,20,44,4.60,3.300,16.2,0.0,13.5,13.5,1.00
221,Darwinzon Hernandez*\hernada02,24,BOS,AL,0,1,.000,3.18,13,0,2,0,0,0,11.1,10,6,4,1,10,0,16,0,0,2,55,140,4.07,1.765,7.9,0.8,7.9,12.7,1.60
222,Elieser Hernandez\hernael01,26,MIA,NL,0,0,,7.71,1,1,0,0,0,0,2.1,2,2,2,1,0,0,3,0,0,0,9,61,6.10,0.857,7.7,3.9,0.0,11.6,
223,Codi Heuer\heuerco01,24,CHW,AL,2,1,.667,6.08,11,0,1,0,0,0,13.1,21,9,9,3,1,0,16,0,0,0,58,68,3.85,1.650,14.2,2.0,0.7,10.8,16.00
224,Jordan Hicks\hicksjo03,24,STL,NL,0,0,,5.40,10,0,1,0,0,0,10.0,5,6,6,0,10,0,10,0,0,3,44,72,4.10,1.500,4.5,0.0,9.0,9.0,1.00
225,Trevor Hildenberger\hildetr01,30,NYM,NL,0,0,,15.43,2,0,1,0,0,0,2.1,3,4,4,1,3,0,4,1,0,1,14,29,10.38,2.571,11.6,3.9,11.6,15.4,1.33
226,Rich Hill*\hillri01,41,TBR,AL,1,1,.500,6.39,6,6,0,0,0,0,25.1,23,18,18,5,8,0,28,2,0,0,106,59,4.64,1.224,8.2,1.8,2.8,9.9,3.50
227,Tim Hill*\hillti01,31,SDP,NL,2,2,.500,1.23,17,0,1,0,0,0,14.2,10,9,2,3,4,3,19,1,0,0,61,307,4.19,0.955,6.1,1.8,2.5,11.7,4.75
228,Jeff Hoffman\hoffmje02,28,CIN,NL,2,2,.500,4.39,6,6,0,0,0,0,26.2,26,14,13,4,13,1,23,1,0,2,116,105,4.90,1.463,8.8,1.4,4.4,7.8,1.77
229,Derek Holland*\hollade01,34,DET,AL,0,1,.000,13.00,8,1,4,0,0,0,9.0,16,13,13,2,6,0,9,0,0,0,51,33,5.99,2.444,16.0,2.0,6.0,9.0,1.50
230,Greg Holland\hollagr01,35,KCR,AL,2,1,.667,4.09,12,0,4,0,0,2,11.0,12,6,5,3,8,0,12,0,0,1,53,109,6.64,1.818,9.8,2.5,6.5,9.8,1.50
231,Jordan Holloway\hollojo01,25,MIA,NL,1,0,1.000,0.00,5,0,2,0,0,0,10.0,4,0,0,0,3,0,10,0,0,0,37,,2.00,0.700,3.6,0.0,2.7,9.0,3.33
232,Clay Holmes\holmecl01,28,PIT,NL,1,0,1.000,4.60,14,0,4,0,0,0,15.2,13,9,8,1,5,0,14,3,0,1,67,91,3.67,1.149,7.5,0.6,2.9,8.0,2.80
233,Brent Honeywell Jr.\honeybr01,26,TBR,AL,0,0,,8.31,3,2,0,0,0,0,4.1,5,4,4,2,3,0,4,0,0,0,21,49,9.33,1.846,10.4,4.2,6.2,8.3,1.33
234,Tanner Houck\houckta01,25,BOS,AL,0,2,.000,4.35,3,2,0,0,0,0,10.1,14,7,5,1,1,0,12,0,0,1,45,102,2.32,1.452,12.2,0.9,0.9,10.5,12.00
235,Adrian Houser\housead01,28,MIL,NL,2,3,.400,3.52,6,6,0,0,0,0,30.2,29,15,12,4,11,0,21,0,0,3,125,118,4.50,1.304,8.5,1.2,3.2,6.2,1.91
236,Sam Howard*\howarsa01,28,PIT,NL,2,1,.667,3.27,15,0,1,0,0,0,11.0,5,4,4,2,6,0,15,0,0,1,43,128,4.37,1.000,4.1,1.6,4.9,12.3,2.50
237,Spencer Howard\howarsp01,24,PHI,NL,0,0,,8.31,3,0,1,0,0,0,4.1,6,4,4,0,2,0,8,0,0,0,21,52,0.79,1.846,12.5,0.0,4.2,16.6,4.00
238,James Hoyt\hoytja01,34,LAA,AL,0,0,,0.00,2,0,1,0,0,0,1.2,1,0,0,0,3,0,2,0,0,0,9,,6.10,2.400,5.4,0.0,16.2,10.8,0.67
239,Daniel Hudson\hudsoda01,34,WSN,NL,2,0,1.000,2.00,9,0,1,0,0,0,9.0,4,2,2,2,4,0,10,0,0,0,35,206,5.10,0.889,4.0,2.0,4.0,10.0,2.50
240,Raisel Iglesias\iglesra01,31,LAA,AL,1,2,.333,7.20,11,0,10,0,0,4,10.0,12,10,8,3,1,0,13,1,0,0,43,61,5.00,1.300,10.8,2.7,0.9,11.7,13.00
241,Cole Irvin*\irvinco01,27,OAK,AL,3,3,.500,3.09,6,6,0,0,0,0,35.0,34,12,12,3,5,0,34,3,0,2,144,125,2.95,1.114,8.7,0.8,1.3,8.7,6.80
242,Luke Jackson\jackslu01,29,ATL,NL,1,0,1.000,1.64,12,0,1,0,0,0,11.0,9,2,2,1,8,1,8,0,1,1,48,276,5.01,1.545,7.4,0.8,6.5,6.5,1.00
243,Kenley Jansen\janseke01,33,LAD,NL,0,1,.000,2.03,12,0,7,0,0,5,13.1,3,5,3,1,13,2,13,0,0,2,54,192,5.05,1.200,2.0,0.7,8.8,8.8,1.00
244,Cristian Javier\javiecr01,24,HOU,AL,3,0,1.000,1.75,5,5,0,0,0,0,25.2,15,5,5,1,8,0,30,3,0,1,100,235,2.55,0.896,5.3,0.4,2.8,10.5,3.75
245,Joe Jimenez\jimenjo02,26,DET,AL,0,0,,45.00,2,0,0,0,0,0,1.0,0,5,5,0,7,0,2,0,0,1,10,13,20.10,7.000,0.0,0.0,63.0,18.0,0.29
246,Pierce Johnson\johnspi01,30,SDP,NL,0,1,.000,4.32,10,0,1,0,0,0,8.1,7,4,4,0,3,0,11,0,0,0,33,89,1.54,1.200,7.6,0.0,3.2,11.9,3.67
247,Nate Jones\jonesna01,35,ATL,NL,0,2,.000,3.48,12,0,4,0,0,0,10.1,8,6,4,3,10,4,7,1,0,1,50,130,8.71,1.742,7.0,2.6,8.7,6.1,0.70
248,Jakob Junis\junisja01,28,KCR,AL,1,2,.333,5.19,8,4,0,0,0,0,26.0,25,15,15,4,8,0,29,0,0,2,108,84,3.79,1.269,8.7,1.4,2.8,10.0,3.63
249,James Karinchak\karinja01,25,CLE,AL,0,0,,0.60,16,0,6,0,0,3,15.0,3,1,1,1,3,0,30,1,0,0,53,715,0.76,0.400,1.8,0.6,1.8,18.0,10.00
250,Anthony Kay*\kayan01,26,TOR,AL,0,2,.000,9.82,2,2,0,0,0,0,7.1,10,9,8,1,2,0,7,1,0,0,34,44,4.19,1.636,12.3,1.2,2.5,8.6,3.50
251,Keone Kela\kelake01,28,SDP,NL,2,1,.667,4.22,11,0,2,0,0,0,10.2,10,7,5,2,3,0,13,0,0,2,47,90,3.94,1.219,8.4,1.7,2.5,11.0,4.33
252,Brad Keller\kellebr01,25,KCR,AL,2,3,.400,8.06,6,6,0,0,0,0,22.1,36,25,20,4,12,1,16,3,0,3,118,54,6.01,2.149,14.5,1.6,4.8,6.4,1.33
253,Mitch Keller\kellemi03,25,PIT,NL,2,3,.400,6.29,6,6,0,0,0,0,24.1,26,17,17,3,15,0,24,0,0,2,113,66,4.58,1.685,9.6,1.1,5.5,8.9,1.60
254,Merrill Kelly\kellyme01,32,ARI,NL,2,2,.500,5.79,6,6,0,0,0,0,32.2,39,22,21,5,9,1,24,1,0,0,145,72,4.54,1.469,10.7,1.4,2.5,6.6,2.67
255,Ian Kennedy\kenneia01,36,TEX,AL,0,0,,1.93,14,0,13,0,0,9,14.0,10,3,3,2,1,0,20,0,0,0,52,225,2.31,0.786,6.4,1.3,0.6,12.9,20.00
256,Clayton Kershaw*\kershcl01,33,LAD,NL,4,3,.571,2.95,7,7,0,0,0,0,39.2,34,14,13,3,7,0,41,0,0,2,159,129,2.54,1.034,7.7,0.7,1.6,9.3,5.86
257,Dallas Keuchel*\keuchda01,33,CHW,AL,1,1,.500,3.79,7,7,0,0,0,0,38.0,32,18,16,3,14,0,17,2,0,0,156,107,4.49,1.211,7.6,0.7,3.3,4.0,1.21
258,Mike Kickham*\kickhmi01,32,LAD,NL,0,0,,13.50,1,0,1,0,0,0,2.0,5,3,3,1,1,0,2,1,0,0,12,34,10.60,3.000,22.5,4.5,4.5,9.0,2.00
259,Yusei Kikuchi*\kikucyu01,30,SEA,AL,1,2,.333,4.30,6,6,0,0,0,0,37.2,29,18,18,6,12,0,34,1,0,1,150,92,4.40,1.088,6.9,1.4,2.9,8.1,2.83
260,Kwang Hyun Kim*\kimkw01,32,STL,NL,1,0,1.000,3.06,4,4,0,0,0,0,17.2,19,6,6,1,4,0,18,1,0,0,76,125,2.64,1.302,9.7,0.5,2.0,9.2,4.50
261,Craig Kimbrel\kimbrcr01,33,CHC,NL,0,1,.000,0.69,13,0,9,0,0,5,13.0,5,2,1,1,6,0,21,0,0,1,50,569,2.25,0.846,3.5,0.7,4.2,14.5,3.50
262,John King*\kingjo01,26,TEX,AL,3,1,.750,1.13,11,0,3,0,0,0,16.0,18,5,2,0,2,1,11,1,0,0,67,384,2.28,1.250,10.1,0.0,1.1,6.2,5.50
263,Michael King\kingmi01,26,NYY,AL,0,0,,0.00,3,0,2,0,0,0,11.0,4,0,0,0,4,0,9,1,0,0,42,,2.82,0.727,3.3,0.0,3.3,7.4,2.25
264,Tyler Kinley\kinlety01,30,COL,NL,0,0,,4.85,12,0,1,0,0,0,13.0,12,7,7,2,9,0,15,1,0,1,58,97,5.10,1.615,8.3,1.4,6.2,10.4,1.67
265,Brandon Kintzler\kintzbr01,36,PHI,NL,2,1,.667,6.97,10,0,1,0,0,0,10.1,13,9,8,3,1,0,8,0,0,0,44,59,5.61,1.355,11.3,2.6,0.9,7.0,8.00
266,Andrew Kittredge\kittran01,31,TBR,AL,3,0,1.000,1.32,10,2,1,0,0,1,13.2,7,2,2,1,4,1,9,1,0,0,53,293,3.83,0.805,4.6,0.7,2.6,5.9,2.25
267,Corey Kluber\klubeco01,35,NYY,AL,2,2,.500,3.03,6,6,0,0,0,0,29.2,26,13,10,3,14,0,29,3,0,3,128,130,4.18,1.348,7.9,0.9,4.2,8.8,2.07
268,Corey Knebel\knebeco01,29,LAD,NL,1,0,1.000,4.50,8,0,2,0,0,2,6.0,3,3,3,0,3,0,9,0,0,0,24,90,1.60,1.000,4.5,0.0,4.5,13.5,3.00
269,Adam Kolarek*\kolarad01,32,OAK,AL,0,0,,6.43,10,0,2,0,0,0,7.0,10,6,5,2,2,0,3,1,0,1,37,63,7.24,1.714,12.9,2.6,2.6,3.9,1.50
270,Michael Kopech\kopecmi01,25,CHW,AL,2,0,1.000,1.33,8,2,0,0,0,0,20.1,9,3,3,1,8,1,34,0,0,1,78,309,1.57,0.836,4.0,0.4,3.5,15.0,4.25
271,Dean Kremer\kremede01,25,BAL,AL,0,2,.000,6.43,5,5,0,0,0,0,21.0,26,15,15,5,8,0,22,0,0,1,94,66,5.24,1.619,11.1,2.1,3.4,9.4,2.75
272,Brooks Kriske\kriskbr01,27,NYY,AL,0,0,,9.00,1,0,1,0,0,0,1.0,1,1,1,1,2,0,1,0,0,0,6,60,20.10,3.000,9.0,9.0,18.0,9.0,0.50
273,Chad Kuhl\kuhlch01,28,PIT,NL,0,1,.000,6.32,4,4,0,0,0,0,15.2,12,14,11,4,16,0,14,2,0,1,76,66,8.08,1.787,6.9,2.3,9.2,8.0,0.88
274,Travis Lakins\lakintr01,27,BAL,AL,1,3,.250,5.19,11,0,2,0,0,0,8.2,5,6,5,1,8,0,5,0,0,3,38,83,6.21,1.500,5.2,1.0,8.3,5.2,0.63
275,Dinelson Lamet\lametdi01,28,SDP,NL,0,0,,0.00,2,2,0,0,0,0,4.0,5,0,0,0,1,0,4,0,0,1,17,,1.85,1.500,11.3,0.0,2.3,9.0,4.00
276,Alex Lange\langeal01,25,DET,AL,0,1,.000,7.27,10,0,1,0,0,0,8.2,13,9,7,4,3,0,13,0,0,4,42,59,7.14,1.846,13.5,4.2,3.1,13.5,4.33
277,Eric Lauer*\lauerer01,26,MIL,NL,1,1,.500,1.64,2,2,0,0,0,0,11.0,12,6,2,3,2,0,10,0,0,0,46,259,5.37,1.273,9.8,2.5,1.6,8.2,5.00
278,Justin Lawrence\lawreju01,26,COL,NL,0,0,,7.71,3,0,1,0,0,0,2.1,2,2,2,0,3,0,5,0,0,1,12,68,2.67,2.143,7.7,0.0,11.6,19.3,1.67
279,Wade LeBlanc*\leblawa01,36,BAL,AL,0,1,.000,9.45,6,1,3,0,0,0,6.2,11,7,7,1,1,0,6,1,0,2,33,46,4.15,1.800,14.9,1.4,1.4,8.1,6.00
280,Jon Lester*\lestejo01,37,WSN,NL,0,1,.000,2.70,2,2,0,0,0,0,10.0,9,3,3,0,4,2,6,0,0,0,41,152,3.10,1.300,8.1,0.0,3.6,5.4,1.50
281,Josh Lindblom\lindbjo01,34,MIL,NL,0,0,,10.97,5,0,2,0,0,0,10.2,17,13,13,4,7,0,9,3,0,1,59,39,9.10,2.250,14.3,3.4,5.9,7.6,1.29
282,Zack Littell\litteza01,25,SFG,NL,0,0,,0.00,3,0,0,0,0,0,2.1,0,0,0,0,3,0,2,0,0,0,10,,5.24,1.286,0.0,0.0,11.6,7.7,0.67
283,Jonathan Loaisiga\loaisjo01,26,NYY,AL,3,1,.750,0.98,14,0,2,0,0,1,18.1,11,3,2,1,3,0,18,2,0,1,69,406,2.66,0.764,5.4,0.5,1.5,8.8,6.00
284,Jorge Lopez\lopezjo02,28,BAL,AL,1,3,.250,6.49,6,6,0,0,0,0,26.1,25,19,19,7,11,0,25,2,0,2,115,65,6.13,1.367,8.5,2.4,3.8,8.5,2.27
285,Pablo Lopez\lopezpa01,25,MIA,NL,0,2,.000,2.04,7,7,0,0,0,0,39.2,31,11,9,3,12,1,40,2,0,2,160,201,3.12,1.084,7.0,0.7,2.7,9.1,3.33
286,Yoan López\lopezyo01,28,ARI,NL,0,0,,6.30,11,0,3,0,0,0,10.0,13,8,7,3,5,2,13,0,0,0,48,68,5.90,1.800,11.7,2.7,4.5,11.7,2.60
287,Aaron Loup*\loupaa01,33,NYM,NL,0,0,,0.00,8,0,1,0,0,0,6.2,5,2,0,0,1,0,8,1,0,0,25,,1.60,0.900,6.8,0.0,1.4,10.8,8.00
288,Zac Lowther*\lowthza01,25,BAL,AL,0,0,,0.00,1,0,1,0,0,0,1.0,1,0,0,0,0,0,1,0,0,0,4,,1.10,1.000,9.0,0.0,0.0,9.0,
289,Joey Lucchesi*\lucchjo01,28,NYM,NL,0,2,.000,10.13,4,3,1,0,0,0,10.2,14,12,12,2,3,0,12,1,0,0,49,39,4.41,1.594,11.8,1.7,2.5,10.1,4.00
290,Lucas Luetge*\luetglu01,34,NYY,AL,2,0,1.000,3.63,12,0,4,0,0,0,17.1,17,7,7,3,3,0,17,0,0,2,70,110,3.90,1.154,8.8,1.6,1.6,8.8,5.67
291,Jesus Luzardo*\luzarje01,23,OAK,AL,1,3,.250,5.79,6,6,0,0,0,0,28.0,33,21,18,5,12,0,30,0,0,2,127,67,4.56,1.607,10.6,1.6,3.9,9.6,2.50
292,Jordan Lyles\lylesjo01,30,TEX,AL,1,2,.333,7.09,7,7,0,0,0,0,33.0,44,26,26,9,10,0,30,1,0,1,152,60,5.82,1.636,12.0,2.5,2.7,8.2,3.00
293,Daniel Lynch*\lynchda02,24,KCR,AL,0,0,,5.79,1,1,0,0,0,0,4.2,4,3,3,0,4,0,3,0,1,0,21,80,4.38,1.714,7.7,0.0,7.7,5.8,0.75
294,Lance Lynn\lynnla01,34,CHW,AL,2,1,.667,1.82,4,4,0,1,1,0,24.2,20,7,5,2,4,0,29,0,0,0,97,224,2.29,0.973,7.3,0.7,1.5,10.6,7.25
295,Kenta Maeda\maedake01,33,MIN,AL,2,2,.500,5.02,6,6,0,0,0,0,28.2,37,19,16,7,7,0,28,2,0,2,132,77,5.26,1.535,11.6,2.2,2.2,8.8,4.00
296,Tyler Mahle\mahlety01,26,CIN,NL,1,1,.500,3.23,6,6,0,0,0,0,30.2,23,12,11,5,11,0,41,2,0,0,125,142,3.81,1.109,6.8,1.5,3.2,12.0,3.73
297,Sean Manaea*\manaese01,29,OAK,AL,3,1,.750,3.48,6,6,0,1,1,0,33.2,34,13,13,4,7,0,33,0,0,2,139,111,3.30,1.218,9.1,1.1,1.9,8.8,4.71
298,Dillon Maples\mapledi01,29,CHC,NL,0,0,,1.98,10,0,4,0,0,0,13.2,5,4,3,2,10,0,23,2,0,3,58,199,4.27,1.098,3.3,1.3,6.6,15.1,2.30
299,Nick Margevicius*\margeni01,25,SEA,AL,0,2,.000,8.25,5,3,1,0,0,0,12.0,13,16,11,2,7,0,12,1,0,2,60,49,5.26,1.667,9.8,1.5,5.3,9.0,1.71
300,German Marquez\marquge01,26,COL,NL,1,3,.250,6.21,7,7,0,1,0,0,33.1,35,23,23,3,21,0,34,0,0,2,153,75,4.12,1.680,9.5,0.8,5.7,9.2,1.62
301,Evan Marshall\marshev01,31,CHW,AL,0,1,.000,6.75,10,0,2,0,0,0,12.0,13,9,9,3,3,1,8,0,0,0,52,62,5.76,1.333,9.8,2.3,2.3,6.0,2.67
302,Brett Martin*\martibr01,26,TEX,AL,0,0,,4.15,8,0,2,0,0,0,8.2,12,5,4,1,1,0,4,0,0,1,40,106,4.02,1.500,12.5,1.0,1.0,4.2,4.00
303,Chris Martin\martich02,35,ATL,NL,0,1,.000,5.40,2,0,0,0,0,0,1.2,4,1,1,0,1,1,1,0,0,0,10,98,3.70,3.000,21.6,0.0,5.4,5.4,1.00
304,Carlos Martinez\martica04,29,STL,NL,2,4,.333,3.72,6,6,0,0,0,0,36.1,28,16,15,2,9,1,20,4,0,1,148,102,3.79,1.018,6.9,0.5,2.2,5.0,2.22
305,Wyatt Mathisen\mathiwy01,27,ARI,NL,0,0,,0.00,1,0,1,0,0,0,1.0,1,0,0,0,0,0,0,0,0,0,4,,3.10,1.000,9.0,0.0,0.0,0.0,
306,Phil Maton\matonph01,28,CLE,AL,0,0,,4.50,9,1,0,0,0,0,10.0,8,5,5,1,5,0,13,3,0,0,43,96,4.20,1.300,7.2,0.9,4.5,11.7,2.60
307,Steven Matz*\matzst01,30,TOR,AL,4,2,.667,4.78,6,6,0,0,0,0,32.0,29,17,17,5,10,0,33,3,0,1,135,88,4.28,1.219,8.2,1.4,2.8,9.3,3.30
308,Tyler Matzek*\matzety01,30,ATL,NL,0,2,.000,4.15,14,0,3,0,0,0,13.0,10,7,6,2,9,0,22,0,0,2,58,108,3.79,1.462,6.9,1.4,6.2,15.2,2.44
309,Dustin May\maydu01,23,LAD,NL,1,1,.500,2.74,5,5,0,0,0,0,23.0,16,8,7,4,6,0,35,1,0,0,93,140,3.23,0.957,6.3,1.6,2.3,13.7,5.83
310,Trevor May\maytr01,31,NYM,NL,2,1,.667,1.59,12,0,2,0,0,0,11.1,9,4,2,0,2,1,16,0,0,2,44,249,0.80,0.971,7.1,0.0,1.6,12.7,8.00
311,Mike Mayers\mayermi01,29,LAA,AL,1,2,.333,4.91,15,0,2,0,0,1,14.2,16,8,8,4,6,0,18,1,0,0,67,89,5.62,1.500,9.8,2.5,3.7,11.0,3.00
312,Tim Mayza*\mayzati01,29,TOR,AL,1,0,1.000,0.00,12,0,3,0,0,0,8.1,7,0,0,0,2,0,8,1,0,0,33,,2.26,1.080,7.6,0.0,2.2,8.6,4.00
313,Chris Mazza\mazzach01,31,TBR,AL,0,0,,8.49,6,0,4,0,0,0,11.2,16,11,11,1,4,1,3,0,0,1,49,46,4.73,1.714,12.3,0.8,3.1,2.3,0.75
314,Shane McClanahan*\mcclash01,24,TBR,AL,0,0,,2.25,2,2,0,0,0,0,8.0,7,2,2,1,2,0,10,0,0,2,31,175,2.97,1.125,7.9,1.1,2.3,11.3,5.00
315,Lance McCullers Jr.\mcculla02,27,HOU,AL,2,1,.667,3.58,6,6,0,0,0,0,32.2,20,13,13,3,18,0,38,4,0,1,138,115,3.98,1.163,5.5,0.8,5.0,10.5,2.11
316,Jake McGee*\mcgeeja01,34,SFG,NL,1,0,1.000,5.54,14,0,9,0,0,7,13.0,12,10,8,3,3,0,18,1,0,0,56,70,4.25,1.154,8.3,2.1,2.1,12.5,6.00
317,Kyle McGowin\mcgowky01,29,WSN,NL,0,0,,4.91,7,0,3,0,0,0,7.1,5,4,4,1,5,1,4,1,0,1,33,85,6.23,1.364,6.1,1.2,6.1,4.9,0.80
318,Collin McHugh\mchugco01,34,TBR,AL,0,1,.000,7.36,5,1,3,0,0,0,7.1,12,8,6,1,1,0,10,1,0,0,34,54,2.96,1.773,14.7,1.2,1.2,12.3,10.00
319,Triston McKenzie\mckentr01,23,CLE,AL,1,1,.500,4.94,6,5,0,0,0,0,23.2,16,13,13,5,22,0,34,0,1,0,106,86,5.76,1.606,6.1,1.9,8.4,12.9,1.55
320,Alex McRae\mcraeal01,28,CHW,AL,0,0,,0.00,1,0,1,0,0,0,1.0,0,0,0,0,1,0,1,0,0,0,4,,4.10,1.000,0.0,0.0,9.0,9.0,1.00
321,John Means*\meansjo01,28,BAL,AL,4,0,1.000,1.37,7,7,0,1,1,0,46.0,21,7,7,5,10,0,50,0,0,1,166,305,2.99,0.674,4.1,1.0,2.0,9.8,5.00
322,Trevor Megill\megiltr01,27,CHC,NL,0,0,,0.00,2,0,0,0,0,0,2.0,2,0,0,0,1,0,2,0,0,1,9,,2.60,1.500,9.0,0.0,4.5,9.0,2.00
323,Mark Melancon\melanma01,36,SDP,NL,0,0,,0.60,14,0,12,0,0,11,15.0,6,1,1,0,1,0,14,0,0,0,51,627,1.43,0.467,3.6,0.0,0.6,8.4,14.00
324,Danny Mendick\mendida01,27,CHW,AL,0,0,,0.00,1,0,1,0,0,0,1.0,1,0,0,0,0,0,1,1,0,0,5,,4.10,1.000,9.0,0.0,0.0,9.0,
325,Yermin Mercedes\merceye01,28,CHW,AL,0,0,,9.00,1,0,0,0,0,0,1.0,3,1,1,0,2,0,0,0,0,0,7,62,9.10,5.000,27.0,0.0,18.0,0.0,0.00
326,Julian Merryweather\merryju01,29,TOR,AL,0,0,,0.00,4,0,2,0,0,2,4.1,1,0,0,0,1,0,7,0,0,0,14,,0.56,0.462,2.1,0.0,2.1,14.5,7.00
327,Keynan Middleton\middlke01,27,SEA,AL,0,0,,3.86,11,0,4,0,0,2,11.2,4,5,5,1,6,0,9,2,0,0,45,105,4.73,0.857,3.1,0.8,4.6,6.9,1.50
328,Wade Miley*\mileywa01,34,CIN,NL,3,2,.600,2.67,5,5,0,0,0,0,27.0,19,8,8,3,7,0,19,0,0,0,108,173,3.91,0.963,6.3,1.0,2.3,6.3,2.71
329,Andrew Miller*\millean01,36,STL,NL,0,0,,8.59,9,0,2,0,0,0,7.1,12,7,7,2,4,0,8,1,0,0,38,46,6.51,2.182,14.7,2.5,4.9,9.8,2.00
330,Shelby Miller\millesh01,30,CHC,NL,0,0,,31.50,3,0,1,0,0,0,2.0,7,7,7,0,5,0,1,0,0,0,18,15,9.60,6.000,31.5,0.0,22.5,4.5,0.20
331,Alec Mills\millsal02,29,CHC,NL,2,0,1.000,5.14,11,1,3,0,0,1,21.0,23,14,12,4,6,1,11,4,0,0,93,76,5.95,1.381,9.9,1.7,2.6,4.7,1.83
332,Wyatt Mills\millswy01,26,SEA,AL,0,0,,6.75,2,0,1,0,0,0,2.2,2,2,2,1,1,0,2,0,0,0,11,66,7.60,1.125,6.8,3.4,3.4,6.8,2.00
333,Tommy Milone*\milonto01,34,TOR,AL,1,0,1.000,6.43,6,1,1,0,0,1,14.0,20,10,10,3,3,0,17,0,0,0,65,66,4.10,1.643,12.9,1.9,1.9,10.9,5.67
334,Mike Minor*\minormi01,33,KCR,AL,2,1,.667,5.23,6,6,0,0,0,0,31.0,28,19,18,6,13,0,30,1,0,3,133,83,5.03,1.323,8.1,1.7,3.8,8.7,2.31
335,A.J. Minter*\minteaj01,27,ATL,NL,1,0,1.000,3.21,15,0,2,0,0,0,14.0,8,5,5,0,7,0,16,1,0,0,57,140,2.53,1.071,5.1,0.0,4.5,10.3,2.29
336,Anthony Misiewicz*\misiean01,26,SEA,AL,2,1,.667,2.70,13,0,5,0,0,0,10.0,9,3,3,1,2,0,5,1,0,0,41,150,4.30,1.100,8.1,0.9,1.8,4.5,2.50
337,Casey Mize\mizeca01,24,DET,AL,1,3,.250,4.41,6,6,0,1,0,0,32.2,30,16,16,5,14,0,23,4,0,1,141,95,5.33,1.347,8.3,1.4,3.9,6.3,1.64
338,Frankie Montas\montafr02,28,OAK,AL,3,2,.600,5.87,6,6,0,0,0,0,30.2,37,20,20,6,8,0,29,1,0,2,140,66,4.63,1.467,10.9,1.8,2.3,8.5,3.63
339,Rafael Montero\montera01,30,SEA,AL,3,1,.750,3.86,14,0,6,0,0,4,14.0,11,8,6,1,5,1,10,3,0,1,60,104,4.31,1.143,7.1,0.6,3.2,6.4,2.00
340,Jordan Montgomery*\montgjo01,28,NYY,AL,1,1,.500,4.41,6,6,0,0,0,0,32.2,29,16,16,5,8,0,28,2,0,0,132,90,4.29,1.133,8.0,1.4,2.2,7.7,3.50
341,Matt Moore*\moorema02,32,PHI,NL,0,1,.000,9.00,4,3,0,0,0,0,12.0,17,13,12,4,10,1,13,0,0,1,62,45,7.76,2.250,12.8,3.0,7.5,9.8,1.30
342,Adrián Morejón*\morejad01,22,SDP,NL,0,0,,3.86,2,2,0,0,0,0,4.2,5,2,2,2,2,0,3,0,0,0,20,103,8.67,1.500,9.6,3.9,3.9,5.8,1.50
343,Reyes Moronta\moronre01,28,SFG,NL,0,0,,2.25,4,0,0,0,0,0,4.0,1,1,1,1,0,0,2,0,0,0,13,185,5.35,0.250,2.3,2.3,0.0,4.5,
344,Charlie Morton\mortoch02,37,ATL,NL,2,1,.667,5.08,6,6,0,0,0,0,33.2,29,19,19,4,12,1,39,3,0,0,142,87,3.66,1.218,7.8,1.1,3.2,10.4,3.25
345,Joe Musgrove\musgrjo01,28,SDP,NL,2,3,.400,2.38,6,6,0,1,1,0,34.0,18,11,9,4,7,0,47,3,0,0,132,156,2.74,0.735,4.8,1.1,1.9,12.4,6.71
346,Nick Neidert\neideni01,24,MIA,NL,0,1,.000,6.75,3,3,0,0,0,0,12.0,13,9,9,3,11,0,8,1,0,1,57,62,8.01,2.000,9.8,2.3,8.3,6.0,0.73
347,Jimmy Nelson\nelsoji02,32,LAD,NL,1,1,.500,3.46,13,0,2,0,0,0,13.0,10,6,5,0,9,0,20,1,1,4,57,113,2.33,1.462,6.9,0.0,6.2,13.8,2.22
348,Kyle Nelson*\nelsoky01,24,CLE,AL,0,0,,0.00,2,0,2,0,0,0,2.0,0,0,0,0,1,0,2,0,0,0,7,,2.60,0.500,0.0,0.0,4.5,9.0,2.00
349,Nick Nelson\nelsoni01,25,NYY,AL,0,2,.000,9.72,6,1,1,0,0,0,8.1,11,10,9,0,5,0,15,1,0,2,42,42,1.66,1.920,11.9,0.0,5.4,16.2,3.00
350,Hector Neris\nerishe01,32,PHI,NL,1,3,.250,1.88,15,0,13,0,0,6,14.1,11,4,3,2,4,0,18,1,0,0,58,215,3.45,1.047,6.9,1.3,2.5,11.3,4.50
351,Jake Newberry\newbeja01,26,KCR,AL,0,0,,16.62,4,0,1,0,0,0,4.1,10,8,8,2,3,0,5,0,0,1,24,28,8.87,3.000,20.8,4.2,6.2,10.4,1.67
352,Sean Newcomb*\newcose01,28,ATL,NL,1,0,1.000,8.53,7,0,1,0,0,1,6.1,7,6,6,1,6,0,14,1,0,2,32,54,4.04,2.053,9.9,1.4,8.5,19.9,2.33
353,Ljay Newsome\newsolj01,24,SEA,AL,1,1,.500,6.59,6,1,4,0,0,0,13.2,16,11,10,4,3,1,14,0,0,1,63,61,5.51,1.390,10.5,2.6,2.0,9.2,4.67
354,Aaron Nola\nolaaa01,28,PHI,NL,3,1,.750,2.89,7,7,0,1,1,0,43.2,36,14,14,3,7,1,49,3,0,0,177,138,2.43,0.985,7.4,0.6,1.4,10.1,7.00
355,Daniel Norris*\norrida01,28,DET,AL,0,1,.000,6.97,11,0,3,0,0,0,10.1,14,8,8,1,4,0,8,0,0,1,44,62,3.97,1.742,12.2,0.9,3.5,7.0,2.00
356,Aaron Northcraft\northaa01,31,SDP,NL,1,0,1.000,3.00,4,0,3,0,0,0,6.0,4,2,2,1,6,0,5,0,0,0,26,131,6.60,1.667,6.0,1.5,9.0,7.5,0.83
357,Darren O'Day\odayda01,38,NYY,AL,0,0,,3.00,10,0,1,0,0,0,9.0,8,3,3,1,2,0,9,1,1,0,38,136,3.54,1.111,8.0,1.0,2.0,9.0,4.50
358,Jake Odorizzi\odorija01,31,HOU,AL,0,2,.000,10.13,3,3,0,0,0,0,8.0,10,9,9,3,3,0,11,0,0,0,37,42,6.35,1.625,11.3,3.4,3.4,12.4,3.67
359,Shohei Ohtani\ohtansh01,26,LAA,AL,1,0,1.000,2.41,4,4,0,0,0,0,18.2,7,7,5,1,19,0,30,2,0,3,84,181,3.95,1.393,3.4,0.5,9.2,14.5,1.58
360,Adam Ottavino\ottavad01,35,BOS,AL,2,2,.500,4.15,15,0,3,0,0,1,13.0,9,8,6,0,11,0,17,1,0,0,60,107,3.25,1.538,6.2,0.0,7.6,11.8,1.55
361,Johan Oviedo\oviedjo01,23,STL,NL,0,1,.000,4.61,3,2,0,0,0,0,13.2,10,7,7,3,4,0,13,1,0,1,55,84,5.15,1.024,6.6,2.0,2.6,8.6,3.25
362,Luis Oviedo\oviedlu01,22,PIT,NL,0,1,.000,7.27,5,0,1,0,0,0,8.2,7,7,7,2,6,1,8,0,0,0,39,58,6.33,1.500,7.3,2.1,6.2,8.3,1.33
363,Chris Paddack\paddach01,25,SDP,NL,1,3,.250,5.40,5,5,0,0,0,0,23.1,25,19,14,2,7,0,22,0,0,1,104,69,3.23,1.371,9.6,0.8,2.7,8.5,3.14
364,Emilio Pagan\paganem01,30,SDP,NL,2,0,1.000,2.77,15,0,2,0,0,0,13.0,11,4,4,3,6,0,17,0,0,0,55,136,4.87,1.308,7.6,2.1,4.2,11.8,2.83
365,Enoli Paredes\pareden01,25,HOU,AL,0,0,,0.00,3,0,0,0,0,0,1.1,2,1,0,0,6,0,2,0,0,0,12,,13.60,6.000,13.5,0.0,40.5,13.5,0.33
366,Luis Patino\patinlu01,21,TBR,AL,1,0,1.000,1.17,3,1,0,0,0,0,7.2,3,1,1,1,1,0,10,0,0,0,27,336,2.58,0.522,3.5,1.2,1.2,11.7,10.00
367,James Paxton*\paxtoja01,32,SEA,AL,0,0,,6.75,1,1,0,0,0,0,1.1,0,1,1,0,1,0,2,0,0,1,5,75,2.35,0.750,0.0,0.0,6.8,13.5,2.00
368,Joel Payamps\payamjo01,27,TOR,AL,0,1,.000,1.93,10,0,5,0,0,0,14.0,13,3,3,2,3,0,8,1,0,0,56,221,4.67,1.143,8.4,1.3,1.9,5.1,2.67
369,Matt Peacock\peacoma01,27,ARI,NL,1,0,1.000,6.75,7,0,4,0,0,0,10.2,10,10,8,2,3,1,6,0,0,0,45,63,5.25,1.219,8.4,1.7,2.5,5.1,2.00
370,Felix Pena\penafe01,31,LAA,AL,0,0,,27.00,1,0,0,0,0,0,0.2,3,2,2,0,1,0,1,0,0,1,6,24,4.60,6.000,40.5,0.0,13.5,13.5,1.00
371,Freddy Peralta\peralfr01,25,MIL,NL,3,1,.750,3.38,7,6,0,0,0,0,32.0,18,12,12,4,17,0,53,2,0,2,130,123,3.19,1.094,5.1,1.1,4.8,14.9,3.12
372,Wandy Peralta*\peralwa01,29,TOT,MLB,2,1,.667,4.22,13,0,6,0,0,2,10.2,12,5,5,1,3,0,11,0,1,2,45,97,3.10,1.406,10.1,0.8,2.5,9.3,3.67
373,Wandy Peralta*\peralwa01,29,SFG,NL,2,1,.667,5.40,10,0,6,0,0,2,8.1,11,5,5,1,3,0,8,0,1,1,37,73,3.82,1.680,11.9,1.1,3.2,8.6,2.67
374,Wandy Peralta*\peralwa01,29,NYY,AL,0,0,,0.00,3,0,0,0,0,0,2.1,1,0,0,0,0,0,3,0,0,1,8,,0.53,0.429,3.9,0.0,0.0,11.6,
375,Angel Perdomo*\perdoan01,27,MIL,NL,1,0,1.000,6.23,9,0,5,0,0,0,8.2,7,6,6,2,6,1,15,1,0,0,38,69,5.06,1.500,7.3,2.1,6.2,15.6,2.50
376,Cionel Pérez*\perezci01,25,CIN,NL,1,2,.333,8.31,10,0,1,0,0,0,8.2,6,10,8,1,8,1,8,0,0,1,41,57,5.52,1.615,6.2,1.0,8.3,8.3,1.00
377,Hernan Perez\perezhe01,30,WSN,NL,0,0,,0.00,2,0,2,0,0,0,2.0,1,0,0,0,0,0,2,0,0,0,7,,1.10,0.500,4.5,0.0,0.0,9.0,
378,Martin Perez*\perezma02,30,BOS,AL,0,2,.000,4.40,6,6,0,0,0,0,28.2,31,16,14,1,11,0,28,5,0,1,131,99,3.27,1.465,9.7,0.3,3.5,8.8,2.55
379,Oliver Perez*\perezol01,39,CLE,AL,0,1,.000,0.00,5,0,3,0,0,0,3.2,5,1,0,0,1,1,4,0,0,0,18,,1.73,1.636,12.3,0.0,2.5,9.8,4.00
380,David Peterson*\peterda01,25,NYM,NL,1,3,.250,4.81,5,5,0,0,0,0,24.1,22,16,13,5,8,0,29,1,0,0,100,81,4.49,1.233,8.1,1.8,3.0,10.7,3.63
381,Yusmeiro Petit\petityu01,36,OAK,AL,4,0,1.000,0.98,16,0,3,0,0,1,18.1,13,2,2,1,3,0,12,0,0,0,68,398,2.99,0.873,6.4,0.5,1.5,5.9,4.00
382,David Phelps\phelpda01,34,TOR,AL,0,0,,0.87,11,1,1,0,0,0,10.1,8,2,1,0,4,0,15,1,0,0,42,493,1.65,1.161,7.0,0.0,3.5,13.1,3.75
383,Michael Pineda\pinedmi01,32,MIN,AL,2,1,.667,2.43,6,6,0,0,0,0,33.1,25,11,9,6,7,0,32,0,0,0,131,159,4.15,0.960,6.8,1.6,1.9,8.6,4.57
384,Nick Pivetta\pivetni01,28,BOS,AL,4,0,1.000,3.23,6,6,0,0,0,0,30.2,21,11,11,1,19,0,33,1,0,1,126,135,3.33,1.304,6.2,0.3,5.6,9.7,1.74
385,Zach Plesac\plesaza01,26,CLE,AL,2,3,.400,4.78,6,6,0,0,0,0,32.0,31,17,17,4,7,0,24,1,0,1,134,89,3.97,1.188,8.7,1.1,2.0,6.8,3.43
386,Adam Plutko\plutkad01,29,BAL,AL,1,0,1.000,1.00,12,0,0,0,0,0,18.0,12,2,2,1,5,0,12,0,0,0,69,423,3.32,0.944,6.0,0.5,2.5,6.0,2.40
387,Drew Pomeranz*\pomerdr01,32,SDP,NL,0,0,,1.42,13,0,2,0,0,0,12.2,8,2,2,1,6,1,20,0,0,0,51,266,2.39,1.105,5.7,0.7,4.3,14.2,3.33
388,Daniel Ponce de Leon\ponceda01,29,STL,NL,1,1,.500,8.71,5,2,3,0,0,0,10.1,12,10,10,2,7,1,4,3,0,0,53,45,7.74,1.839,10.5,1.7,6.1,3.5,0.57
389,Zach Pop\popza01,24,MIA,NL,0,0,,6.30,9,0,1,0,0,0,10.0,6,7,7,2,5,0,11,3,0,0,44,67,5.90,1.100,5.4,1.8,4.5,9.9,2.20
390,Sean Poppen\poppese01,27,PIT,NL,0,0,,7.71,3,0,1,0,0,0,4.2,11,7,4,1,2,0,4,1,0,0,26,57,6.10,2.786,21.2,1.9,3.9,7.7,2.00
391,Ryan Pressly\pressry01,32,HOU,AL,2,0,1.000,1.93,12,0,12,0,0,5,14.0,15,4,3,0,3,1,15,0,0,1,57,217,1.60,1.286,9.6,0.0,1.9,9.6,5.00
392,David Price*\priceda01,35,LAD,NL,1,0,1.000,5.59,7,0,2,0,0,1,9.2,14,7,6,3,4,1,11,0,0,0,46,71,6.10,1.862,13.0,2.8,3.7,10.2,2.75
393,A.J. Puk*\pukaj01,26,OAK,AL,0,0,,0.00,1,0,0,0,0,0,3.1,1,0,0,0,3,0,4,0,0,1,14,,3.40,1.200,2.7,0.0,8.1,10.8,1.33
394,Cal Quantrill\quantca01,26,CLE,AL,0,0,,2.25,10,0,1,0,0,0,16.0,13,4,4,2,9,0,8,1,0,1,68,190,5.60,1.375,7.3,1.1,5.1,4.5,0.89
395,Jose Quintana*\quintjo01,32,LAA,AL,0,3,.000,10.59,5,5,0,0,0,0,17.0,24,22,20,3,14,0,28,0,0,3,89,41,4.57,2.235,12.7,1.6,7.4,14.8,2.00
396,Tanner Rainey\raineta01,28,WSN,NL,0,1,.000,10.00,10,0,2,0,0,0,9.0,10,10,10,3,6,1,8,0,0,0,43,41,7.65,1.778,10.0,3.0,6.0,8.0,1.33
397,Brooks Raley*\raleybr01,33,HOU,AL,0,2,.000,9.49,15,0,3,0,0,1,12.1,13,13,13,2,4,0,16,1,0,0,55,44,3.83,1.378,9.5,1.5,2.9,11.7,4.00
398,Nick Ramirez*\ramirni01,31,SDP,NL,0,0,,7.71,5,0,2,0,0,0,7.0,9,6,6,2,1,0,4,0,0,0,31,50,6.10,1.429,11.6,2.6,1.3,5.1,4.00
399,Drew Rasmussen\rasmudr01,25,MIL,NL,0,1,.000,5.27,12,0,6,0,0,0,13.2,12,11,8,2,8,1,19,0,0,2,62,80,3.98,1.463,7.9,1.3,5.3,12.5,2.38
400,Robbie Ray*\rayro02,29,TOR,AL,1,1,.500,3.14,5,5,0,0,0,0,28.2,24,10,10,6,9,0,29,0,0,1,116,134,4.74,1.151,7.5,1.9,2.8,9.1,3.22
401,Cody Reed*\reedco01,28,TBR,AL,0,1,.000,4.26,8,0,3,0,0,0,6.1,6,4,3,1,4,0,5,1,0,0,28,93,5.94,1.579,8.5,1.4,5.7,7.1,1.25
402,Sean Reid-Foley\reidfse01,25,NYM,NL,0,0,,0.00,2,0,0,0,0,0,5.0,2,0,0,0,0,0,7,0,0,0,16,,0.30,0.400,3.6,0.0,0.0,12.6,
403,Alex Reyes\reyesal02,26,STL,NL,1,0,1.000,0.00,15,0,15,0,0,9,15.1,6,0,0,0,12,0,16,0,0,4,63,,3.36,1.174,3.5,0.0,7.0,9.4,1.33
404,Garrett Richards\richaga01,33,BOS,AL,1,2,.333,4.40,6,6,0,0,0,0,28.2,29,16,14,3,14,0,29,1,0,2,129,99,4.00,1.500,9.1,0.9,4.4,9.1,2.07
405,Trevor Richards\richatr01,28,TBR,AL,0,0,,4.91,5,0,2,0,0,1,11.0,9,6,6,2,3,0,14,0,0,1,44,79,3.73,1.091,7.4,1.6,2.5,11.5,4.67
406,Anthony Rizzo*\rizzoan01,31,CHC,NL,0,0,,0.00,1,0,0,0,0,0,0.2,0,0,0,0,1,0,1,0,0,0,3,,4.60,1.500,0.0,0.0,13.5,13.5,1.00
407,Tanner Roark\roarkta01,34,TOR,AL,0,1,.000,6.43,3,1,1,0,0,0,7.0,7,7,5,3,2,0,5,0,0,0,31,68,8.10,1.286,9.0,3.9,2.6,6.4,2.50
408,Daniel Robertson\roberda10,27,MIL,NL,0,0,,0.00,1,0,1,0,0,0,1.0,1,0,0,0,0,0,0,0,0,0,4,,3.10,1.000,9.0,0.0,0.0,0.0,
409,Hansel Robles\robleha01,30,MIN,AL,0,1,.000,4.15,13,0,2,0,0,0,13.0,5,7,6,1,8,1,10,1,0,0,52,95,4.64,1.000,3.5,0.7,5.5,6.9,1.25
410,Carlos Rodon*\rodonca01,28,CHW,AL,4,0,1.000,0.72,4,4,0,1,1,0,25.0,7,3,2,1,9,0,36,3,0,1,95,568,2.18,0.640,2.5,0.4,3.2,13.0,4.00
411,Chris Rodriguez\rodrich01,22,LAA,AL,2,0,1.000,2.30,8,0,1,0,0,0,15.2,9,4,4,0,8,0,17,3,0,1,65,190,3.03,1.085,5.2,0.0,4.6,9.8,2.13
412,Eduardo Rodriguez*\rodried05,28,BOS,AL,4,0,1.000,4.18,5,5,0,0,0,0,28.0,26,13,13,5,3,0,31,0,0,0,111,104,3.53,1.036,8.4,1.6,1.0,10.0,10.33
413,Joely Rodriguez*\rodrijo06,29,TEX,AL,1,1,.500,2.35,8,0,0,0,0,0,7.2,7,2,2,0,1,1,10,0,0,0,31,189,0.88,1.043,8.2,0.0,1.2,11.7,10.00
414,Nivaldo Rodriguez\rodrini01,24,HOU,AL,0,0,,3.00,1,0,1,0,0,0,3.0,2,1,1,1,2,0,3,0,0,0,12,153,7.43,1.333,6.0,3.0,6.0,9.0,1.50
415,Richard Rodriguez\rodriri05,31,PIT,NL,1,0,1.000,0.00,12,0,11,0,0,5,12.1,1,0,0,0,1,0,10,0,0,1,39,,1.72,0.162,0.7,0.0,0.7,7.3,10.00
416,Chaz Roe\roech01,34,TBR,AL,0,0,,27.00,1,0,0,0,0,0,0.2,1,2,2,0,1,0,2,0,0,0,4,22,1.60,3.000,13.5,0.0,13.5,27.0,2.00
417,Taylor Rogers*\rogerta01,30,MIN,AL,0,1,.000,2.77,11,0,3,0,0,2,13.0,13,5,4,2,1,1,17,0,0,0,51,142,2.71,1.077,9.0,1.4,0.7,11.8,17.00
418,Trevor Rogers*\rogertr01,23,MIA,NL,3,2,.600,1.91,6,6,0,0,0,0,33.0,22,8,7,2,13,0,44,2,1,1,130,215,2.58,1.061,6.0,0.5,3.5,12.0,3.38
419,Tyler Rogers\rogerty01,30,SFG,NL,0,0,,1.02,17,0,2,0,0,2,17.2,12,3,2,1,3,0,10,2,0,0,69,380,3.55,0.849,6.1,0.5,1.5,5.1,3.33
420,Jordan Romano\romanjo03,28,TOR,AL,3,1,.750,2.35,9,0,2,0,0,0,7.2,5,3,2,0,5,0,7,0,0,0,33,185,3.23,1.304,5.9,0.0,5.9,8.2,1.40
421,Sal Romano\romansa01,27,CIN,NL,0,0,,6.23,11,0,4,0,0,0,17.1,19,14,12,4,9,2,10,0,1,0,80,74,6.50,1.615,9.9,2.1,4.7,5.2,1.11
422,JoJo Romero*\romerjo01,24,PHI,NL,0,0,,7.00,11,0,1,0,0,0,9.0,12,8,7,4,4,1,8,1,0,0,44,59,8.76,1.778,12.0,4.0,4.0,8.0,2.00
423,Sergio Romo\romose01,38,OAK,AL,0,0,,7.94,13,0,3,0,0,0,11.1,14,10,10,1,5,2,8,2,0,0,55,50,4.69,1.676,11.1,0.8,4.0,6.4,1.60
424,Joe Ross\rossjo01,28,WSN,NL,2,2,.500,4.39,5,5,0,0,0,0,26.2,24,13,13,6,9,2,21,2,0,0,110,91,5.68,1.238,8.1,2.0,3.0,7.1,2.33
425,Ramon Rosso\rossora01,25,PHI,NL,0,0,,0.00,1,0,1,0,0,0,1.1,1,0,0,0,0,0,0,0,0,0,4,,3.10,0.750,6.8,0.0,0.0,0.0,
426,Ben Rowen\rowenbe01,32,LAA,AL,0,0,,5.56,8,0,5,0,0,0,11.1,12,8,7,3,2,0,8,2,0,0,49,79,6.19,1.235,9.5,2.4,1.6,6.4,4.00
427,Jose Ruiz\ruizjo01,26,CHW,AL,0,1,.000,1.59,10,0,5,0,0,0,11.1,4,2,2,0,5,1,11,0,1,1,44,262,2.48,0.794,3.2,0.0,4.0,8.7,2.20
428,Kyle Ryan*\ryanky01,29,CHC,NL,0,0,,3.38,3,0,0,0,0,0,2.2,5,1,1,0,2,0,2,0,0,0,15,130,3.85,2.625,16.9,0.0,6.8,6.8,1.00
429,Hyun Jin Ryu*\ryuhy01,34,TOR,AL,2,2,.500,3.31,6,6,0,0,0,0,32.2,32,13,12,4,4,0,32,0,0,0,132,127,3.10,1.102,8.8,1.1,1.1,8.8,8.00
430,Casey Sadler\sadleca02,30,SEA,AL,0,1,.000,1.64,11,0,1,0,0,0,11.0,8,3,2,0,6,0,10,0,0,2,46,247,2.92,1.273,6.5,0.0,4.9,8.2,1.67
431,Aaron Sanchez\sanchaa01,28,SFG,NL,1,1,.500,3.18,6,6,0,0,0,0,28.1,24,10,10,2,10,0,24,4,1,0,122,121,3.80,1.200,7.6,0.6,3.2,7.6,2.40
432,Nick Sandlin\sandlni01,24,CLE,AL,0,0,,0.00,3,0,0,0,0,0,4.1,0,0,0,0,0,0,4,0,0,0,12,,1.25,0.000,0.0,0.0,0.0,8.3,
433,Patrick Sandoval*\sandopa02,24,LAA,AL,0,0,,0.00,1,0,0,0,0,0,2.0,1,0,0,0,2,0,4,0,0,0,9,,2.10,1.500,4.5,0.0,9.0,18.0,2.00
434,Dennis Santana\santade01,25,LAD,NL,0,0,,4.22,11,0,3,0,0,0,10.2,9,6,5,0,6,1,7,2,0,2,47,93,4.03,1.406,7.6,0.0,5.1,5.9,1.17
435,Edgar Santana\santaed01,29,ATL,NL,0,0,,6.00,4,0,0,0,0,0,3.0,4,2,2,1,2,0,1,0,0,0,14,82,8.76,2.000,12.0,3.0,6.0,3.0,0.50
436,Ervin Santana\santaer01,38,KCR,AL,0,0,,4.00,3,1,0,0,0,0,9.0,8,4,4,2,2,0,4,0,0,0,36,112,5.76,1.111,8.0,2.0,2.0,4.0,2.00
437,Gregory Santos\santogr01,21,SFG,NL,0,2,.000,22.50,3,0,1,0,0,0,2.0,5,6,5,3,2,0,3,0,0,0,13,20,22.60,3.500,22.5,13.5,9.0,13.5,1.50
438,Hirokazu Sawamura\sawamhi01,33,BOS,AL,1,0,1.000,3.38,12,0,2,0,0,0,13.1,11,5,5,3,5,0,16,1,0,0,55,131,4.97,1.200,7.4,2.0,3.4,10.8,3.20
439,Josh Sborz\sborzjo01,27,TEX,AL,3,1,.750,3.55,12,0,2,0,0,1,12.2,7,5,5,0,4,0,13,0,0,0,49,122,1.99,0.868,5.0,0.0,2.8,9.2,3.25
440,Mac Sceroler\sceroma01,26,BAL,AL,0,0,,7.36,2,0,1,0,0,0,3.2,5,3,3,2,3,0,6,1,0,1,21,62,10.19,2.182,12.3,4.9,7.4,14.7,2.00
441,Max Scherzer\scherma01,36,WSN,NL,2,2,.500,2.54,6,6,0,1,0,0,39.0,27,13,11,7,6,0,47,2,0,0,147,157,3.64,0.846,6.2,1.6,1.4,10.8,7.83
442,Tanner Scott*\scottta01,26,BAL,AL,1,2,.333,2.70,14,0,5,0,0,0,13.1,7,5,4,1,12,1,14,1,0,0,60,158,4.90,1.425,4.7,0.7,8.1,9.5,1.17
443,Andre Scrubb\scruban01,26,HOU,AL,1,0,1.000,6.00,3,0,1,0,0,0,3.0,2,2,2,0,4,0,3,0,0,1,15,76,5.10,2.000,6.0,0.0,12.0,9.0,0.75
444,Sam Selman*\selmasa01,30,SFG,NL,0,0,,0.00,2,0,1,0,0,0,2.2,0,0,0,0,3,0,4,0,0,0,11,,3.47,1.125,0.0,0.0,10.1,13.5,1.33
445,Antonio Senzatela\senzaan01,26,COL,NL,1,3,.250,5.76,6,6,0,0,0,0,29.2,37,21,19,5,9,0,18,2,0,1,137,80,5.19,1.551,11.2,1.5,2.7,5.5,2.00
446,Bryan Shaw\shawbr01,33,CLE,AL,1,0,1.000,2.03,13,0,1,0,0,0,13.1,3,3,3,1,8,0,14,0,0,1,51,213,3.77,0.825,2.0,0.7,5.4,9.5,1.75
447,Jordan Sheffield\sheffjo01,26,COL,NL,0,0,,1.93,10,0,9,0,0,0,9.1,5,2,2,1,2,0,9,1,0,2,35,246,3.53,0.750,4.8,1.0,1.9,8.7,4.50
448,Justus Sheffield*\sheffju01,25,SEA,AL,2,2,.500,4.18,5,5,0,0,0,0,28.0,29,16,13,3,11,0,24,4,0,1,126,95,4.38,1.429,9.3,1.0,3.5,7.7,2.18
449,Ryan Sherriff*\sherrry01,31,TBR,AL,0,0,,27.00,1,0,0,0,0,0,0.1,2,1,1,0,0,0,0,0,0,0,3,31,3.10,6.000,54.0,0.0,0.0,0.0,
450,Matt Shoemaker\shoemma01,34,MIN,AL,1,3,.250,7.83,5,5,0,0,0,0,23.0,28,21,20,7,8,0,14,1,0,1,106,50,7.01,1.565,11.0,2.7,3.1,5.5,1.75
451,Lucas Sims\simslu01,27,CIN,NL,1,1,.500,6.55,12,0,2,0,0,1,11.0,5,9,8,2,8,0,16,2,0,1,47,72,5.28,1.182,4.1,1.6,6.5,13.1,2.00
452,Brady Singer\singebr01,24,KCR,AL,1,3,.250,3.41,6,6,0,0,0,0,29.0,23,15,11,2,11,0,29,3,1,0,123,128,3.44,1.172,7.1,0.6,3.4,9.0,2.64
453,Tarik Skubal*\skubata01,24,DET,AL,0,4,.000,6.14,6,4,1,0,0,0,22.0,23,16,15,8,14,0,18,1,0,1,104,69,8.23,1.682,9.4,3.3,5.7,7.4,1.29
454,Aaron Slegers\slegeaa01,28,LAA,AL,1,0,1.000,4.15,14,0,1,0,0,0,13.0,17,6,6,1,4,0,12,0,0,1,58,106,3.17,1.615,11.8,0.7,2.8,8.3,3.00
455,Devin Smeltzer*\smeltde01,25,MIN,AL,0,0,,0.00,1,0,1,0,0,0,4.2,1,1,0,0,1,0,3,2,0,0,17,,3.74,0.429,1.9,0.0,1.9,5.8,3.00
456,Burch Smith\smithbu03,31,OAK,AL,0,0,,3.00,2,0,0,0,0,0,3.0,3,1,1,0,1,0,1,0,0,0,12,144,3.43,1.333,9.0,0.0,3.0,3.0,1.00
457,Caleb Smith*\smithca03,29,ARI,NL,2,1,.667,2.89,11,1,1,0,0,0,18.2,13,7,6,2,9,0,24,2,0,0,79,146,3.69,1.179,6.3,1.0,4.3,11.6,2.67
458,Joe Smith\smithjo05,37,HOU,AL,1,1,.500,7.45,13,0,5,0,0,0,9.2,17,8,8,2,3,0,10,3,0,0,51,57,5.58,2.069,15.8,1.9,2.8,9.3,3.33
459,Riley Smith\smithri01,26,ARI,NL,1,1,.500,4.91,6,3,1,0,0,0,22.0,26,13,12,2,8,1,11,0,0,0,96,86,4.37,1.545,10.6,0.8,3.3,4.5,1.38
460,Will Smith*\smithwi04,31,ATL,NL,0,2,.000,2.77,14,0,10,0,0,7,13.0,7,4,4,0,7,0,17,1,0,0,53,163,2.33,1.077,4.8,0.0,4.8,11.8,2.43
461,Drew Smyly*\smylydr01,32,ATL,NL,1,2,.333,6.12,5,5,0,0,0,0,25.0,26,22,17,9,11,1,22,0,0,0,112,73,7.34,1.480,9.4,3.2,4.0,7.9,2.00
462,Blake Snell*\snellbl01,28,SDP,NL,1,0,1.000,3.51,6,6,0,0,0,0,25.2,23,11,10,3,15,1,37,1,0,0,117,106,3.60,1.481,8.1,1.1,5.3,13.0,2.47
463,Eric Sogard\sogarer01,35,CHC,NL,0,0,,0.00,1,0,1,0,0,0,1.0,2,0,0,0,0,0,0,1,0,0,6,,6.10,2.000,18.0,0.0,0.0,0.0,
464,Peter Solomon\solompe01,24,HOU,AL,0,0,,0.00,2,0,2,0,0,0,2.0,1,0,0,0,1,0,2,0,0,0,8,,2.60,1.000,4.5,0.0,4.5,9.0,2.00
465,Joakim Soria\soriajo01,37,ARI,NL,0,0,,10.80,2,0,0,0,0,0,1.2,3,2,2,0,2,0,1,0,0,1,10,47,5.50,3.000,16.2,0.0,10.8,5.4,0.50
466,Gregory Soto*\sotogr01,26,DET,AL,2,1,.667,3.38,14,0,10,0,0,3,13.1,15,7,5,1,8,1,15,0,0,4,64,126,3.62,1.725,10.1,0.7,5.4,10.1,1.88
467,Jeffrey Springs*\sprinje01,28,TBR,AL,2,0,1.000,2.57,13,0,3,0,0,2,14.0,11,6,4,1,1,0,15,0,0,2,54,150,2.10,0.857,7.1,0.6,0.6,9.6,15.00
468,Craig Stammen\stammcr01,37,SDP,NL,2,1,.667,2.29,13,0,2,0,0,1,19.2,15,5,5,3,4,0,20,1,0,0,77,163,3.81,0.966,6.9,1.4,1.8,9.2,5.00
469,Ryne Stanek\stanery01,29,HOU,AL,0,1,.000,1.88,14,0,2,0,0,1,14.1,7,3,3,2,5,0,21,2,0,1,56,222,3.45,0.837,4.4,1.3,3.1,13.2,4.20
470,Cody Stashak\stashco01,27,MIN,AL,0,0,,6.52,11,0,0,0,0,0,9.2,9,7,7,1,6,0,16,1,0,1,45,61,3.30,1.552,8.4,0.9,5.6,14.9,2.67
471,Josh Staumont\staumjo01,27,KCR,AL,0,1,.000,2.40,13,0,6,0,0,3,15.0,6,4,4,0,7,1,15,2,0,1,59,184,2.90,0.867,3.6,0.0,4.2,9.0,2.14
472,Drew Steckenrider\steckdr01,30,SEA,AL,2,1,.667,3.46,10,0,1,0,0,0,13.0,11,5,5,0,6,0,16,1,0,0,54,116,2.25,1.308,7.6,0.0,4.2,11.1,2.67
473,Justin Steele*\steelju01,25,CHC,NL,1,0,1.000,3.68,6,0,2,0,0,0,7.1,6,4,3,2,2,1,12,2,0,0,32,109,5.01,1.091,7.4,2.5,2.5,14.7,6.00
474,Trevor Stephan\stephtr01,25,CLE,AL,0,0,,5.91,7,0,3,0,0,0,10.2,12,7,7,4,5,0,13,1,0,0,51,73,7.22,1.594,10.1,3.4,4.2,11.0,2.60
475,Robert Stephenson\stephro01,28,COL,NL,0,1,.000,2.70,14,0,1,0,0,0,13.1,13,7,4,2,2,0,14,0,0,0,57,174,3.40,1.125,8.8,1.4,1.4,9.5,7.00
476,Jonathan Stiever\stievjo01,24,CHW,AL,0,0,,inf,1,0,0,0,0,0,0.0,4,3,3,0,0,0,0,0,0,0,4,6,,,,,,,
477,Stephen Strasburg\strasst01,32,WSN,NL,0,1,.000,6.30,2,2,0,0,0,0,10.0,9,8,7,3,7,2,11,0,0,0,46,65,6.90,1.600,8.1,2.7,6.3,9.9,1.57
478,Chris Stratton\stratch01,30,PIT,NL,1,0,1.000,5.28,13,0,1,0,0,0,15.1,17,10,9,3,2,0,13,0,0,0,64,79,4.34,1.239,10.0,1.8,1.2,7.6,6.50
479,Hunter Strickland\strichu01,32,TBR,AL,0,0,,1.42,10,0,5,0,0,0,12.2,9,2,2,1,3,0,13,0,0,1,49,272,2.78,0.947,6.4,0.7,2.1,9.2,4.33
480,Ross Stripling\stripro01,31,TOR,AL,0,1,.000,6.39,3,3,0,0,0,0,12.2,18,9,9,2,4,0,14,0,0,0,60,67,3.89,1.737,12.8,1.4,2.8,9.9,3.50
481,Marcus Stroman\stromma01,30,NYM,NL,3,3,.500,2.12,6,6,0,0,0,0,34.0,28,13,8,3,7,0,29,1,0,2,136,183,3.24,1.029,7.4,0.8,1.9,7.7,4.14
482,Pedro Strop\stroppe01,36,CHC,NL,1,0,1.000,0.00,2,0,0,0,0,0,2.0,2,0,0,0,2,0,3,0,0,0,10,,3.10,2.000,9.0,0.0,9.0,13.5,1.50
483,Wander Suero\suerowa01,29,WSN,NL,0,0,,1.42,8,0,2,0,0,0,6.1,3,1,1,0,3,0,5,0,0,2,25,294,2.94,0.947,4.3,0.0,4.3,7.1,1.67
484,Cole Sulser\sulseco01,31,BAL,AL,1,0,1.000,0.96,7,0,1,0,0,0,9.1,8,1,1,1,1,0,15,0,0,1,36,447,1.60,0.964,7.7,1.0,1.0,14.5,15.00
485,Brent Suter*\suterbr01,31,MIL,NL,2,1,.667,2.70,12,0,0,0,0,0,16.2,15,6,5,2,4,0,15,0,0,0,67,155,3.58,1.140,8.1,1.1,2.2,8.1,3.75
486,Erik Swanson\swanser01,27,SEA,AL,0,0,,0.00,2,1,0,0,0,0,4.0,0,0,0,0,1,0,4,0,0,0,12,,1.85,0.250,0.0,0.0,2.3,9.0,4.00
487,Anthony Swarzak\swarzan01,35,ARI,NL,0,1,.000,9.64,6,0,1,0,0,0,4.2,7,5,5,1,1,0,4,0,1,0,21,46,4.81,1.714,13.5,1.9,1.9,7.7,4.00
488,Jameson Taillon\taillja01,29,NYY,AL,1,2,.333,5.24,5,5,0,0,0,0,22.1,23,13,13,5,5,0,29,1,0,1,95,76,4.22,1.254,9.3,2.0,2.0,11.7,5.80
489,Domingo Tapia\tapiado01,29,SEA,AL,0,0,,0.00,2,0,1,0,0,0,2.0,4,0,0,0,1,0,1,0,0,0,11,,3.60,2.500,18.0,0.0,4.5,4.5,1.00
490,Stephen Tarpley*\tarplst01,28,NYM,NL,0,0,,inf,1,0,0,0,0,0,0.0,1,2,2,0,2,0,0,1,0,0,4,9,,,,,,,0.00
491,Dillon Tate\tatedi01,27,BAL,AL,0,1,.000,3.09,10,0,2,0,0,0,11.2,8,5,4,2,2,0,6,1,0,1,43,139,5.07,0.857,6.2,1.5,1.5,4.6,3.00
492,Blake Taylor*\taylobl01,25,HOU,AL,0,0,,6.75,7,0,1,0,0,0,5.1,8,5,4,2,2,1,4,0,0,0,27,65,7.60,1.875,13.5,3.4,3.4,6.8,2.00
493,Josh Taylor*\taylojo02,28,BOS,AL,0,0,,7.15,13,0,2,0,0,0,11.1,19,9,9,1,5,0,13,0,0,2,57,62,3.27,2.118,15.1,0.8,4.0,10.3,2.60
494,Julio Teheran\teherju01,30,DET,AL,1,0,1.000,1.80,1,1,0,0,0,0,5.0,4,1,1,1,3,0,3,0,0,0,20,247,6.30,1.400,7.2,1.8,5.4,5.4,1.00
495,Ryan Tepera\teperry01,33,CHC,NL,0,0,,3.95,14,0,1,0,0,0,13.2,9,6,6,2,5,0,12,2,0,0,54,100,4.78,1.024,5.9,1.3,3.3,7.9,2.40
496,Caleb Thielbar*\thielca01,34,MIN,AL,0,0,,3.27,10,0,2,0,0,0,11.0,14,4,4,3,2,1,21,0,0,3,49,121,3.37,1.455,11.5,2.5,1.6,17.2,10.50
497,Keegan Thompson\thompke02,26,CHC,NL,0,0,,0.00,2,1,0,0,0,0,4.2,4,0,0,0,3,0,2,0,0,0,18,,4.17,1.500,7.7,0.0,5.8,3.9,0.67
498,Ryan Thompson\thompry02,29,TBR,AL,2,1,.667,2.40,14,0,1,0,0,0,15.0,10,5,4,1,5,1,13,2,0,1,60,160,3.63,1.000,6.0,0.6,3.0,7.8,2.60
499,Trent Thornton\thorntr01,27,TOR,AL,0,0,,2.70,9,2,0,0,0,0,16.2,15,5,5,3,6,1,15,2,0,1,70,157,5.08,1.260,8.1,1.6,3.2,8.1,2.50
500,Lewis Thorpe*\thorple01,25,MIN,AL,0,1,.000,4.50,3,2,1,0,0,0,10.0,8,5,5,0,2,0,5,0,0,1,39,88,2.70,1.000,7.2,0.0,1.8,4.5,2.50
501,Ty Tice\ticety01,24,TOR,AL,0,0,,3.18,3,0,2,0,0,0,5.2,4,2,2,1,3,0,5,1,0,0,25,139,5.74,1.235,6.4,1.6,4.8,7.9,1.67
502,Ka'ai Tom\tomka01,27,OAK,AL,0,0,,0.00,1,0,1,0,0,0,1.0,1,0,0,0,0,0,0,0,0,0,4,,3.10,1.000,9.0,0.0,0.0,0.0,
503,Josh Tomlin\tomlijo01,36,ATL,NL,2,0,1.000,5.40,11,0,1,0,0,0,15.0,21,9,9,1,3,0,9,1,0,0,68,83,3.56,1.600,12.6,0.6,1.8,5.4,3.00
504,Blake Treinen\treinbl01,33,LAD,NL,1,1,.500,2.51,14,0,1,0,0,0,14.1,17,6,4,1,5,1,20,1,0,1,66,155,2.47,1.535,10.7,0.6,3.1,12.6,4.00
505,Lou Trivino\trivilo01,29,OAK,AL,1,1,.500,4.15,16,0,7,0,0,5,17.1,14,9,8,2,9,1,19,0,0,4,73,94,3.96,1.327,7.3,1.0,4.7,9.9,2.11
506,Spencer Turnbull\turnbsp01,28,DET,AL,1,2,.333,4.74,4,4,0,0,0,0,19.0,19,12,10,1,5,0,15,3,0,0,85,89,3.47,1.263,9.0,0.5,2.4,7.1,3.00
507,Edwin Uceta\ucetaed01,23,LAD,NL,0,1,.000,9.00,1,1,0,0,0,0,2.0,4,2,2,1,1,0,2,0,0,0,9,51,9.10,2.500,18.0,4.5,4.5,9.0,2.00
508,Duane Underwood Jr.\underdu01,26,PIT,NL,1,1,.500,3.94,12,0,1,0,0,0,16.0,16,9,7,1,5,0,21,1,0,0,70,106,2.41,1.313,9.0,0.6,2.8,11.8,4.20
509,Jose Urena\urenajo01,29,DET,AL,1,4,.200,3.53,6,6,0,0,0,0,35.2,29,16,14,1,16,0,28,0,0,1,148,119,3.24,1.262,7.3,0.3,4.0,7.1,1.75
510,Julio Urias*\uriasju01,24,LAD,NL,4,0,1.000,2.87,6,6,0,0,0,0,37.2,28,13,12,4,6,1,42,1,0,0,146,133,2.80,0.903,6.7,1.0,1.4,10.0,7.00
511,Jose Urquidy\urquijo01,26,HOU,AL,2,2,.500,3.71,6,6,0,0,0,0,34.0,31,14,14,4,8,0,27,1,0,2,139,111,3.83,1.147,8.2,1.1,2.1,7.1,3.38
512,Cesar Valdez\valdece01,36,BAL,AL,2,0,1.000,1.32,12,0,8,0,0,7,13.2,11,3,2,0,3,0,15,1,0,0,56,323,1.78,1.024,7.2,0.0,2.0,9.9,5.00
513,Phillips Valdez\valdeph01,29,BOS,AL,1,0,1.000,3.97,9,0,7,0,0,0,11.1,6,6,5,0,5,0,10,1,0,4,46,112,2.92,0.971,4.8,0.0,4.0,7.9,2.00
514,Vince Velasquez\velasvi01,29,PHI,NL,1,0,1.000,4.91,6,3,1,0,0,0,18.1,17,10,10,5,13,1,24,0,0,0,84,82,6.15,1.636,8.3,2.5,6.4,11.8,1.85
515,Alex Vesia*\vesiaal01,25,LAD,NL,0,1,.000,9.00,2,0,1,0,0,0,3.0,1,5,3,1,4,0,4,0,0,0,14,48,8.76,1.667,3.0,3.0,12.0,12.0,1.00
516,Will Vest\vestwi01,26,SEA,AL,1,0,1.000,1.17,14,0,3,0,0,0,15.1,11,3,2,0,7,0,10,1,0,1,62,341,3.36,1.174,6.5,0.0,4.1,5.9,1.43
517,Austin Voth\vothau01,29,WSN,NL,0,0,,1.42,9,0,2,0,0,0,12.2,8,2,2,0,5,1,14,1,0,0,48,286,2.31,1.026,5.7,0.0,3.6,9.9,2.80
518,Michael Wacha\wachami01,29,TBR,AL,1,1,.500,4.76,6,4,0,0,0,0,28.1,27,16,15,4,8,0,26,0,0,1,116,80,3.94,1.235,8.6,1.3,2.5,8.3,3.25
519,Brandon Waddell*\waddebr01,27,MIN,AL,0,1,.000,11.25,4,0,2,0,0,0,4.0,10,6,5,2,3,0,1,0,0,0,25,37,11.35,3.250,22.5,4.5,6.8,2.3,0.33
520,Adam Wainwright\wainwad01,39,STL,NL,1,3,.250,4.72,6,6,0,1,0,0,34.1,37,19,18,6,9,2,37,3,0,0,148,80,4.26,1.340,9.7,1.6,2.4,9.7,4.11
521,Taijuan Walker\walketa01,28,NYM,NL,2,1,.667,2.38,6,6,0,0,0,0,34.0,20,11,9,1,15,0,35,1,0,1,136,162,2.83,1.029,5.3,0.3,4.0,9.3,2.33
522,Tony Watson*\watsoto01,36,LAA,AL,1,0,1.000,1.08,9,0,2,0,0,0,8.1,5,1,1,1,1,0,6,0,0,0,30,412,3.58,0.720,5.4,1.1,1.1,6.5,6.00
523,Ryan Weathers*\weathry01,21,SDP,NL,1,1,.500,0.93,7,3,1,0,0,1,19.1,8,2,2,1,6,0,17,1,0,0,69,402,3.10,0.724,3.7,0.5,2.8,7.9,2.83
524,Luke Weaver\weavelu01,27,ARI,NL,1,3,.250,6.07,6,6,0,0,0,0,29.2,30,20,20,6,11,2,29,1,0,0,130,69,4.98,1.382,9.1,1.8,3.3,8.8,2.64
525,Jacob Webb\webbja01,27,ATL,NL,0,1,.000,7.56,8,0,5,0,0,0,8.1,12,8,7,3,2,0,10,0,0,2,39,60,6.10,1.680,13.0,3.2,2.2,10.8,5.00
526,Logan Webb\webblo01,24,SFG,NL,1,3,.250,5.34,7,6,0,0,0,0,32.0,36,19,19,3,14,0,33,2,0,0,140,72,3.75,1.563,10.1,0.8,3.9,9.3,2.36
527,Tyler Webb*\webbty01,30,STL,NL,0,0,,13.00,13,0,3,0,0,0,9.0,9,13,13,1,11,0,8,0,0,0,49,30,6.43,2.222,9.0,1.0,11.0,8.0,0.73
528,Jordan Weems\weemsjo01,28,OAK,AL,0,0,,6.23,5,0,3,0,0,0,4.1,2,3,3,1,3,0,4,0,0,0,18,67,6.33,1.154,4.2,2.1,6.2,8.3,1.33
529,Patrick Weigel\weigepa01,26,MIL,NL,0,0,,0.00,2,0,1,0,0,0,3.1,3,0,0,0,3,0,7,1,0,1,17,,2.50,1.800,8.1,0.0,8.1,18.9,2.33
530,Tyler Wells\wellsty01,26,BAL,AL,0,0,,6.52,6,0,1,0,0,0,9.2,8,7,7,4,3,0,11,1,0,0,40,66,7.44,1.138,7.4,3.7,2.8,10.2,3.67
531,J.B. Wendelken\wendejb01,28,OAK,AL,0,0,,4.38,15,0,3,0,0,0,12.1,15,7,6,1,5,0,14,0,0,1,58,90,3.10,1.622,10.9,0.7,3.6,10.2,2.80
532,Zack Wheeler\wheelza01,31,PHI,NL,3,2,.600,2.83,7,7,0,1,1,0,47.2,34,15,15,4,12,0,49,2,0,2,183,140,3.01,0.965,6.4,0.8,2.3,9.3,4.08
533,Mitch White\whitemi03,26,LAD,NL,0,0,,1.69,4,0,1,0,0,0,5.1,4,2,1,1,3,0,3,0,0,1,23,241,6.10,1.313,6.8,1.7,5.1,5.1,1.00
534,Kodi Whitley\whitlko01,26,STL,NL,0,0,,2.70,6,0,2,0,0,0,6.2,3,2,2,1,3,0,5,0,1,1,26,147,4.90,0.900,4.1,1.4,4.1,6.8,1.67
535,Garrett Whitlock\whitlga01,25,BOS,AL,0,1,.000,1.76,8,0,2,0,0,0,15.1,11,4,3,2,2,0,19,0,0,2,58,250,2.71,0.848,6.5,1.2,1.2,11.2,9.50
536,Taylor Widener\widenta01,26,ARI,NL,1,0,1.000,2.82,4,4,0,0,0,0,22.1,19,8,7,4,6,1,18,1,0,1,93,149,4.75,1.119,7.7,1.6,2.4,7.3,3.00
537,Brad Wieck*\wieckbr01,29,CHC,NL,0,0,,0.00,1,0,1,0,0,0,1.0,1,0,0,0,1,0,2,0,0,0,5,,2.10,2.000,9.0,0.0,9.0,18.0,2.00
538,Devin Williams\willide03,26,MIL,NL,0,0,,4.22,11,0,0,0,0,0,10.2,7,5,5,3,9,0,15,1,1,0,48,101,6.75,1.500,5.9,2.5,7.6,12.7,1.67
539,Taylor Williams\willita01,29,SDP,NL,0,0,,1.69,5,0,0,0,0,0,5.1,3,1,1,0,3,0,6,2,0,0,23,234,3.66,1.125,5.1,0.0,5.1,10.1,2.00
540,Trevor Williams\willitr01,29,CHC,NL,2,2,.500,6.00,6,6,0,0,0,0,27.0,33,18,18,5,14,0,29,2,0,0,126,65,5.13,1.741,11.0,1.7,4.7,9.7,2.07
541,Bryse Wilson\wilsobr02,23,ATL,NL,1,2,.333,6.75,3,3,0,0,0,0,12.0,18,10,9,4,5,1,6,0,1,0,56,67,7.68,1.917,13.5,3.0,3.8,4.5,1.20
542,Justin Wilson*\wilsoju10,33,NYY,AL,0,0,,7.04,9,0,2,0,0,0,7.2,8,6,6,2,5,0,7,1,0,1,37,58,7.01,1.696,9.4,2.3,5.9,8.2,1.40
543,Dan Winkler\winklda01,31,CHC,NL,1,0,1.000,0.84,13,0,5,0,0,0,10.2,5,1,1,0,7,0,12,1,0,1,44,470,3.10,1.125,4.2,0.0,5.9,10.1,1.71
544,Matt Wisler\wislema01,28,SFG,NL,1,2,.333,7.94,14,0,2,0,0,0,11.1,12,10,10,2,4,0,13,0,0,0,49,49,4.16,1.412,9.5,1.6,3.2,10.3,3.25
545,Nick Wittgren\wittgni01,30,CLE,AL,2,1,.667,5.79,10,0,1,0,0,1,9.1,8,6,6,1,4,0,10,0,0,0,39,75,3.63,1.286,7.7,1.0,3.9,9.6,2.50
546,Alex Wood*\woodal02,30,SFG,NL,3,0,1.000,1.96,4,4,0,0,0,0,23.0,13,5,5,2,5,0,22,1,0,0,86,197,3.10,0.783,5.1,0.8,2.0,8.6,4.40
547,Jake Woodford\woodfja01,24,STL,NL,0,0,,3.00,3,0,2,0,0,0,6.0,5,2,2,0,5,0,7,2,0,1,28,133,4.26,1.667,7.5,0.0,7.5,10.5,1.40
548,Brandon Woodruff\woodrbr01,28,MIL,NL,2,1,.667,1.73,7,7,0,0,0,0,41.2,21,8,8,2,11,0,51,2,0,2,157,240,2.21,0.768,4.5,0.4,2.4,11.0,4.64
549,Brandon Workman\workmbr01,32,CHC,NL,0,2,.000,6.75,10,0,2,0,0,0,8.0,12,9,6,2,7,0,11,0,0,1,43,59,6.22,2.375,13.5,2.3,7.9,12.4,1.57
550,Kyle Wright\wrighky01,25,ATL,NL,0,0,,4.15,1,1,0,0,0,0,4.1,3,2,2,1,2,0,5,4,0,0,22,114,7.94,1.154,6.2,2.1,4.2,10.4,2.50
551,Miguel Yajure\yajurmi01,23,PIT,NL,0,1,.000,8.31,1,1,0,0,0,0,4.1,4,4,4,2,2,0,4,0,0,0,18,53,8.64,1.385,8.3,4.2,4.2,8.3,2.00
552,Jordan Yamamoto\yamamjo01,25,NYM,NL,1,0,1.000,3.38,1,0,0,0,0,0,2.2,4,1,1,0,0,0,1,1,0,0,12,130,3.47,1.500,13.5,0.0,0.0,3.4,
553,Hyeon-jong Yang*\yanghy01,33,TEX,AL,0,0,,2.25,3,1,0,0,0,0,12.0,10,3,3,2,2,0,13,0,0,0,48,194,3.60,1.000,7.5,1.5,1.5,9.8,6.50
554,Ryan Yarbrough*\yarbrry01,29,TBR,AL,2,3,.400,4.58,7,4,0,0,0,0,37.1,42,22,19,2,8,1,29,5,1,0,163,83,3.28,1.339,10.1,0.5,1.9,7.0,3.63
555,Eric Yardley\yardler01,30,MIL,NL,0,0,,5.73,10,0,2,0,0,0,11.0,14,7,7,2,4,2,4,2,0,0,51,74,6.37,1.636,11.5,1.6,3.3,3.3,1.00
556,Huascar Ynoa\ynoahu01,23,ATL,NL,3,1,.750,2.36,7,6,0,0,0,0,34.1,23,10,9,5,8,0,38,0,0,2,131,188,3.48,0.903,6.0,1.3,2.1,10.0,4.75
557,Alex Young*\youngal01,27,ARI,NL,0,3,.000,4.76,13,0,5,0,0,0,11.1,11,7,6,3,8,2,13,0,0,0,53,90,6.36,1.676,8.7,2.4,6.4,10.3,1.63
558,T.J. Zeuch\zeuchtj01,25,TOR,AL,0,2,.000,6.75,4,2,0,0,0,0,12.0,16,13,9,5,7,0,6,0,0,0,57,63,9.26,1.917,12.0,3.8,5.3,4.5,0.86
559,Kyle Zimmer\zimmeky01,29,KCR,AL,2,0,1.000,3.38,11,0,2,0,0,1,13.1,7,5,5,1,5,0,12,0,0,3,49,131,3.40,0.900,4.7,0.7,3.4,8.1,2.40
560,Bruce Zimmermann*\zimmebr02,26,BAL,AL,1,3,.250,5.40,6,6,0,0,0,0,30.0,39,19,18,7,10,0,22,2,0,0,136,78,5.86,1.633,11.7,2.1,3.0,6.6,2.20
561,Jordan Zimmermann\zimmejo02,35,MIL,NL,0,0,,12.27,1,0,0,0,0,0,3.2,5,5,5,1,2,0,0,1,0,0,19,37,9.10,1.909,12.3,2.5,4.9,0.0,0.00
562,Tyler Zuber\zuberty01,26,KCR,AL,0,0,,4.35,9,0,1,0,0,0,10.1,7,5,5,2,4,0,10,0,0,1,41,102,4.84,1.065,6.1,1.7,3.5,8.7,2.50
563,LgAvg per 180 IP,,,,10,10,.501,4.04,89,21,20,0,0,5,180,158,89,81,24,68,3,186,10,1,8,763,103,4.04,1.256,7.9,1.2,3.4,9.3,2.73