"Name","Team","G","AB","PA","H","1B","2B","3B","HR","R","RBI","BB","IBB","SO","HBP","SF","SH","GDP","SB","CS","AVG","playerid"
"Rene Rivera","CLE","2","5","5","3","2","1","0","0","1","0","0","0","1","0","0","0","0","0","0",".600","3648"
"Chris Owings","COL","7","15","17","8","2","3","3","0","6","3","2","0","2","0","0","0","0","2","0",".533","10030"
"Nick Gordon","MIN","1","2","3","1","1","0","0","0","0","0","1","0","1","0","0","0","0","2","0",".500","16337"
"Ketel Marte","ARI","6","26","28","12","6","4","0","2","5","5","2","0","4","0","0","0","1","0","0",".462","13613"
"Andy Ibanez","TEX","3","5","6","2","2","0","0","0","0","1","0","0","1","0","1","0","0","0","0",".400","18819"
"Buster Posey","SFG","21","73","82","29","18","3","0","8","19","12","8","0","13","1","0","0","5","0","0",".397","9166"
"J.D. Davis","NYM","14","41","48","16","11","3","0","2","5","7","4","1","15","3","0","0","1","0","0",".390","16219"
"Nico Hoerner","CHC","11","36","44","14","8","6","0","0","3","7","8","2","7","0","0","0","0","3","1",".389","21479"
"Mike Trout","LAA","28","96","117","37","20","8","1","8","21","18","19","5","32","2","0","0","0","1","0",".385","10155"
"Yermin Mercedes","CHW","26","92","98","35","25","5","0","5","10","16","6","1","16","0","0","0","1","0","1",".380","17423"
"Danny Mendick","CHW","9","16","22","6","6","0","0","0","2","2","6","0","5","0","0","0","0","0","0",".375","18889"
"Byron Buxton","MIN","24","92","98","34","15","10","0","9","19","17","4","0","23","2","0","0","0","5","0",".370","14161"
"Jean Segura","PHI","18","65","69","24","19","4","0","1","9","7","3","1","10","0","1","0","4","1","0",".369","5933"
"Omar Narvaez","MIL","22","68","79","25","20","2","0","3","7","11","8","0","10","2","1","0","1","0","0",".368","13338"
"Jonathan Lucroy","WSN","5","14","14","5","4","1","0","0","0","2","0","0","2","0","0","0","0","0","0",".357","7870"
"Jesse Winker","CIN","24","96","106","34","21","6","1","6","21","17","9","0","23","1","0","0","1","0","0",".354","13590"
"Christian Yelich","MIL","10","34","41","12","11","1","0","0","8","1","6","0","13","1","0","0","0","2","0",".353","11477"
"Xander Bogaerts","BOS","31","122","131","42","26","10","0","6","19","18","8","1","21","1","0","0","2","2","0",".344","12161"
"Yuli Gurriel","HOU","31","114","131","39","25","9","0","5","14","24","16","0","17","0","1","0","2","0","0",".342","19198"
"J.D. Martinez","BOS","31","120","137","41","21","10","0","10","28","31","16","2","29","1","0","0","8","0","0",".342","6184"
"Tyler Stephenson","CIN","19","47","51","16","13","2","0","1","8","6","3","0","12","1","0","0","2","0","0",".340","17988"
"Yordan Alvarez","HOU","25","97","106","33","19","8","1","5","19","18","4","1","27","3","2","0","3","0","0",".340","19556"
"Willie Calhoun","TEX","17","65","72","22","18","1","0","3","10","8","6","0","10","1","0","0","1","0","0",".338","17838"
"Jordy Mercer","WSN","11","24","25","8","7","1","0","0","1","0","1","0","6","0","0","0","0","0","0",".333","6547"
"Luis Guillorme","NYM","14","18","23","6","6","0","0","0","2","0","5","0","1","0","0","0","0","0","0",".333","16451"
"JT Riddle","MIN","4","6","6","2","2","0","0","0","1","0","0","0","0","0","0","0","0","0","0",".333","17642"
"LaMonte Wade Jr.","SFG","3","6","7","2","1","1","0","0","0","0","1","0","2","0","0","0","0","0","0",".333","18126"
"Ali Sanchez","STL","1","3","3","1","0","1","0","0","0","0","0","0","0","0","0","0","0","0","0",".333","18551"
"Alex De Goti","HOU","2","6","7","2","2","0","0","0","2","1","1","0","2","0","0","0","0","0","0",".333","19477"
"Andy Young","ARI","12","9","14","3","0","0","0","3","4","6","2","0","5","3","0","0","0","0","0",".333","19521"
"Keibert Ruiz","LAD","3","3","3","1","0","0","0","1","1","1","0","0","1","0","0","0","0","0","0",".333","19610"
"Santiago Espinal","TOR","13","24","24","8","6","2","0","0","5","2","0","0","3","0","0","0","1","0","0",".333","19997"
"Justin Turner","LAD","31","112","133","37","23","7","0","7","20","22","18","0","28","1","2","0","2","0","0",".330","5235"
"Corey Dickerson","MIA","29","86","99","28","21","5","1","1","15","7","10","0","17","3","0","0","2","1","2",".326","10762"
"Josh Harrison","WSN","21","77","89","25","18","4","0","3","12","12","8","0","8","4","0","0","1","1","2",".325","8202"
"Yadier Molina","STL","19","65","71","21","11","5","0","5","13","14","5","0","15","0","1","0","0","0","0",".323","7007"
"Bryce Harper","PHI","25","87","107","28","16","6","0","6","20","10","18","2","23","2","0","0","2","3","0",".322","11579"
"Nick Castellanos","CIN","27","112","118","36","19","7","1","9","23","20","5","0","22","1","0","0","2","1","0",".321","11737"
"Ronald Acuna Jr.","ATL","30","112","133","36","18","7","1","10","29","22","17","1","18","2","2","0","0","5","0",".321","18401"
"Vladimir Guerrero Jr.","TOR","31","106","133","34","21","6","0","7","23","22","24","3","22","3","0","0","3","1","0",".321","19611"
"Brandon Nimmo","NYM","21","66","80","21","15","5","0","1","7","8","12","0","22","1","0","1","0","2","1",".318","12927"
"Carson Kelly","ARI","23","66","91","21","13","2","0","6","13","18","18","1","15","4","3","0","4","0","0",".318","13620"
"Jared Walsh","LAA","30","107","122","34","23","4","1","6","14","22","11","1","26","3","1","0","3","0","0",".318","18607"
"Cedric Mullins II","BAL","32","126","140","40","24","11","0","5","17","11","13","1","25","0","1","0","0","3","2",".317","17929"
"Starling Marte","MIA","15","57","69","18","13","2","1","2","15","8","8","0","14","3","1","0","1","3","1",".316","9241"
"Luis Robert","CHW","25","95","103","30","19","9","1","1","11","8","7","0","28","0","1","0","0","4","1",".316","20043"
"Ryan Zimmerman","WSN","19","51","54","16","10","2","0","4","6","10","3","0","14","0","0","0","0","0","0",".314","4220"
"Willians Astudillo","MIN","22","64","65","20","15","2","0","3","5","11","0","0","4","0","1","0","1","0","0",".313","15608"
"Trent Grisham","SDP","24","90","101","28","18","5","0","5","14","9","11","0","26","0","0","0","1","6","0",".311","18564"
"Alex Bregman","HOU","26","100","109","31","23","3","0","5","18","18","8","2","18","1","0","0","5","0","0",".310","17678"
"Raimel Tapia","COL","31","113","122","35","29","2","0","4","13","19","8","0","14","0","1","0","1","3","2",".310","14350"
"Michael Brantley","HOU","28","110","116","34","20","10","1","3","20","7","5","0","14","1","0","0","5","0","0",".309","4106"
"J.T. Realmuto","PHI","30","91","108","28","18","5","1","4","14","15","13","1","24","3","1","0","0","2","0",".308","11739"
"William Contreras","ATL","4","13","15","4","3","0","0","1","3","3","2","0","3","0","0","0","1","0","0",".308","20503"
"Kris Bryant","CHC","30","111","128","34","13","12","0","9","23","22","15","1","32","1","1","0","2","1","1",".306","15429"
"Eric Hosmer","SDP","32","118","133","36","27","5","0","4","12","19","13","1","17","1","1","0","2","3","1",".305","3516"
"Randal Grichuk","TOR","31","115","123","35","24","5","0","6","15","26","7","0","22","0","1","0","2","0","2",".304","10243"
"Yadiel Hernandez","WSN","18","43","49","13","11","1","0","1","4","3","4","0","12","1","1","0","2","2","0",".302","19334"
"Nick Madrigal","CHW","26","93","101","28","22","4","2","0","18","10","5","0","5","2","1","0","1","1","1",".301","20521"
"Giancarlo Stanton","NYY","28","113","122","34","20","5","0","9","16","23","9","1","32","0","0","0","5","0","0",".301","4949"
"Alex Verdugo","BOS","30","113","127","34","22","7","1","4","22","16","10","1","15","2","2","0","2","3","0",".301","17027"
"Donovan Solano","SFG","17","50","54","15","11","4","0","0","5","3","2","0","11","1","1","0","1","1","0",".300","8623"
"Chad Pinder","OAK","4","10","10","3","2","0","0","1","1","2","0","0","5","0","0","0","0","0","0",".300","15191"
"Francisco Mejia","TBR","19","60","67","18","11","6","0","1","4","6","3","0","11","2","1","1","1","0","0",".300","16403"
"Colin Moran","PIT","31","110","121","33","22","7","0","4","10","19","10","0","33","0","1","0","1","1","0",".300","16909"
"Guillermo Heredia","ATL","13","40","49","12","5","5","0","2","7","8","8","1","13","1","0","0","1","0","0",".300","18721"
"Charlie Culberson","TEX","22","67","72","20","12","6","0","2","5","9","3","0","18","0","0","2","1","1","0",".299","3298"
"Tommy Edman","STL","33","134","146","40","30","6","2","2","16","6","10","0","16","2","0","0","0","4","1",".299","19470"
"Jeimer Candelario","DET","33","124","136","37","29","5","0","3","17","12","12","0","35","0","0","0","2","0","0",".298","13621"
"Matt Duffy","CHC","27","54","66","16","13","3","0","0","11","6","9","0","10","2","1","0","5","3","0",".296","13836"
"Zach McKinstry","LAD","17","54","58","16","8","5","0","3","7","14","2","0","14","1","1","0","0","0","0",".296","19392"
"Tucker Barnhart","CIN","24","71","79","21","12","6","0","3","14","11","6","0","30","2","0","0","2","0","0",".296","10200"
"Trevor Story","COL","32","115","131","34","19","9","2","4","19","20","13","2","26","1","2","0","1","4","2",".296","12564"
"Tim Anderson","CHW","21","88","92","26","19","3","0","4","16","12","4","1","27","0","0","0","0","6","2",".295","15172"
"Trea Turner","WSN","28","112","120","33","22","4","0","7","15","13","5","0","26","3","0","0","5","7","0",".295","16252"
"Jarrod Dyson","KCR","16","17","20","5","3","1","1","0","3","0","3","0","4","0","0","0","0","2","0",".294","4866"
"Ender Inciarte","ATL","12","17","20","5","4","1","0","0","3","0","2","0","3","0","0","1","1","0","0",".294","4922"
"Juan Soto","WSN","18","58","69","17","12","2","0","3","13","10","10","2","10","0","1","0","1","1","2",".293","20123"
"Nick Maton","PHI","18","58","61","17","12","5","0","0","3","1","2","0","19","1","0","0","0","0","0",".293","21635"
"Joey Wendle","TBR","31","99","109","29","17","9","0","3","20","16","7","0","20","2","1","0","4","1","1",".293","13853"
"Salvador Perez","KCR","31","123","130","36","21","8","0","7","16","18","4","0","33","3","0","0","2","0","0",".293","7304"
"Kole Calhoun","ARI","13","48","51","14","9","3","0","2","6","5","3","0","13","0","0","0","1","1","0",".292","11200"
"Miguel Rojas","MIA","29","103","118","30","18","9","2","1","21","11","13","0","13","2","0","0","1","3","1",".291","7802"
"Luis Arraez","MIN","25","86","103","25","21","2","1","1","15","11","14","0","11","2","1","0","1","0","0",".291","18568"
"C.J. Cron","COL","29","93","109","27","18","4","0","5","17","15","14","0","27","2","0","0","1","0","0",".290","12546"
"Aledmys Diaz","HOU","19","62","68","18","11","6","0","1","7","12","2","0","12","4","0","0","3","0","0",".290","15937"
"Jazz Chisholm","MIA","21","69","80","20","11","4","1","4","11","7","9","0","25","1","1","0","0","7","0",".290","20454"
"Adam Frazier","PIT","30","121","137","35","24","9","2","0","15","10","12","0","14","3","1","0","3","2","1",".289","15223"
"Nick Solak","TEX","34","128","143","37","26","4","0","7","23","16","8","0","36","7","0","0","4","2","1",".289","19294"
"Rafael Devers","BOS","30","111","128","32","16","9","0","7","19","24","15","1","27","1","1","0","2","2","3",".288","17350"
"Gio Urshela","NYY","28","101","111","29","20","5","0","4","9","16","9","0","25","0","1","0","3","1","0",".287","10681"
"Nelson Cruz","MIN","30","105","118","30","19","2","1","8","20","21","8","1","21","2","3","0","2","0","0",".286","2434"
"Matt Beaty","LAD","21","35","43","10","9","0","0","1","5","13","6","0","8","2","0","0","0","0","0",".286","17710"
"Kyle Garlick","MIN","16","42","45","12","5","6","0","1","7","4","1","0","14","1","1","0","2","0","0",".286","18063"
"Nolan Arenado","STL","33","127","138","36","20","10","1","5","16","22","10","1","20","1","0","0","5","0","0",".283","9777"
"DJ LeMahieu","NYY","30","120","137","34","26","5","0","3","21","9","16","0","23","1","0","0","4","1","0",".283","9874"
"Dylan Carlson","STL","33","113","128","32","20","7","2","3","20","16","11","1","33","2","2","0","2","0","0",".283","20126"
"Jed Lowrie","OAK","32","117","129","33","20","10","0","3","17","22","12","0","21","0","0","0","1","0","0",".282","4418"
"David Peralta","ARI","30","110","121","31","20","4","4","3","15","22","11","2","16","0","0","0","3","1","0",".282","2136"
"Freddy Galvis","BAL","27","89","98","25","14","7","1","3","12","9","7","0","21","1","0","1","1","1","0",".281","6609"
"Evan Longoria","SFG","28","82","96","23","13","6","0","4","15","14","14","2","23","0","0","0","2","0","0",".280","9368"
"Eric Sogard","CHC","29","50","54","14","12","1","1","0","8","4","3","1","9","0","1","0","0","1","0",".280","7927"
"Jesus Aguilar","MIA","29","100","120","28","17","5","0","6","14","25","16","2","18","1","3","0","3","0","0",".280","11342"
"Brad Miller","PHI","22","50","55","14","11","0","0","3","9","8","5","0","19","0","0","0","2","0","0",".280","12775"
"Yonathan Daza","COL","26","68","71","19","16","2","0","1","5","6","1","0","13","0","1","1","2","0","0",".279","15794"
"Bryan Reynolds","PIT","31","115","130","32","18","11","0","3","21","14","14","0","27","1","0","0","3","0","1",".278","19326"
"Shohei Ohtani","LAA","31","115","123","32","11","9","2","10","23","26","5","0","31","3","0","0","2","6","2",".278","19755"
"Tomas Nido","NYM","9","18","21","5","3","0","1","1","3","3","1","0","2","2","0","0","0","0","0",".278","13755"
"Austin Riley","ATL","32","101","118","28","23","2","0","3","16","7","11","1","28","5","1","0","3","0","0",".277","18360"
"Josh Donaldson","MIN","20","65","75","18","11","5","0","2","10","7","9","0","11","0","1","0","4","0","0",".277","5038"
"David Fletcher","LAA","31","134","142","37","33","4","0","0","20","13","5","0","17","0","1","2","2","1","0",".276","17992"
"Anthony Rendon","LAA","15","58","66","16","11","2","0","3","9","11","7","0","11","0","1","0","3","0","0",".276","12861"
"Christian Arroyo","BOS","23","69","76","19","12","7","0","0","9","5","3","0","18","3","0","0","1","1","0",".275","16434"
"Andrew Benintendi","KCR","29","109","120","30","22","5","0","3","18","10","11","0","23","0","0","0","2","5","4",".275","17901"
"Christian Vazquez","BOS","28","102","109","28","20","6","0","2","15","12","6","0","20","0","1","0","4","4","0",".275","9774"
"Franmil Reyes","CLE","28","102","112","28","12","6","2","8","17","22","8","0","33","1","1","0","5","1","0",".275","14566"
"Jose Iglesias","LAA","31","117","120","32","27","3","0","2","14","8","2","0","20","1","0","0","4","1","1",".274","10231"
"Nate Lowe","TEX","34","128","145","35","23","5","0","7","15","25","16","0","40","1","0","0","7","4","0",".273","19566"
"Chris Taylor","LAD","29","99","120","27","16","5","2","4","25","13","16","1","30","5","0","0","3","3","0",".273","13757"
"Kevin Plawecki","BOS","11","33","37","9","6","3","0","0","4","1","2","0","5","1","0","1","2","0","0",".273","13807"
"Isiah Kiner-Falefa","TEX","34","136","148","37","27","3","2","5","21","14","7","0","26","3","1","1","1","6","1",".272","16512"
"Pete Alonso","NYM","27","96","113","26","15","6","0","5","17","17","14","0","29","2","1","0","1","0","0",".271","19251"
"Bo Bichette","TOR","31","126","136","34","20","6","0","8","26","18","7","0","36","2","1","0","3","6","0",".270","19612"
"Starlin Castro","WSN","28","104","113","28","21","6","0","1","4","13","7","0","21","0","2","0","2","0","0",".269","4579"
"Jake Marisnick","CHC","25","52","59","14","5","3","2","4","11","14","5","0","18","2","0","0","0","2","1",".269","11339"
"Matt Olson","OAK","28","104","116","28","14","7","0","7","16","20","9","0","25","2","1","0","4","0","1",".269","14344"
"Adolis Garcia","TEX","24","93","101","25","15","2","1","7","13","20","6","0","33","1","1","0","0","1","3",".269","19287"
"Chad Wallach","MIA","15","41","45","11","9","2","0","0","2","5","1","0","17","1","2","0","1","0","0",".268","17161"
"Pablo Sandoval","ATL","24","30","35","8","5","0","0","3","6","8","5","0","12","0","0","0","0","0","0",".267","5409"
"Jose Altuve","HOU","22","90","100","24","18","4","0","2","15","12","7","0","14","0","3","0","1","1","1",".267","5417"
"J.P. Crawford","SEA","33","105","116","28","22","5","0","1","15","10","10","0","21","1","0","0","3","1","2",".267","15491"
"Daulton Varsho","ARI","9","15","15","4","1","3","0","0","5","1","0","0","1","0","0","0","0","0","0",".267","19918"
"Yan Gomes","WSN","18","64","67","17","11","2","0","4","7","11","2","1","9","1","0","0","3","0","0",".266","9627"
"Michael A. Taylor","KCR","30","98","106","26","22","2","0","2","11","8","8","0","30","0","0","0","1","3","1",".265","11489"
"Wilmer Difo","PIT","22","34","36","9","5","2","1","1","3","3","2","0","13","0","0","0","0","0","0",".265","14320"
"Kyle Isbel","KCR","12","34","36","9","8","0","1","0","5","3","2","0","15","0","0","0","0","1","0",".265","21614"
"Ryan McMahon","COL","32","121","131","32","19","5","0","8","21","21","9","0","31","0","1","0","3","1","0",".264","15112"
"Jake Cronenworth","SDP","33","121","139","32","23","6","1","2","15","9","13","2","19","2","1","1","4","3","1",".264","18036"
"Pavin Smith","ARI","29","110","116","29","17","7","2","3","14","11","6","0","20","0","0","0","5","1","0",".264","19892"
"Anthony Bemboom","LAA","6","19","20","5","5","0","0","0","1","1","1","0","6","0","0","0","1","0","0",".263","13854"
"Josh Rojas","ARI","28","80","90","21","12","4","0","5","15","11","10","0","25","0","0","0","1","1","0",".263","19734"
"Whit Merrifield","KCR","31","122","139","32","22","6","0","4","19","21","12","1","14","1","4","0","2","10","1",".262","11281"
"Andrew Vaughn","CHW","20","61","71","16","11","5","0","0","8","2","7","0","19","2","1","0","2","0","0",".262","26197"
"Garrett Hampson","COL","30","111","124","29","18","7","1","3","22","11","9","0","29","1","2","1","1","7","1",".261","19262"
"A.J. Pollock","LAD","29","92","99","24","15","5","0","4","13","15","7","2","25","0","0","0","2","2","0",".261","9256"
"Austin Hays","BAL","19","73","80","19","11","4","0","4","14","10","5","0","20","1","0","1","0","0","0",".260","19363"
"Avisail Garcia","MIL","30","104","118","27","21","3","0","3","14","16","11","1","32","2","1","0","2","3","2",".260","5760"
"Yandy Diaz","TBR","32","104","128","27","24","3","0","0","9","9","22","0","18","2","0","0","0","0","0",".260","16578"
"Tyler Naquin","CIN","26","81","95","21","13","2","0","6","11","19","10","1","23","3","1","0","0","2","1",".259","13359"
"Mookie Betts","LAD","26","109","128","28","15","9","0","4","17","7","15","1","20","4","0","0","0","4","2",".257","13611"
"Kolten Wong","MIL","22","74","86","19","12","5","0","2","11","5","8","0","14","3","1","0","0","2","1",".257","12532"
"Randy Arozarena","TBR","30","113","129","29","21","5","0","3","18","12","12","0","43","4","0","0","3","4","0",".257","19290"
"Harold Castro","DET","18","39","43","10","10","0","0","0","2","5","4","0","10","0","0","0","1","0","0",".256","14691"
"Tyrone Taylor","MIL","20","43","49","11","6","2","0","3","3","8","3","0","10","3","0","0","1","1","0",".256","13675"
"Asdrubal Cabrera","ARI","28","94","114","24","15","7","0","2","15","12","18","1","20","1","1","0","0","0","0",".255","4962"
"Yoan Moncada","CHW","28","102","120","26","19","4","0","3","12","16","14","0","33","3","1","0","1","0","0",".255","17232"
"Seth Brown","OAK","22","51","55","13","7","2","0","4","6","9","4","0","11","0","0","0","0","0","0",".255","18171"
"Javier Baez","CHC","28","106","115","27","15","3","1","8","18","25","3","1","42","3","2","0","0","6","0",".255","12979"
"Marcus Semien","TOR","31","122","136","31","20","4","0","7","15","16","13","0","33","0","1","0","0","6","0",".254","12533"
"Carlos Correa","HOU","31","122","132","31","19","7","0","5","17","16","8","0","23","1","1","0","6","0","0",".254","14162"
"Jacob Stallings","PIT","25","75","92","19","10","8","0","1","8","9","16","0","19","1","0","0","1","0","0",".253","13723"
"Josh Naylor","CLE","28","99","105","25","14","9","0","2","10","8","4","1","23","1","0","0","1","1","0",".253","18839"
"Jose Ramirez","CLE","31","111","130","28","15","3","1","9","21","17","15","1","16","2","2","0","3","4","0",".252","13510"
"Mark Canha","OAK","33","119","146","30","21","3","1","5","27","9","18","0","28","9","0","0","1","6","1",".252","11445"
"Mitch Haniger","SEA","31","123","135","31","15","7","1","8","21","24","9","0","30","0","3","0","2","0","0",".252","14274"
"Trey Mancini","BAL","32","123","135","31","20","5","0","6","14","26","10","0","29","1","1","0","6","0","0",".252","15149"
"Carlos Santana","KCR","31","112","133","28","18","4","0","6","17","21","20","1","20","0","1","0","2","1","0",".250","2396"
"Drew Butera","LAA","1","4","4","1","0","1","0","0","1","0","0","0","1","0","0","0","0","0","0",".250","3411"
"Dexter Fowler","LAA","7","20","21","5","5","0","0","0","3","1","1","0","6","0","0","0","0","1","0",".250","4062"
"Ehire Adrianza","ATL","22","40","47","10","5","2","1","2","7","10","3","0","6","0","3","1","1","0","0",".250","8418"
"Brock Holt","TEX","15","44","53","11","9","2","0","0","2","5","8","0","11","1","0","0","1","2","0",".250","9345"
"Teoscar Hernandez","TOR","15","60","64","15","12","0","0","3","9","13","4","0","19","0","0","0","0","1","0",".250","13066"
"Harold Ramirez","CLE","5","20","20","5","2","3","0","0","3","2","0","0","2","0","0","0","0","0","0",".250","14387"
"Tyler Wade","NYY","15","8","9","2","2","0","0","0","3","0","1","0","3","0","0","0","0","0","0",".250","15730"
"Alex Blandino","CIN","22","32","38","8","5","3","0","0","5","4","5","0","14","1","0","0","0","1","0",".250","16271"
"Jacob Nottingham","MIL","3","12","12","3","0","1","0","2","2","3","0","0","7","0","0","0","0","0","0",".250","16448"
"Jose Trevino","TEX","24","84","89","21","18","2","0","1","8","3","3","0","19","0","1","1","4","0","0",".250","16725"
"Ramon Laureano","OAK","31","120","133","30","16","5","2","7","20","15","10","0","34","3","0","0","1","8","3",".250","17128"
"Braden Bishop","SEA","8","4","5","1","1","0","0","0","1","0","0","0","2","0","0","1","0","0","0",".250","17806"
"Will Smith","LAD","25","80","99","20","9","7","1","3","15","10","13","2","15","4","2","0","5","1","0",".250","19197"
"Joshua Palacios","TOR","10","28","35","7","7","0","0","0","7","4","3","0","7","2","1","1","0","0","0",".250","19818"
"Didi Gregorius","PHI","28","101","111","25","18","3","0","4","10","22","5","1","21","2","3","0","3","1","0",".248","6012"
"Wil Myers","SDP","32","97","110","24","16","4","0","4","14","14","13","0","25","0","0","0","4","4","3",".247","10047"
"Nick Senzel","CIN","28","81","94","20","16","3","0","1","13","5","12","0","12","0","1","0","0","2","4",".247","19293"
"Ty France","SEA","33","118","138","29","17","9","0","3","20","13","14","0","31","5","1","0","3","0","0",".246","17982"
"Jonathan Villar","NYM","24","57","64","14","9","3","1","1","6","7","6","2","19","1","0","0","0","1","1",".246","10071"
"Aaron Judge","NYY","29","106","122","26","15","4","0","7","12","18","16","0","37","0","0","0","4","0","0",".245","15640"
"Manuel Margot","TBR","31","102","110","25","17","4","1","3","13","17","7","0","21","0","1","0","1","4","2",".245","14712"
"Mike Tauchman","- - -","19","45","49","11","6","4","0","1","7","5","3","0","16","0","0","1","0","2","0",".244","15274"
"Corey Seager","LAD","31","123","143","30","18","6","2","4","17","18","18","1","25","2","0","0","4","1","0",".244","13624"
"Max Stassi","LAA","11","29","32","7","6","0","0","1","4","1","3","0","9","0","0","0","2","0","0",".241","10059"
"Enrique Hernandez","BOS","30","113","124","27","15","7","1","4","19","10","8","0","28","2","1","0","1","0","0",".239","10472"
"Steven Duggar","SFG","8","21","24","5","2","2","1","0","3","3","3","0","7","0","0","0","1","0","0",".238","17719"
"Isan Diaz","MIA","7","21","28","5","3","0","0","2","3","8","6","3","4","0","1","0","0","0","0",".238","17922"
"Jurickson Profar","SDP","32","101","122","24","19","3","1","1","14","10","17","1","21","0","2","1","6","5","0",".238","10815"
"Brandon Crawford","SFG","27","80","91","19","11","2","0","6","14","14","10","1","20","1","0","0","3","3","0",".238","5343"
"Nomar Mazara","DET","12","38","40","9","7","0","0","2","3","5","2","0","7","0","0","0","3","0","0",".237","14553"
"Tyler O'Neill","STL","22","76","80","18","10","3","0","5","13","11","2","0","26","2","0","0","2","3","1",".237","15711"
"Jason Castro","HOU","14","34","41","8","3","3","0","2","6","7","6","0","12","1","0","0","2","0","0",".235","8722"
"Tommy La Stella","SFG","25","68","75","16","11","3","1","1","8","5","6","0","10","0","0","0","0","0","0",".235","12371"
"Kevin Pillar","NYM","20","51","54","12","9","1","0","2","7","5","2","0","11","1","0","0","2","2","1",".235","12434"
"Rhys Hoskins","PHI","33","128","137","30","13","9","0","8","23","18","9","0","46","0","0","0","3","1","0",".234","16472"
"Gleyber Torres","NYY","30","111","128","26","21","5","0","0","11","7","17","0","21","0","0","0","2","2","1",".234","16997"
"Brett Phillips","TBR","23","47","58","11","6","4","0","1","7","5","9","0","20","0","1","1","1","4","2",".234","14735"
"Kyle Seager","SEA","33","124","137","29","14","9","1","5","10","22","9","0","29","2","2","0","0","1","0",".234","9785"
"Billy McKinney","MIL","31","77","83","18","11","3","1","3","9","5","6","0","19","0","0","0","1","1","0",".234","15654"
"Eddie Rosario","CLE","29","107","116","25","17","4","1","3","13","19","7","0","21","0","1","1","2","5","0",".234","12155"
"Eduardo Escobar","ARI","31","120","131","28","14","6","1","7","19","18","10","0","23","0","1","0","1","1","0",".233","6153"
"Tim Locastro","ARI","18","60","68","14","13","0","0","1","8","3","5","0","15","3","0","0","1","4","1",".233","15124"
"Michael Conforto","NYM","26","90","110","21","13","6","0","2","9","10","16","0","23","4","0","0","2","0","0",".233","16376"
"Luis Urias","MIL","30","86","103","20","11","6","0","3","9","14","14","2","27","1","1","0","2","1","0",".233","16622"
"Anthony Rizzo","CHC","32","112","132","26","15","4","2","5","15","11","18","0","19","0","2","0","3","3","0",".232","3473"
"Paul Goldschmidt","STL","31","125","133","29","20","5","0","4","20","17","8","0","35","0","0","0","3","1","0",".232","9218"
"Andrelton Simmons","MIN","21","69","79","16","11","4","0","1","9","7","9","0","15","1","0","0","3","0","0",".232","10847"
"Aristides Aquino","CIN","10","13","14","3","0","1","0","2","2","3","1","1","5","0","0","0","0","0","0",".231","15482"
"Harrison Bader","STL","8","26","29","6","2","1","0","3","4","8","2","1","4","0","1","0","1","2","0",".231","18030"
"Ozzie Albies","ATL","30","109","125","25","10","10","0","5","18","14","12","0","19","2","2","0","0","1","0",".229","16556"
"Jorge Alfaro","MIA","10","35","36","8","7","1","0","0","1","3","1","0","12","0","0","0","0","1","0",".229","12180"
"Pat Valaika","BAL","13","35","38","8","6","1","0","1","3","1","2","0","8","0","0","1","0","0","0",".229","14885"
"Jorge Mateo","SDP","21","35","39","8","5","2","0","1","2","4","1","0","10","3","0","0","0","1","0",".229","17273"
"Niko Goodrum","DET","26","92","100","21","14","2","1","4","12","7","7","0","43","1","0","0","2","4","2",".228","12092"
"Manny Machado","SDP","32","119","137","27","19","3","1","4","16","17","17","1","25","0","1","0","3","5","1",".227","11493"
"Alec Bohm","PHI","33","119","129","27","20","3","0","4","15","18","6","0","34","0","4","0","5","2","0",".227","21618"
"Wilson Ramos","DET","29","97","104","22","11","5","0","6","11","11","5","0","23","0","0","0","1","0","0",".227","1433"
"Joey Votto","CIN","29","106","118","24","13","6","0","5","9","17","11","0","25","1","0","0","1","0","0",".226","4314"
"Joe Panik","TOR","19","53","54","12","8","4","0","0","2","4","1","0","8","0","0","0","1","0","0",".226","11936"
"Jeff McNeil","NYM","26","84","97","19","14","3","0","2","11","6","11","0","8","2","0","0","2","0","0",".226","15362"
"Justin Upton","LAA","26","93","105","21","13","2","0","6","12","13","10","0","30","1","1","0","3","1","0",".226","5222"
"Dominic Smith","NYM","25","93","100","21","15","4","0","2","6","10","6","1","24","0","1","0","2","0","0",".226","15653"
"Mitch Moreland","OAK","25","71","82","16","10","2","0","4","9","13","8","0","19","1","2","0","1","0","0",".225","3086"
"Alejandro Kirk","TOR","17","40","46","9","5","1","0","3","7","8","5","0","6","1","0","0","3","0","0",".225","22581"
"Kurt Suzuki","LAA","17","49","57","11","8","2","0","1","3","4","3","0","11","3","1","1","3","0","0",".224","8259"
"Andrew Stevenson","WSN","26","49","55","11","8","2","0","1","9","5","4","0","16","1","1","0","2","0","0",".224","17932"
"Hanser Alberto","KCR","24","58","60","13","7","4","2","0","5","5","0","0","7","1","0","1","0","0","1",".224","11902"
"Pedro Severino","BAL","24","85","89","19","15","3","0","1","6","2","4","0","23","0","0","0","0","0","0",".224","14523"
"Phillip Evans","PIT","28","99","113","22","16","2","0","4","14","7","10","0","24","4","0","0","2","1","0",".222","12950"
"Mike Zunino","TBR","20","63","69","14","6","2","0","6","14","13","5","0","24","1","0","0","1","0","0",".222","13265"
"Lane Thomas","STL","4","9","10","2","2","0","0","0","0","0","1","0","3","0","0","0","0","0","0",".222","16939"
"Grayson Greiner","DET","13","36","37","8","6","1","0","1","1","4","1","0","16","0","0","0","0","0","0",".222","17062"
"Austin Dean","STL","18","27","34","6","3","2","0","1","4","7","5","0","9","0","2","0","0","0","0",".222","18288"
"Kyle Lewis","SEA","14","54","57","12","7","2","0","3","4","5","3","0","13","0","0","0","0","0","0",".222","19508"
"Taylor Jones","HOU","3","9","10","2","2","0","0","0","2","1","1","0","1","0","0","0","0","0","0",".222","19533"
"Sheldon Neuse","LAD","13","27","27","6","4","0","0","2","3","3","0","0","11","0","0","0","1","0","1",".222","19635"
"Jonathan India","CIN","23","72","86","16","12","1","2","1","9","14","7","1","23","4","3","0","3","0","0",".222","21523"
"Ryan Mountcastle","BAL","31","113","120","25","17","6","0","2","11","9","5","0","36","0","2","0","2","3","0",".221","18373"
"Mike Moustakas","CIN","20","68","80","15","7","5","0","3","11","9","8","0","15","2","2","0","3","0","0",".221","4892"
"Kyle Higashioka","NYY","16","41","48","9","2","3","0","4","7","7","7","0","13","0","0","0","1","0","0",".220","5517"
"Travis d'Arnaud","ATL","23","82","87","18","12","4","0","2","5","11","4","0","20","0","1","0","4","0","0",".220","7739"
"Victor Robles","WSN","28","82","98","18","15","2","1","0","7","1","12","1","24","3","0","1","1","1","3",".220","18363"
"Zack Collins","CHW","14","41","49","9","5","2","0","2","5","6","8","0","13","0","0","0","0","0","0",".220","19181"
"Jorge Polanco","MIN","29","105","119","23","14","6","1","2","15","14","10","0","22","2","2","0","0","2","1",".219","13152"
"Fernando Tatis Jr.","SDP","24","87","99","19","8","3","0","8","21","12","11","0","27","0","1","0","3","5","1",".218","19709"
"Joey Gallo","TEX","33","110","139","24","17","3","0","4","18","13","26","1","50","3","0","0","1","2","0",".218","14128"
"Gavin Lux","LAD","23","78","84","17","14","1","2","0","5","8","4","0","22","0","2","0","2","1","0",".218","19955"
"Myles Straw","HOU","31","101","117","22","18","3","1","0","10","11","13","0","24","1","2","0","2","5","2",".218","17620"
"Kevin Kiermaier","TBR","22","69","76","15","11","3","1","0","8","5","6","1","27","1","0","0","2","3","0",".217","11038"
"Maikel Franco","BAL","31","120","130","26","16","7","0","3","8","18","10","0","26","0","0","0","1","0","0",".217","12179"
"Max Kepler","MIN","21","74","84","16","8","5","1","2","9","12","8","1","17","1","1","0","0","4","0",".216","12144"
"James McCann","NYM","22","74","81","16","15","0","0","1","2","7","7","0","18","0","0","0","5","0","0",".216","12859"
"Marcell Ozuna","ATL","32","125","138","27","20","3","0","4","12","20","12","0","32","1","0","0","4","0","0",".216","10324"
"Brandon Belt","SFG","31","88","105","19","10","3","0","6","13","18","16","0","34","0","1","0","2","2","1",".216","10264"
"Dansby Swanson","ATL","32","116","128","25","15","6","1","3","9","8","9","1","37","3","0","0","3","1","2",".216","18314"
"Victor Caratini","SDP","25","70","81","15","11","2","0","2","7","12","10","0","26","0","1","0","3","1","0",".214","14968"
"Luis Torrens","SEA","23","70","74","15","9","5","0","1","6","4","3","0","17","1","0","0","2","0","0",".214","15905"
"Brian Anderson","MIA","19","70","76","15","10","3","0","2","6","9","6","1","17","0","0","0","1","0","0",".214","18289"
"Alex Kirilloff","MIN","12","42","44","9","2","3","0","4","8","11","1","0","13","0","1","0","0","0","0",".214","20325"
"Adam Duvall","MIA","30","103","109","22","11","4","1","6","13","20","5","0","36","1","0","0","2","1","0",".214","10950"
"Alex Dickerson","SFG","30","75","82","16","12","1","0","3","9","12","5","0","18","2","0","0","3","0","0",".213","12649"
"Sam Haggerty","SEA","23","61","66","13","10","1","0","2","11","5","4","0","20","0","0","1","1","5","1",".213","18054"
"Austin Barnes","LAD","19","47","58","10","9","1","0","0","3","5","10","0","14","1","0","0","2","0","0",".213","12158"
"Mike Yastrzemski","SFG","23","80","91","17","6","6","1","4","11","6","10","2","30","1","0","0","1","1","0",".213","14854"
"Adam Eaton","CHW","26","99","113","21","13","4","1","3","17","19","9","0","28","4","0","1","1","1","0",".212","11205"
"Max Muncy","LAD","31","99","132","21","12","3","1","5","18","14","29","4","32","4","0","0","0","0","0",".212","13301"
"Erik Gonzalez","PIT","29","99","101","21","14","5","0","2","7","14","2","0","18","0","0","0","3","1","0",".212","13369"
"Austin Slater","SFG","29","85","97","18","12","2","1","3","10","8","12","0","33","0","0","0","3","6","0",".212","16153"
"Travis Shaw","MIL","30","104","118","22","14","3","0","5","9","22","11","0","31","2","1","0","1","0","0",".212","11982"
"Lourdes Gurriel Jr.","TOR","28","104","110","22","16","4","0","2","8","9","3","0","24","1","2","0","2","1","0",".212","19238"
"Sandy Leon","MIA","12","38","39","8","8","0","0","0","2","0","1","0","9","0","0","0","1","0","0",".211","5273"
"Willson Contreras","CHC","30","95","113","20","11","2","0","7","17","16","11","1","34","5","2","0","4","2","1",".211","11609"
"Cody Bellinger","LAD","4","19","21","4","2","1","1","0","2","2","2","0","5","0","0","0","0","0","0",".211","15998"
"Darin Ruf","SFG","26","43","55","9","4","1","0","4","9","12","10","1","15","1","1","0","3","1","0",".209","9929"
"Hunter Renfroe","BOS","25","86","94","18","12","3","0","3","12","15","6","0","24","0","2","0","2","0","1",".209","15464"
"Jose Abreu","CHW","30","110","129","23","14","3","0","6","13","23","14","0","36","2","3","0","4","1","0",".209","15676"
"Marwin Gonzalez","BOS","27","91","108","19","12","6","0","1","11","9","10","0","20","6","1","0","3","2","0",".209","5497"
"Cavan Biggio","TOR","27","91","108","19","15","1","1","2","9","5","13","1","33","1","1","1","2","0","1",".209","19252"
"Jace Peterson","MIL","10","24","28","5","3","0","0","2","3","4","4","0","9","0","0","0","0","0","0",".208","12325"
"Stephen Piscotty","OAK","27","72","80","15","9","3","0","3","6","7","7","0","22","1","0","0","2","1","0",".208","13367"
"Andrew Knizner","STL","19","53","58","11","8","3","0","0","8","1","4","1","10","1","0","0","2","0","0",".208","19514"
"Sean Murphy","OAK","26","82","99","17","9","4","0","4","9","13","12","0","25","5","0","0","3","0","0",".207","19352"
"Charlie Blackmon","COL","29","97","112","20","12","6","0","2","10","17","12","1","16","3","0","0","1","0","0",".206","7859"
"Andrew McCutchen","PHI","29","102","120","21","14","2","1","4","12","13","17","0","31","0","1","0","3","2","0",".206","9847"
"David Dahl","TEX","29","102","110","21","14","5","0","2","11","9","4","0","28","1","2","1","2","0","1",".206","13744"
"Luke Raley","LAD","14","34","39","7","5","1","0","1","2","2","2","1","12","3","0","0","1","0","0",".206","19354"
"Stephen Vogt","ARI","17","44","49","9","4","1","1","3","7","10","5","0","11","0","0","0","0","0","0",".205","5000"
"Robbie Grossman","DET","32","108","136","22","16","4","0","2","12","10","25","1","31","2","1","0","0","7","0",".204","5254"
"Dom Nunez","COL","21","64","71","13","4","2","2","5","11","15","7","2","28","0","0","0","0","0","0",".203","15055"
"Wilmer Flores","SFG","32","75","87","15","10","3","0","2","10","12","10","0","11","1","1","0","4","0","0",".200","5827"
"Brett Gardner","NYY","22","55","65","11","9","2","0","0","6","3","7","0","15","0","2","1","0","0","0",".200","9927"
"Cesar Hernandez","CLE","30","115","133","23","16","5","0","2","15","5","18","0","22","0","0","0","1","0","0",".200","10556"
"Ronald Torreyes","PHI","3","5","5","1","1","0","0","0","0","0","0","0","3","0","0","0","0","0","0",".200","11400"
"George Springer","TOR","4","15","18","3","1","0","0","2","3","3","2","0","4","0","0","0","0","1","0",".200","12856"
"Gregory Polanco","PIT","24","80","90","16","10","3","0","3","11","5","10","0","25","0","0","0","2","4","0",".200","12907"
"Mitch Garver","MIN","24","75","81","15","6","3","0","6","8","13","6","0","31","0","0","0","2","0","0",".200","15161"
"Austin Meadows","TBR","31","110","133","22","9","6","0","7","16","17","18","0","31","3","2","0","2","1","0",".200","15672"
"Matt Chapman","OAK","34","115","136","23","13","3","2","5","14","14","18","0","47","1","2","0","2","0","0",".200","16505"
"Edmundo Sosa","STL","10","10","13","2","2","0","0","0","1","0","1","1","3","2","0","0","1","0","1",".200","17022"
"Monte Harrison","MIA","3","5","6","1","1","0","0","0","0","0","0","0","1","0","0","1","0","0","1",".200","17216"
"Ke'Bryan Hayes","PIT","2","5","7","1","0","0","0","1","2","2","2","0","1","0","0","0","0","0","0",".200","18577"
"Jose Rojas","LAA","20","50","55","10","3","7","0","0","5","1","4","0","16","1","0","0","0","0","0",".200","19331"
"Nicky Lopez","KCR","31","85","104","17","13","2","2","0","14","7","14","0","16","0","1","4","1","2","0",".200","19339"
"Zack Short","DET","2","5","7","1","1","0","0","0","0","0","2","0","3","0","0","0","0","0","0",".200","19562"
"Ronnie Dawson","HOU","3","5","6","1","1","0","0","0","2","0","1","0","0","0","0","0","1","0","0",".200","19710"
"Ryan McKenna","BAL","14","15","17","3","2","0","1","0","5","1","2","0","5","0","0","0","0","0","0",".200","19928"
"Alan Trejo","COL","14","20","22","4","3","1","0","0","3","1","2","1","6","0","0","0","1","0","0",".200","20056"
"Willi Castro","DET","28","106","112","21","15","2","2","2","9","8","5","0","34","1","0","0","1","0","0",".198","17338"
"Albert Pujols","LAA","24","86","92","17","12","0","0","5","9","12","3","1","13","3","0","0","4","1","0",".198","1177"
"Nick Ahmed","ARI","24","81","85","16","13","3","0","0","6","4","3","0","21","0","0","1","3","1","1",".198","12147"
"Anthony Santander","BAL","16","56","62","11","8","1","0","2","5","8","2","0","17","1","2","1","0","0","0",".196","14551"
"Aaron Hicks","NYY","29","102","118","20","13","3","0","4","13","12","13","0","27","2","1","0","2","0","0",".196","5297"
"Christian Walker","ARI","13","51","58","10","8","1","0","1","7","4","6","0","14","0","1","0","1","0","0",".196","13419"
"Lewis Brinson","MIA","18","46","47","9","6","2","0","1","2","4","1","0","14","0","0","0","2","0","0",".196","14352"
"Amed Rosario","CLE","27","87","94","17","11","2","2","2","12","7","7","0","20","0","0","0","4","1","0",".195","15518"
"Josh Fuentes","COL","31","87","90","17","14","1","0","2","10","10","2","0","22","0","1","0","2","0","0",".195","16885"
"Akil Baddoo","DET","25","77","82","15","3","5","3","4","7","14","4","0","35","0","1","0","0","2","0",".195","22168"
"Freddie Freeman","ATL","31","113","135","22","12","3","0","7","16","18","21","5","23","1","0","0","3","1","0",".195","5361"
"Kevin Newman","PIT","28","98","104","19","16","2","0","1","6","6","5","0","10","0","1","0","0","0","0",".194","17696"
"Ryan O'Hearn","KCR","10","31","35","6","3","1","0","2","3","2","4","0","14","0","0","0","0","0","0",".194","16442"
"Ha-seong Kim","SDP","25","62","67","12","10","1","0","1","6","4","3","0","16","2","0","0","1","1","1",".194","27506"
"David Bote","CHC","31","88","99","17","11","4","0","2","7","15","7","0","22","2","1","1","3","0","1",".193","14593"
"Jorge Soler","KCR","31","104","123","20","9","9","0","2","11","16","9","0","39","3","3","0","3","0","0",".192","14221"
"Nick Heath","ARI","10","26","29","5","4","1","0","0","3","1","3","0","9","0","0","0","0","0","1",".192","19577"
"Daniel Vogelbach","MIL","31","68","77","13","9","2","0","2","8","5","9","0","18","0","0","0","2","0","0",".191","14130"
"Bobby Dalbec","BOS","27","89","96","17","10","4","1","2","5","9","6","0","33","1","0","0","1","0","0",".191","19966"
"Tony Kemp","OAK","21","42","54","8","7","1","0","0","4","1","10","0","12","1","0","1","0","3","0",".190","14894"
"Pablo Reyes","MIL","9","21","21","4","4","0","0","0","2","1","0","0","4","0","0","0","1","0","0",".190","16357"
"Adam Haseley","PHI","9","21","21","4","3","1","0","0","2","0","0","0","4","0","0","0","0","0","0",".190","19878"
"Kyle Schwarber","WSN","21","79","88","15","8","5","0","2","8","7","7","1","27","2","0","0","0","0","0",".190","16478"
"Luke Maile","MIL","7","16","18","3","3","0","0","0","1","1","1","0","5","1","0","0","0","0","0",".188","13355"
"Brandon Lowe","TBR","31","113","129","21","12","4","0","5","13","14","13","0","40","3","0","0","0","0","0",".186","18882"
"Tommy Pham","SDP","30","81","97","15","14","1","0","0","4","6","12","0","21","2","2","0","2","2","1",".185","2967"
"Jonathan Schoop","DET","30","108","115","20","17","1","0","2","10","8","5","0","33","0","2","0","1","0","0",".185","11265"
"Willy Adames","TBR","33","108","113","20","12","4","1","3","10","8","5","0","40","0","0","0","1","1","1",".185","15986"
"Leury Garcia","CHW","23","76","81","14","11","3","0","0","13","10","3","0","22","0","0","2","4","2","1",".184","5913"
"Lorenzo Cain","MIL","12","38","44","7","3","1","0","3","9","6","6","0","9","0","0","0","0","2","0",".184","9077"
"Garrett Cooper","MIA","28","87","96","16","11","3","0","2","8","10","6","0","31","3","0","0","2","0","0",".184","15279"
"Joc Pederson","CHC","19","60","74","11","9","0","1","1","7","6","9","0","22","3","2","0","1","0","1",".183","11899"
"Jason Heyward","CHC","30","99","107","18","10","4","1","3","12","9","8","0","28","0","0","0","0","2","0",".182","4940"
"Phil Gosselin","LAA","4","11","11","2","1","1","0","0","0","1","0","0","3","0","0","0","1","0","0",".182","10953"
"Gary Sanchez","NYY","21","66","82","12","8","1","0","3","9","5","13","1","18","3","0","0","0","0","0",".182","11442"
"Kyle Farmer","CIN","28","55","64","10","7","2","0","1","7","6","5","0","12","4","0","0","0","0","1",".182","14813"
"Austin Nola","SDP","5","11","14","2","1","1","0","0","0","2","2","0","1","1","0","0","0","0","0",".182","15941"
"Kyle Tucker","HOU","32","110","125","20","11","4","0","5","15","16","10","1","24","1","3","0","3","2","0",".182","18345"
"Justin Williams","STL","31","72","83","13","10","0","0","3","7","9","10","4","29","1","0","0","2","0","1",".181","15490"
"D.J. Stewart","BAL","22","72","83","13","9","2","0","2","10","8","11","0","20","0","0","0","2","0","0",".181","17766"
"Paul DeJong","STL","31","111","125","20","11","2","0","7","17","15","13","0","30","1","0","0","2","0","0",".180","18015"
"Jake Bauers","CLE","25","50","57","9","6","2","0","1","3","4","6","1","13","0","0","0","0","0","0",".180","15194"
"Ramon Urias","BAL","21","50","55","9","6","2","0","1","6","4","5","0","17","0","0","0","0","0","1",".180","18795"
"Jackie Bradley Jr.","MIL","30","106","115","19","11","3","2","3","13","6","3","0","36","6","0","0","0","1","1",".179","12984"
"Franchy Cordero","BOS","25","67","73","12","9","3","0","0","8","6","5","0","29","0","0","1","0","1","0",".179","14567"
"Mauricio Dubon","SFG","27","62","68","11","7","3","0","1","3","7","4","2","17","1","1","0","1","1","1",".177","16530"
"Odubel Herrera","PHI","12","34","36","6","5","0","0","1","2","4","2","0","8","0","0","0","0","0","0",".176","11476"
"Mike Brosseau","TBR","23","68","74","12","6","4","0","2","9","8","4","0","23","2","0","0","1","0","0",".176","19683"
"Andres Gimenez","CLE","24","68","73","12","6","4","0","2","7","4","3","0","23","1","0","1","1","3","0",".176","19950"
"Francisco Lindor","NYM","26","97","117","17","14","1","0","2","13","5","16","1","15","2","1","1","1","0","1",".175","12916"
"Rowdy Tellez","TOR","19","64","67","11","8","2","0","1","5","3","2","0","16","1","0","0","1","0","0",".172","15679"
"Jordan Luplow","CLE","24","70","85","12","3","3","0","6","10","16","14","0","20","1","0","0","0","0","1",".171","16424"
"Dustin Fowler","PIT","18","41","46","7","6","1","0","0","3","2","3","0","20","1","1","0","0","1","0",".171","17098"
"Jon Berti","MIA","27","71","84","12","6","4","0","2","11","8","11","0","22","1","1","0","2","1","2",".169","12037"
"Hunter Dozier","KCR","27","95","102","16","5","4","2","5","10","14","7","0","30","0","0","0","5","1","1",".168","15117"
"Ryan McBroom","KCR","5","6","7","1","1","0","0","0","1","0","1","0","5","0","0","0","0","0","0",".167","16524"
"Ian Happ","CHC","26","84","102","14","11","1","0","2","9","4","15","0","33","2","0","1","0","1","1",".167","17919"
"Jose Devers","MIA","8","12","13","2","2","0","0","0","2","1","0","0","5","0","1","0","0","0","0",".167","20540"
"Tucupita Marcano","SDP","10","12","13","2","1","1","0","0","1","1","1","0","1","0","0","0","1","0","0",".167","22871"
"Rougned Odor","NYY","19","61","70","10","6","0","0","4","8","11","7","0","10","2","0","0","2","0","0",".164","12282"
"Rio Ruiz","BAL","26","74","82","12","6","3","0","3","9","6","8","0","26","0","0","0","2","2","0",".162","14103"
"JaCoby Jones","DET","25","74","76","12","8","2","0","2","5","7","2","0","32","0","0","0","2","1","0",".162","14818"
"Chance Sisco","BAL","13","37","40","6","5","1","0","0","2","2","1","0","13","2","0","0","0","0","0",".162","15694"
"Taylor Trammell","SEA","26","81","93","13","6","3","0","4","12","11","10","0","40","1","0","1","0","2","2",".160","19960"
"Manny Pina","MIL","10","25","29","4","1","1","0","2","3","5","3","0","6","0","1","0","1","0","0",".160","2829"
"Yoshi Tsutsugo","TBR","25","75","84","12","8","4","0","0","5","5","8","0","25","0","0","1","1","0","0",".160","27459"
"Tony Wolters","CHC","11","19","25","3","3","0","0","0","3","0","5","0","9","0","0","1","1","0","1",".158","11470"
"Clint Frazier","NYY","27","77","92","12","6","3","0","3","8","6","15","0","23","0","0","0","3","0","0",".156","15983"
"Jose Marmolejos","SEA","23","58","68","9","4","2","0","3","7","8","10","0","23","0","0","0","0","0","0",".155","15767"
"Juan Lagares","LAA","5","13","14","2","1","1","0","0","1","0","1","0","1","0","0","0","1","0","0",".154","5384"
"Matt Adams","COL","7","13","15","2","2","0","0","0","1","0","2","0","4","0","0","0","0","0","0",".154","9393"
"Robel Garcia","HOU","10","13","14","2","2","0","0","0","1","1","1","0","4","0","0","0","0","0","0",".154","13167"
"Josh VanMeter","ARI","28","52","62","8","5","1","1","1","8","5","10","0","16","0","0","0","1","0","0",".154","15170"
"Jason Vosler","SFG","7","13","14","2","1","1","0","0","3","1","1","0","2","0","0","0","0","1","0",".154","16686"
"Magneuris Sierra","MIA","23","26","29","4","4","0","0","0","6","0","3","0","6","0","0","0","1","2","0",".154","17023"
"Chas McCormick","HOU","16","26","30","4","1","2","0","1","7","7","1","0","8","2","1","0","0","1","0",".154","19599"
"Jake Cave","MIN","29","79","88","12","7","4","0","1","8","2","6","0","34","2","0","1","0","1","0",".152","14477"
"Keston Hiura","MIL","26","79","89","12","6","4","1","1","8","5","6","0","32","4","0","0","4","1","0",".152","20003"
"Andrew Knapp","PHI","17","33","37","5","4","0","0","1","3","5","3","0","18","0","1","0","0","0","0",".152","14942"
"Elvis Andrus","OAK","32","108","117","16","13","3","0","0","7","4","7","1","22","0","2","0","2","3","1",".148","8709"
"Scott Schebler","LAA","11","27","27","4","1","3","0","0","2","0","0","0","11","0","0","0","0","0","0",".148","12225"
"Renato Nunez","DET","7","27","29","4","0","2","0","2","5","3","1","0","8","1","0","0","1","0","0",".148","14503"
"Ryan Jeffers","MIN","11","34","37","5","4","1","0","0","3","1","3","0","18","0","0","0","0","0","0",".147","24618"
"Josh Bell","WSN","19","69","77","10","4","3","0","3","15","10","6","0","20","1","1","0","1","0","0",".145","13145"
"Michael Perez","PIT","10","28","32","4","2","1","0","1","2","3","3","0","10","1","0","0","0","0","0",".143","12977"
"Jake Lamb","CHW","10","21","28","3","3","0","0","0","4","0","7","0","8","0","0","0","1","0","0",".143","13329"
"Jose Peraza","NYM","4","7","7","1","1","0","0","0","1","0","0","0","0","0","0","0","0","0","0",".143","13593"
"Victor Reyes","DET","21","63","65","9","5","3","0","1","6","3","2","0","18","0","0","0","1","2","0",".143","15487"
"Mark Payton","CIN","10","7","8","1","1","0","0","0","1","0","1","0","1","0","0","0","0","0","0",".143","16042"
"Luis Garcia","WSN","6","7","8","1","1","0","0","0","1","0","1","0","3","0","0","0","0","0","0",".143","20391"
"Yu-Cheng Chang","CLE","21","50","53","7","5","2","0","0","5","5","3","0","11","0","0","0","1","0","0",".140","14773"
"Roman Quinn","PHI","24","44","52","6","3","1","2","0","6","2","5","0","16","3","0","0","0","4","3",".136","13546"
"Dylan Moore","SEA","32","88","104","12","5","4","0","3","9","13","14","0","35","1","1","0","1","6","1",".136","18042"
"Martin Maldonado","HOU","23","74","80","10","6","2","1","1","6","2","6","0","30","0","0","0","1","0","0",".135","6887"
"Eugenio Suarez","CIN","29","111","126","15","6","4","0","5","15","12","12","0","47","2","1","0","2","0","0",".135","12552"
"Aramis Garcia","OAK","13","37","40","5","4","0","0","1","3","2","1","0","14","1","0","1","1","0","0",".135","16925"
"Evan White","SEA","25","82","88","11","8","2","0","1","6","6","5","0","26","1","0","0","1","0","0",".134","20078"
"Tom Murphy","SEA","20","60","66","8","3","2","0","3","8","5","4","0","23","0","0","0","1","0","0",".133","13499"
"Roberto Perez","CLE","19","61","73","8","4","1","0","3","6","9","11","0","28","1","0","0","1","1","0",".131","2900"
"Billy Hamilton","CHW","14","23","26","3","3","0","0","0","3","2","2","0","6","0","0","1","0","2","0",".130","10199"
"Elias Diaz","COL","16","47","52","6","4","2","0","0","4","1","5","0","14","0","0","0","1","0","0",".128","11680"
"Eli White","TEX","20","55","60","7","6","0","1","0","3","4","5","0","20","0","0","0","1","2","2",".127","19346"
"Miguel Cabrera","DET","18","63","71","8","5","1","0","2","4","5","8","0","22","0","0","0","4","0","0",".127","1744"
"Jon Jay","LAA","3","8","8","1","1","0","0","0","0","0","0","0","2","0","0","0","0","0","0",".125","5227"
"Alex Avila","WSN","6","16","21","2","0","2","0","0","0","2","4","0","4","1","0","0","2","0","0",".125","7476"
"Ildemaro Vargas","CHC","5","8","10","1","1","0","0","0","2","0","2","0","2","0","0","0","1","1","0",".125","13324"
"Jonah Heim","TEX","12","40","44","5","1","2","0","2","6","4","3","0","10","0","1","0","3","1","0",".125","16930"
"Ka'ai Tom","- - -","16","32","40","4","4","0","0","0","1","4","5","0","9","1","2","0","1","0","0",".125","18136"
"Cristian Pache","ATL","17","48","52","6","3","2","0","1","5","4","2","0","22","1","0","1","0","0","0",".125","19948"
"Miguel Sano","MIN","18","57","72","7","5","0","0","2","7","5","15","0","26","0","0","0","1","0","0",".123","12164"
"Yasmani Grandal","CHW","20","58","81","7","3","2","0","2","11","9","22","0","16","0","0","1","4","0","0",".121","11368"
"Mickey Moniak","PHI","11","25","28","3","2","0","0","1","3","3","3","1","12","0","0","0","0","0","0",".120","19956"
"Wyatt Mathisen","ARI","23","42","51","5","4","0","0","1","3","8","5","0","21","3","1","0","0","0","0",".119","14555"
"Jay Bruce","NYY","10","34","39","4","2","1","0","1","3","3","5","0","13","0","0","0","2","0","0",".118","9892"
"Austin Romine","CHC","6","9","9","1","0","1","0","0","1","1","0","0","3","0","0","0","0","0","0",".111","5491"
"Matt Carpenter","STL","31","54","65","6","3","0","0","3","7","10","8","1","20","2","1","0","0","0","0",".111","8090"
"Austin Hedges","CLE","12","36","40","4","2","0","0","2","3","3","3","1","16","0","0","1","0","0","0",".111","12976"
"Cam Gallagher","KCR","9","18","19","2","1","1","0","0","0","1","0","0","4","0","1","0","0","0","0",".111","12981"
"Jonathan Davis","TOR","18","27","32","3","2","0","0","1","7","1","4","0","9","1","0","0","0","1","1",".111","15104"
"Max Schrock","CIN","5","9","9","1","1","0","0","0","1","0","0","0","5","0","0","0","0","0","0",".111","17750"
"Scott Kingery","PHI","10","9","9","1","1","0","0","0","0","0","0","0","4","0","0","0","0","0","0",".111","17975"
"Sam Hilliard","COL","20","37","39","4","1","0","1","2","6","4","2","1","19","0","0","0","0","0","0",".108","17954"
"Curt Casali","SFG","16","38","46","4","3","1","0","0","2","5","8","0","12","0","0","0","1","0","0",".105","12510"
"Daniel Robertson","MIL","18","38","43","4","3","1","0","0","3","0","3","0","13","1","0","1","1","0","0",".105","14145"
"Brent Rooker","MIN","8","29","30","3","1","1","0","1","1","2","1","0","13","0","0","0","0","0","0",".103","19627"
"Matt Joyce","PHI","18","30","38","3","2","1","0","0","2","0","7","0","6","1","0","0","1","0","0",".100","3353"
"Taylor Ward","LAA","3","10","12","1","0","0","0","1","1","1","1","0","2","0","0","1","0","0","0",".100","17548"
"Jake Fraley","SEA","5","10","19","1","0","1","0","0","2","1","8","0","3","1","0","0","0","1","0",".100","19260"
"Geraldo Perdomo","ARI","4","10","13","1","1","0","0","0","1","0","3","1","2","0","0","0","0","0","0",".100","22799"
"Danny Jansen","TOR","23","63","69","6","3","1","0","2","7","4","6","0","15","0","0","0","2","0","0",".095","16535"
"Orlando Arcia","MIL","4","11","11","1","1","0","0","0","0","1","0","0","3","0","0","0","0","0","0",".091","13185"
"Mike Ford","NYY","11","33","38","3","1","0","0","2","4","3","5","0","11","0","0","0","0","0","0",".091","15585"
"Luis Campusano","SDP","11","34","38","3","3","0","0","0","0","1","4","0","11","0","0","0","2","0","0",".088","22217"
"Leody Taveras","TEX","15","46","50","4","4","0","0","0","2","1","3","0","23","1","0","0","1","2","0",".087","18900"
"Anthony Alford","PIT","11","24","29","2","2","0","0","0","2","0","4","0","16","1","0","0","1","1","1",".083","14329"
"John Nogowski","STL","13","12","14","1","1","0","0","0","2","0","1","0","1","1","0","0","1","0","0",".083","16852"
"Abraham Toro","HOU","6","12","13","1","1","0","0","0","0","0","1","0","0","0","0","0","1","0","0",".083","19844"
"Ben Rortvedt","MIN","5","12","13","1","1","0","0","0","1","1","1","0","6","0","0","0","0","0","0",".083","20287"
"Edwin Rios","LAD","25","51","60","4","3","0","0","1","4","1","7","0","18","2","0","0","3","0","0",".078","18316"
"Ben Gamel","CLE","11","14","17","1","0","1","0","0","1","0","3","0","6","0","0","0","1","0","0",".071","12160"
"Luis Rengifo","LAA","4","14","15","1","1","0","0","0","1","0","1","0","2","0","0","0","1","0","0",".071","19858"
"Albert Almora Jr.","NYM","17","16","17","1","1","0","0","0","1","0","1","0","6","0","0","0","0","0","0",".063","14109"
"Ronald Guzman","TEX","7","16","17","1","0","0","0","1","1","1","1","0","6","0","0","0","0","0","0",".063","14388"
"Anderson Tejeda","TEX","5","16","17","1","1","0","0","0","1","0","1","0","10","0","0","0","0","1","0",".063","19909"
"Vimael Machin","OAK","7","17","19","1","1","0","0","0","1","1","2","0","6","0","0","0","2","0","0",".059","17684"
"Hernan Perez","WSN","10","19","21","1","1","0","0","0","1","0","2","0","10","0","0","0","0","0","0",".053","5751"
"Alex Jackson","ATL","10","23","28","1","1","0","0","0","2","0","2","1","13","3","0","0","0","0","0",".043","17276"
"Todd Frazier","PIT","11","27","32","1","0","1","0","0","3","4","3","0","5","2","0","0","1","0","0",".037","785"
"Jeff Mathis","ATL","1","3","3","0","0","0","0","0","0","0","0","0","0","0","0","0","0","0","0",".000","3448"
"Sean Kazmar","ATL","3","2","2","0","0","0","0","0","0","0","0","0","0","0","0","0","1","0","0",".000","7349"
"Nick Martini","CHC","1","1","1","0","0","0","0","0","0","0","0","0","0","0","0","0","0","0","0",".000","12005"
"Kevan Smith","TBR","1","0","0","0","0","0","0","0","0","0","0","0","0","0","0","0","0","0","0",".000","12284"
"Nick Williams","CHW","4","10","13","0","0","0","0","0","2","0","1","0","4","2","0","0","1","0","0",".000","14330"
"Tzu-Wei Lin","MIN","1","0","0","0","0","0","0","0","0","0","0","0","0","0","0","0","0","0","0",".000","14678"
"Johan Camargo","ATL","9","11","12","0","0","0","0","0","0","0","1","0","5","0","0","0","0","0","0",".000","14950"
"Jack Mayfield","LAA","2","3","3","0","0","0","0","0","0","0","0","0","2","0","0","0","0","0","0",".000","15402"
"Joseph Odom","TBR","2","2","2","0","0","0","0","0","0","0","0","0","1","0","0","0","0","0","0",".000","15535"
"Reese McGuire","TOR","1","2","3","0","0","0","0","0","0","0","1","0","2","0","0","0","0","0","0",".000","15674"
"Miguel Andujar","NYY","1","4","4","0","0","0","0","0","0","0","0","0","0","0","0","0","0","0","0",".000","15878"
"Connor Joe","COL","1","1","1","0","0","0","0","0","0","0","0","0","0","0","0","0","0","0","0",".000","16572"
"Kevin Padlo","TBR","3","6","8","0","0","0","0","0","0","0","2","0","5","0","0","0","0","0","0",".000","16593"
"Brian O'Grady","SDP","1","1","1","0","0","0","0","0","0","0","0","0","0","0","0","0","0","0","0",".000","16729"
"Derek Hill","DET","2","1","1","0","0","0","0","0","0","0","0","0","1","0","0","0","0","0","0",".000","16947"
"Michael Chavis","BOS","1","0","0","0","0","0","0","0","1","0","0","0","0","0","0","0","0","0","0",".000","17321"
"Skye Bolt","SFG","2","1","1","0","0","0","0","0","0","0","0","0","1","0","0","0","0","0","0",".000","17723"
"Garrett Stubbs","HOU","1","0","0","0","0","0","0","0","0","0","0","0","0","0","0","0","0","0","0",".000","18067"
"Austin Allen","OAK","1","4","4","0","0","0","0","0","0","0","0","0","1","0","0","0","0","0","0",".000","18083"
"Patrick Mazeika","NYM","2","2","2","0","0","0","0","0","0","1","0","0","0","0","0","0","0","0","0",".000","18142"
"Travis Blankenhorn","MIN","1","0","0","0","0","0","0","0","1","0","0","0","0","0","0","0","0","0","0",".000","18395"
"Corey Ray","MIL","1","2","3","0","0","0","0","0","1","0","1","0","1","0","0","0","0","0","0",".000","19170"
"DJ Peters","LAD","3","5","5","0","0","0","0","0","0","0","0","0","4","0","0","0","0","0","0",".000","19348"
"Jack Kruger","LAA","1","0","0","0","0","0","0","0","0","0","0","0","0","0","0","0","0","0","0",".000","19634"
"Daniel Johnson Jr.","CLE","2","9","9","0","0","0","0","0","0","0","0","0","5","0","0","0","0","0","0",".000","19643"
"Carter Kieboom","WSN","2","1","2","0","0","0","0","0","0","0","1","0","1","0","0","0","0","0","0",".000","19958"
"Tres Barrera","WSN","1","2","2","0","0","0","0","0","0","0","0","0","1","0","0","0","0","0","0",".000","19977"
"Hunter Owen","PIT","2","3","4","0","0","0","0","0","0","0","0","0","2","1","0","0","0","0","0",".000","20034"
"Mario Feliciano","MIL","1","0","1","0","0","0","0","0","1","0","1","0","0","0","0","0","0","0","0",".000","20263"
"Luis Gonzalez","CHW","1","0","0","0","0","0","0","0","0","0","0","0","0","0","0","0","0","0","0",".000","20332"
"Scott Hurst","STL","7","5","5","0","0","0","0","0","0","0","0","0","1","0","0","0","0","0","0",".000","20501"
"Joey Bart","SFG","1","1","1","0","0","0","0","0","0","0","0","0","0","0","0","0","0","0","0",".000","21524"
"Rodolfo Castro","PIT","1","3","3","0","0","0","0","0","0","0","0","0","1","0","0","0","0","0","0",".000","21987"
"Cody Wilson","WSN","1","1","1","0","0","0","0","0","0","0","0","0","0","0","0","0","0","0","0",".000","24671"
"Shogo Akiyama","CIN","1","3","3","0","0","0","0","0","0","0","0","0","0","0","0","0","0","0","0",".000","27461"
