Rk,Name,Age,Tm,Lg,G,PA,AB,R,H,2B,3B,HR,RBI,SB,CS,BB,SO,BA,OBP,SLG,OPS,OPS+,TB,GDP,HBP,SH,SF,IBB,Pos Summary
1,Bryan Abreu\abreubr01,24,HOU,AL,1,0,0,0,0,0,0,0,0,0,0,0,0,,,,,,0,0,0,0,0,0,/1
2,José Abreu\abreujo02,34,CHW,AL,18,79,68,9,15,2,0,4,14,1,0,10,25,.221,.316,.426,.743,112,29,3,0,0,1,0,*3/D
3,Ronald Acuna Jr.\acunaro01,23,ATL,NL,16,72,62,21,26,6,1,7,16,3,0,9,10,.419,.486,.887,1.373,255,55,0,0,0,1,0,*9
4,Jason Adam\adamja01,29,CHC,NL,7,0,0,0,0,0,0,0,0,0,0,0,0,,,,,,0,0,0,0,0,0,/1
5,Willy Adames\adamewi01,25,TBR,AL,19,65,63,7,13,3,1,2,5,1,1,2,19,.206,.231,.381,.612,77,24,0,0,0,0,0,*6/H
6,Austin Adams\adamsau02,30,SDP,NL,6,0,0,0,0,0,0,0,0,0,0,0,0,,,,,,0,0,0,0,0,0,/1
7,Ehire Adrianza#\adriaeh01,31,ATL,NL,13,33,27,6,8,2,1,2,8,0,0,2,4,.296,.313,.667,.979,151,18,1,0,1,3,0,/H459
8,Jesus Aguilar\aguilje01,31,MIA,NL,17,68,56,5,16,4,0,0,11,0,0,10,7,.286,.382,.357,.739,108,20,1,0,0,2,0,*3/H
9,Nick Ahmed\ahmedni01,31,ARI,NL,11,42,40,2,3,0,0,0,2,1,0,2,10,.075,.119,.075,.194,-45,3,0,0,0,0,0,6/H
10,Hanser Alberto\alberha01,28,KCR,AL,14,40,38,5,9,4,2,0,5,0,1,0,5,.237,.256,.447,.704,93,17,0,1,1,0,0,*5/H416
11,Ozzie Albies#\albieoz01,24,ATL,NL,16,69,58,7,9,4,0,2,8,0,0,7,11,.155,.261,.328,.588,55,19,0,2,0,2,0,*4
12,Jorge Alcala\alcaljo01,25,MIN,AL,1,0,0,0,0,0,0,0,0,0,0,0,0,,,,,,0,0,0,0,0,0,/1
13,Sandy Alcantara\alcansa01,25,MIA,NL,4,8,8,0,0,0,0,0,0,0,0,0,7,.000,.000,.000,.000,-100,0,0,0,0,0,0,/1
14,Scott Alexander*\alexasc02,31,LAD,NL,6,0,0,0,0,0,0,0,0,0,0,0,0,,,,,,0,0,0,0,0,0,/1
15,Jorge Alfaro\alfarjo01,28,MIA,NL,10,36,35,1,8,1,0,0,3,1,0,1,12,.229,.250,.257,.507,42,9,0,0,0,0,0,/2H
16,Anthony Alford\alforan01,26,PIT,NL,11,29,24,2,2,0,0,0,0,1,1,4,16,.083,.241,.083,.325,-4,2,1,1,0,0,0,/8H9
17,Logan Allen\allenlo01,24,CLE,AL,1,1,1,0,0,0,0,0,0,0,0,0,1,.000,.000,.000,.000,-100,0,0,0,0,0,0,/1
18,Yency Almonte#\almonye01,27,COL,NL,9,0,0,0,0,0,0,0,0,0,0,0,0,,,,,,0,0,0,0,0,0,/1
19,Albert Almora\almoral01,27,NYM,NL,7,4,4,1,1,0,0,0,0,0,0,0,2,.250,.250,.250,.500,42,1,0,0,0,0,0,/8H
20,Pete Alonso\alonspe01,26,NYM,NL,14,58,52,7,12,2,0,4,11,0,0,5,17,.231,.293,.500,.793,119,26,1,0,0,1,0,*3
21,Dan Altavilla\altavda01,28,SDP,NL,2,0,0,0,0,0,0,0,0,0,0,0,0,,,,,,0,0,0,0,0,0,/1
22,Jose Altuve\altuvjo01,31,HOU,AL,11,50,44,11,14,3,0,1,5,0,0,5,6,.318,.380,.455,.835,136,20,1,0,0,1,0,4
23,Jose Alvarado*\alvarjo03,26,PHI,NL,6,0,0,0,0,0,0,0,0,0,0,0,0,,,,,,0,0,0,0,0,0,/1
24,Jose Alvarez*\alvarjo02,32,SFG,NL,6,0,0,0,0,0,0,0,0,0,0,0,0,,,,,,0,0,0,0,0,0,/1
25,Yordan Álvarez*\alvaryo01,24,HOU,AL,13,55,51,7,14,4,0,2,8,0,0,2,13,.275,.309,.471,.780,118,24,1,1,0,1,0,*D/H
26,Adbert Alzolay\alzolad01,26,CHC,NL,2,3,3,0,0,0,0,0,0,0,0,0,1,.000,.000,.000,.000,-100,0,0,0,0,0,0,/1
27,Brett Anderson*\anderbr04,33,MIL,NL,3,7,6,0,0,0,0,0,1,0,0,1,3,.000,.143,.000,.143,-56,0,1,0,0,0,0,/1
28,Brian Anderson\anderbr06,28,MIA,NL,16,65,60,3,11,3,0,1,5,0,0,5,15,.183,.246,.283,.529,47,17,1,0,0,0,0,*5
29,Chase Anderson\anderch01,33,PHI,NL,3,3,3,0,0,0,0,0,0,0,0,0,1,.000,.000,.000,.000,-100,0,0,0,0,0,0,/1
30,Ian Anderson\anderia01,23,ATL,NL,3,4,3,0,1,1,0,0,0,0,0,0,1,.333,.333,.667,1.000,158,2,0,0,1,0,0,/1
31,Tim Anderson\anderti01,28,CHW,AL,9,38,38,9,13,1,0,3,3,3,0,0,9,.342,.342,.605,.947,166,23,0,0,0,0,0,/6
32,Tyler Anderson*\anderty01,31,PIT,NL,3,6,6,0,0,0,0,0,0,0,0,0,5,.000,.000,.000,.000,-100,0,0,0,0,0,0,/1
33,Matt Andriese\andrima01,31,BOS,AL,1,0,0,0,0,0,0,0,0,0,0,0,0,,,,,,0,0,0,0,0,0,/1
34,Elvis Andrus\andruel01,32,OAK,AL,19,70,63,5,9,3,0,0,4,3,0,5,14,.143,.200,.190,.390,17,12,2,0,0,2,1,*6
35,Tejay Antone\antonte01,27,CIN,NL,6,3,1,1,0,0,0,0,0,0,0,1,1,.000,.500,.000,.500,48,0,0,0,1,0,0,/1
36,Aristides Aquino\aquinar01,27,CIN,NL,10,14,13,2,3,1,0,2,3,0,0,1,5,.231,.286,.769,1.055,166,10,0,0,0,0,1,/H978
37,Chris Archer\archech01,32,TBR,AL,1,0,0,0,0,0,0,0,0,0,0,0,0,,,,,,0,0,0,0,0,0,/1
38,Orlando Arcia\arciaor01,26,MIL,NL,4,11,11,0,1,0,0,0,1,0,0,0,3,.091,.091,.091,.182,-50,1,0,0,0,0,0,/56
39,Nolan Arenado\arenano01,30,STL,NL,18,77,71,9,19,4,0,4,10,0,0,6,14,.268,.325,.493,.818,128,35,2,0,0,0,1,*5
40,Shawn Armstrong\armstsh01,30,BAL,AL,1,0,0,0,0,0,0,0,0,0,0,0,0,,,,,,0,0,0,0,0,0,/1
41,Randy Arozarena\arozara01,26,TBR,AL,17,74,68,9,19,3,0,2,7,1,0,4,24,.279,.338,.412,.750,121,28,3,2,0,0,0,*9/78H
42,Luis Arraez*\arraelu01,24,MIN,AL,16,66,55,9,17,2,0,1,8,0,0,10,8,.309,.409,.400,.809,138,22,1,0,0,1,0,5/47
43,Jake Arrieta\arrieja01,35,CHC,NL,4,8,6,0,0,0,0,0,0,0,0,1,6,.000,.143,.000,.143,-55,0,0,0,1,0,0,/1
44,Christian Arroyo\arroych01,26,BOS,AL,14,47,44,6,16,7,0,0,3,1,0,2,9,.364,.404,.523,.927,158,23,0,1,0,0,0,*4/H6
45,Willians Astudillo\astudwi01,29,MIN,AL,12,36,35,1,10,2,0,0,5,0,0,0,1,.286,.278,.343,.621,80,12,0,0,0,1,0,/354H21
46,Alex Avila*\avilaal01,34,WSN,NL,3,10,9,0,2,2,0,0,1,0,0,1,3,.222,.300,.444,.744,105,4,0,0,0,0,0,/2
47,Luis Avilan*\avilalu01,31,WSN,NL,4,0,0,0,0,0,0,0,0,0,0,0,0,,,,,,0,0,0,0,0,0,/1
48,Akil Baddoo*\baddoak01,22,DET,AL,14,46,44,6,13,4,2,4,13,1,0,1,18,.295,.304,.750,1.054,188,33,0,0,0,1,0,*/789H
49,Javier Baez\baezja01,28,CHC,NL,18,73,68,10,14,2,0,5,16,5,0,1,34,.206,.250,.456,.706,93,31,0,3,0,0,0,*6
50,Caleb Baragar\baragca01,27,SFG,NL,6,0,0,0,0,0,0,0,0,0,0,0,0,,,,,,0,0,0,0,0,0,/1
51,Daniel Bard\bardda01,36,COL,NL,8,0,0,0,0,0,0,0,0,0,0,0,0,,,,,,0,0,0,0,0,0,/1
52,Austin Barnes\barneau01,31,LAD,NL,10,32,28,0,6,1,0,0,3,0,0,4,9,.214,.313,.250,.563,61,7,2,0,0,0,0,/2HD
53,Jacob Barnes\barneja01,31,NYM,NL,3,0,0,0,0,0,0,0,0,0,0,0,0,,,,,,0,0,0,0,0,0,/1
54,Tucker Barnhart*\barnhtu01,30,CIN,NL,12,46,41,8,15,4,0,2,9,0,0,4,15,.366,.435,.610,1.045,172,25,1,1,0,0,0,*2
55,Tres Barrera\barretr01,26,WSN,NL,1,2,2,0,0,0,0,0,0,0,0,0,1,.000,.000,.000,.000,-100,0,0,0,0,0,0,/2
56,Anthony Bass\bassan01,33,MIA,NL,8,0,0,0,0,0,0,0,0,0,0,0,0,,,,,,0,0,0,0,0,0,/1
57,Chris Bassitt\bassich01,32,OAK,AL,1,2,2,0,0,0,0,0,0,0,0,0,2,.000,.000,.000,.000,-100,0,0,0,0,0,0,/1
58,Trevor Bauer\bauertr01,30,LAD,NL,3,9,6,0,0,0,0,0,1,0,0,0,3,.000,.000,.000,.000,-100,0,0,0,3,0,0,/1
59,Jake Bauers*\bauerja01,25,CLE,AL,14,34,31,0,4,1,0,0,1,0,0,2,9,.129,.182,.161,.343,-2,5,0,0,0,0,1,*3/H
60,Matt Beaty*\beatyma01,28,LAD,NL,10,13,11,0,1,0,0,0,0,0,0,2,6,.091,.231,.091,.322,-4,1,0,0,0,0,0,/H3D79
61,David Bednar*\bednada01,26,PIT,NL,8,0,0,0,0,0,0,0,0,0,0,0,0,,,,,,0,0,0,0,0,0,/1
62,Cam Bedrosian\bedroca01,29,CIN,NL,6,0,0,0,0,0,0,0,0,0,0,0,0,,,,,,0,0,0,0,0,0,/1
63,Josh Bell#\belljo02,28,WSN,NL,9,36,31,8,5,2,0,1,3,0,0,3,10,.161,.250,.323,.573,59,10,1,1,0,1,0,/3H
64,Cody Bellinger*\bellico01,25,LAD,NL,4,21,19,2,4,1,1,0,2,0,0,2,5,.211,.286,.368,.654,83,7,0,0,0,0,0,/8
65,Brandon Belt*\beltbr01,33,SFG,NL,18,50,43,6,8,2,0,3,6,1,1,7,16,.186,.300,.442,.742,109,19,1,0,0,0,0,*3/H
66,Anthony Bemboom*\bemboan01,31,LAA,AL,2,7,7,0,2,0,0,0,0,0,0,0,3,.286,.286,.286,.571,62,2,0,0,0,0,0,/2
67,Andrew Benintendi*\beninan01,26,KCR,AL,16,67,61,8,12,3,0,0,4,3,2,6,17,.197,.269,.246,.515,46,15,2,0,0,0,0,*7
68,Jose Berrios\berrijo01,27,MIN,AL,1,2,2,0,0,0,0,0,0,0,0,0,2,.000,.000,.000,.000,-100,0,0,0,0,0,0,/1
69,Jon Berti\bertijo01,31,MIA,NL,16,41,36,5,7,3,0,0,5,0,1,5,12,.194,.293,.278,.570,60,10,0,0,0,0,0,/4H57
70,Dellin Betances\betande01,33,NYM,NL,1,0,0,0,0,0,0,0,0,0,0,0,0,,,,,,0,0,0,0,0,0,/1
71,Mookie Betts\bettsmo01,28,LAD,NL,13,63,52,11,14,4,0,2,2,2,1,9,8,.269,.397,.462,.858,141,24,0,2,0,0,0,*/98
72,Bo Bichette\bichebo01,23,TOR,AL,18,78,72,14,21,4,0,5,12,3,0,3,20,.292,.333,.556,.889,147,40,3,2,0,1,0,*6/D
73,Jesse Biddle*\biddlje01,29,ATL,NL,1,0,0,0,0,0,0,0,0,0,0,0,0,,,,,,0,0,0,0,0,0,/1
74,Shane Bieber\biebesh01,26,CLE,AL,1,3,3,0,0,0,0,0,0,0,0,0,1,.000,.000,.000,.000,-100,0,0,0,0,0,0,/1
75,Brandon Bielak*\bielabr01,25,HOU,AL,1,0,0,0,0,0,0,0,0,0,0,0,0,,,,,,0,0,0,0,0,0,/1
76,Cavan Biggio*\biggica01,26,TOR,AL,15,58,48,6,7,0,1,2,3,0,0,8,18,.146,.281,.313,.593,69,15,2,1,0,0,0,*5/9H
77,Braden Bishop\bishobr01,27,SEA,AL,8,5,4,1,1,0,0,0,0,0,0,0,2,.250,.250,.250,.500,48,1,0,0,1,0,0,/7H
78,Charlie Blackmon*\blackch02,34,COL,NL,16,61,51,6,9,4,0,1,7,0,0,8,9,.176,.311,.314,.625,65,16,0,2,0,0,1,*9
79,Alex Blandino\blandal01,28,CIN,NL,12,15,13,3,6,3,0,0,4,0,0,1,4,.462,.533,.692,1.226,221,9,0,1,0,0,0,/H3574
80,Travis Blankenhorn*\blanktr01,24,MIN,AL,1,0,0,1,0,0,0,0,0,0,0,0,0,,,,,,0,0,0,0,0,0,/4H
81,Richard Bleier*\bleieri01,34,MIA,NL,9,0,0,0,0,0,0,0,0,0,0,0,0,,,,,,0,0,0,0,0,0,/1
82,Xander Bogaerts\bogaexa01,28,BOS,AL,18,75,70,8,26,7,0,2,8,1,0,5,14,.371,.413,.557,.970,170,39,1,0,0,0,1,*6
83,Alec Bohm\bohmal01,24,PHI,NL,18,73,64,7,14,2,0,2,10,2,0,6,20,.219,.274,.344,.618,71,22,2,0,0,3,0,*5
84,David Bote\boteda01,28,CHC,NL,17,51,42,3,8,2,0,2,10,0,1,5,11,.190,.300,.381,.681,90,16,2,2,1,1,0,*4/H5
85,Ben Bowden*\bowdebe01,26,COL,NL,5,0,0,0,0,0,0,0,0,0,0,0,0,,,,,,0,0,0,0,0,0,/1
86,Brad Boxberger\boxbebr01,33,MIL,NL,7,0,0,0,0,0,0,0,0,0,0,0,0,,,,,,0,0,0,0,0,0,/1
87,Archie Bradley\bradlar01,28,PHI,NL,4,0,0,0,0,0,0,0,0,0,0,0,0,,,,,,0,0,0,0,0,0,/1
88,Jackie Bradley Jr.*\bradlja02,31,MIL,NL,17,69,66,8,14,2,2,1,2,1,0,0,24,.212,.246,.348,.595,61,23,0,3,0,0,0,*8/79H
89,Michael Brantley*\brantmi02,34,HOU,AL,15,61,58,9,18,6,1,2,4,0,0,2,9,.310,.344,.552,.896,150,32,0,1,0,0,0,*7/D
90,Alex Bregman\bregmal01,27,HOU,AL,12,51,46,5,15,1,0,2,9,0,0,4,9,.326,.392,.478,.870,146,22,3,1,0,0,1,*5
91,Lewis Brinson\brinsle01,27,MIA,NL,7,19,18,1,2,0,0,0,0,0,0,1,3,.111,.158,.111,.269,-23,2,1,0,0,0,0,/8H7
92,Connor Brogdon\brogdco01,26,PHI,NL,7,0,0,0,0,0,0,0,0,0,0,0,0,,,,,,0,0,0,0,0,0,/1
93,Mike Brosseau\brossmi01,27,TBR,AL,11,38,35,6,8,3,0,1,4,0,0,3,9,.229,.289,.400,.689,102,14,1,0,0,0,0,/4357H9
94,Rex Brothers*\brothre01,33,CHC,NL,8,0,0,0,0,0,0,0,0,0,0,0,0,,,,,,0,0,0,0,0,0,/1
95,Seth Brown*\brownse01,28,OAK,AL,10,34,30,4,9,1,0,3,5,0,0,4,8,.300,.382,.633,1.016,194,19,0,0,0,0,0,/93D7
96,JT Brubaker\brubajt01,27,PIT,NL,3,6,6,0,2,0,0,0,3,0,0,0,2,.333,.333,.333,.667,87,2,0,0,0,0,0,/1
97,Jay Bruce*\bruceja01,34,NYY,AL,10,39,34,3,4,1,0,1,3,0,0,5,13,.118,.231,.235,.466,36,8,2,0,0,0,0,3
98,Kris Bryant\bryankr01,29,CHC,NL,17,71,60,14,17,5,0,5,12,0,1,9,15,.283,.380,.617,.997,174,37,2,1,0,1,0,*5/937
99,Walker Buehler\buehlwa01,26,LAD,NL,4,9,8,0,1,0,0,0,0,0,0,0,4,.125,.125,.125,.250,-29,1,0,0,1,0,0,/1
100,J.B. Bukauskas\bukaujb01,24,ARI,NL,2,0,0,0,0,0,0,0,0,0,0,0,0,,,,,,0,0,0,0,0,0,/1
101,Madison Bumgarner\bumgama01,31,ARI,NL,5,8,7,1,1,1,0,0,0,0,0,1,5,.143,.250,.286,.536,47,2,0,0,0,0,0,/1H
102,Corbin Burnes\burneco01,26,MIL,NL,4,10,10,1,2,0,0,0,2,0,0,0,5,.200,.200,.200,.400,10,2,0,0,0,0,0,/1
103,Byron Buxton\buxtoby01,27,MIN,AL,12,48,44,10,19,6,0,6,11,1,0,2,10,.432,.479,.977,1.456,311,43,0,2,0,0,0,*8
104,Asdrubal Cabrera#\cabreas01,35,ARI,NL,17,70,58,10,12,3,0,2,10,0,0,11,10,.207,.329,.362,.691,91,21,0,0,0,1,1,*5/3H
105,Genesis Cabrera*\cabrege01,24,STL,NL,8,0,0,0,0,0,0,0,0,0,0,0,0,,,,,,0,0,0,0,0,0,/1
106,Miguel Cabrera\cabremi01,38,DET,AL,7,27,24,2,3,1,0,1,3,0,0,3,4,.125,.222,.292,.514,45,7,2,0,0,0,0,/3D
107,Trevor Cahill\cahiltr01,33,PIT,NL,3,3,3,0,0,0,0,0,0,0,0,0,1,.000,.000,.000,.000,-100,0,0,0,0,0,0,/1
108,Lorenzo Cain\cainlo01,35,MIL,NL,7,28,26,5,4,1,0,2,4,1,0,2,5,.154,.214,.423,.637,70,11,0,0,0,0,0,/8
109,Kole Calhoun*\calhoko01,33,ARI,NL,10,40,38,4,11,3,0,1,4,0,0,2,11,.289,.325,.447,.772,110,17,1,0,0,0,0,/9H
110,Willie Calhoun*\calhowi01,26,TEX,AL,4,14,13,1,4,0,0,0,1,0,0,1,3,.308,.357,.308,.665,91,4,0,0,0,0,0,/D7H
111,Johan Camargo#\camarjo01,27,ATL,NL,7,9,8,0,0,0,0,0,0,0,0,1,5,.000,.111,.000,.111,-67,0,0,0,0,0,0,/H4D
112,Paul Campbell*\campbpa02,25,MIA,NL,3,1,1,0,0,0,0,0,0,0,0,0,1,.000,.000,.000,.000,-100,0,0,0,0,0,0,/1
113,Luis Campusano\campulu01,22,SDP,NL,9,36,33,0,3,0,0,0,1,0,0,3,11,.091,.167,.091,.258,-23,3,2,0,0,0,0,/2
114,Jeimer Candelario#\candeje01,27,DET,AL,19,79,71,9,18,4,0,1,7,0,0,8,18,.254,.329,.352,.681,95,25,2,0,0,0,0,*5/D
115,Mark Canha\canhama01,32,OAK,AL,19,87,69,20,18,2,1,3,5,4,1,14,20,.261,.414,.449,.863,156,31,0,4,0,0,0,*7/89D
116,Victor Caratini#\caratvi01,27,SDP,NL,16,47,41,2,9,2,0,1,9,0,0,5,15,.220,.298,.341,.639,83,14,1,0,0,1,0,*2/H
117,Dylan Carlson#\carlsdy01,22,STL,NL,18,69,57,12,14,3,2,3,11,0,0,9,17,.246,.362,.526,.889,148,30,1,2,0,1,1,*8/9H
118,Matt Carpenter*\carpema01,35,STL,NL,18,44,37,4,3,0,0,1,4,0,0,4,16,.081,.205,.162,.367,6,6,0,2,0,1,1,/4H3
119,Curt Casali\casalcu01,32,SFG,NL,10,27,24,0,3,1,0,0,3,0,0,3,8,.125,.222,.167,.389,13,4,1,0,0,0,0,/23H
120,Daniel Castano*\castada01,26,MIA,NL,2,2,2,0,0,0,0,0,0,0,0,0,1,.000,.000,.000,.000,-100,0,0,0,0,0,0,/1
121,Nicholas Castellanos\casteni01,29,CIN,NL,16,70,67,13,20,3,1,6,13,0,0,2,11,.299,.329,.642,.970,148,43,0,1,0,0,0,*9
122,Diego Castillo\castidi01,27,TBR,AL,2,0,0,0,0,0,0,0,0,0,0,0,0,,,,,,0,0,0,0,0,0,/1
123,Luis Castillo\castilu02,28,CIN,NL,4,7,5,1,1,1,0,0,0,0,0,1,2,.200,.333,.400,.733,93,2,0,0,1,0,0,/1
124,Harold Castro*\castrha01,27,DET,AL,11,19,17,1,5,0,0,0,3,0,0,2,6,.294,.368,.294,.663,93,5,0,0,0,0,0,/3H4D1
125,Jason Castro*\castrja01,34,HOU,AL,7,26,21,3,3,0,0,2,4,0,0,4,7,.143,.308,.429,.736,107,9,1,1,0,0,0,/2
126,Miguel Castro\castrmi01,26,NYM,NL,6,0,0,0,0,0,0,0,0,0,0,0,0,,,,,,0,0,0,0,0,0,/1
127,Rodolfo Castro#\castrro01,22,PIT,NL,1,3,3,0,0,0,0,0,0,0,0,0,1,.000,.000,.000,.000,-100,0,0,0,0,0,0,/5
128,Starlin Castro\castrst01,31,WSN,NL,16,63,60,2,16,4,0,1,11,0,0,1,12,.267,.270,.383,.653,80,23,1,0,0,2,0,*5
129,Willi Castro#\castrwi01,24,DET,AL,18,74,71,4,15,1,2,0,4,0,0,3,19,.211,.243,.282,.525,50,20,1,0,0,0,0,*6/4
130,Jake Cave*\caveja01,28,MIN,AL,17,55,49,4,6,1,0,0,0,1,0,4,21,.122,.204,.143,.347,4,7,0,1,1,0,0,*7/89DH
131,Jhoulys Chacin\chacijh01,33,COL,NL,3,1,1,0,0,0,0,0,0,0,0,0,1,.000,.000,.000,.000,-100,0,0,0,0,0,0,/1
132,Andrew Chafin\chafian01,31,CHC,NL,9,0,0,0,0,0,0,0,0,0,0,0,0,,,,,,0,0,0,0,0,0,/1
133,Yu Chang\changyu01,25,CLE,AL,13,30,28,5,6,2,0,0,2,0,0,2,7,.214,.267,.286,.552,56,8,0,0,0,0,0,*3/H5
134,Matt Chapman\chapmma01,28,OAK,AL,19,78,67,7,12,1,2,3,11,0,0,8,26,.179,.269,.388,.657,92,26,2,1,0,2,0,*5
135,Michael Chavis\chavimi01,25,BOS,AL,1,0,0,1,0,0,0,0,0,0,0,0,0,,,,,,0,0,0,0,0,0,/H
136,Jazz Chisholm*\chishja01,23,MIA,NL,16,61,50,8,16,3,1,3,6,4,0,9,18,.320,.426,.600,1.026,182,30,0,1,0,1,0,*4/6
137,Adam Cimber\cimbead01,30,MIA,NL,8,0,0,0,0,0,0,0,0,0,0,0,0,,,,,,0,0,0,0,0,0,/1
138,Steve Cishek\cishest01,35,LAA,AL,1,0,0,0,0,0,0,0,0,0,0,0,0,,,,,,0,0,0,0,0,0,/1
139,Taylor Clarke\clarkta01,28,ARI,NL,8,2,2,0,0,0,0,0,0,0,0,0,2,.000,.000,.000,.000,-100,0,0,0,0,0,0,/1
140,Emmanuel Clase\claseem01,23,CLE,AL,2,0,0,0,0,0,0,0,0,0,0,0,0,,,,,,0,0,0,0,0,0,/1
141,Sam Clay*\claysa01,28,WSN,NL,6,0,0,0,0,0,0,0,0,0,0,0,0,,,,,,0,0,0,0,0,0,/1
142,Zack Collins*\colliza01,26,CHW,AL,9,34,31,2,4,1,0,1,5,0,0,3,11,.129,.206,.258,.464,33,8,0,0,0,0,0,/2D
143,Alex Colome\colomal01,32,MIN,AL,2,0,0,0,0,0,0,0,0,0,0,0,0,,,,,,0,0,0,0,0,0,/1
144,Michael Conforto*\confomi01,28,NYM,NL,13,54,45,2,8,3,0,0,3,0,0,5,13,.178,.315,.244,.559,61,11,1,4,0,0,0,*9
145,Willson Contreras\contrwi01,29,CHC,NL,17,68,56,12,15,1,0,5,10,1,1,6,21,.268,.382,.554,.936,159,31,3,5,0,1,0,*2/H
146,Sam Coonrod\coonrsa01,28,PHI,NL,7,0,0,0,0,0,0,0,0,0,0,0,0,,,,,,0,0,0,0,0,0,/1
147,Garrett Cooper\coopega03,30,MIA,NL,16,51,45,4,9,2,0,1,7,0,0,4,18,.200,.294,.311,.605,69,14,0,2,0,0,0,/9H3
148,Patrick Corbin*\corbipa01,31,WSN,NL,3,5,5,0,2,0,0,0,0,0,0,0,1,.400,.400,.400,.800,125,2,0,0,0,0,0,/1
149,Franchy Cordero*\cordefr02,26,BOS,AL,16,46,42,4,9,2,0,0,5,1,0,4,20,.214,.283,.262,.545,55,11,0,0,0,0,0,*7/HD
150,Carlos Correa\correca01,26,HOU,AL,18,77,71,11,20,4,0,3,9,0,0,5,12,.282,.338,.465,.802,125,33,3,1,0,0,0,*6
151,Brandon Crawford*\crawfbr01,34,SFG,NL,19,65,61,7,12,2,0,3,9,2,0,4,16,.197,.246,.377,.623,75,23,3,0,0,0,1,*6/H
152,J.P. Crawford*\crawfjp01,26,SEA,AL,19,66,59,10,14,1,0,0,3,1,1,6,11,.237,.308,.254,.562,68,15,3,0,1,0,0,*6
153,Stefan Crichton\crichst01,29,ARI,NL,10,0,0,0,0,0,0,0,0,0,0,0,0,,,,,,0,0,0,0,0,0,1
154,Kyle Crick*\crickky01,28,PIT,NL,6,0,0,0,0,0,0,0,0,0,0,0,0,,,,,,0,0,0,0,0,0,/1
155,Nabil Crismatt\crismna01,26,SDP,NL,4,2,2,0,0,0,0,0,0,0,0,0,1,.000,.000,.000,.000,-100,0,0,0,0,0,0,/1
156,C.J. Cron\croncj01,31,COL,NL,16,60,52,8,10,4,0,1,8,0,0,7,16,.192,.300,.327,.627,65,17,0,1,0,0,0,*3
157,Jake Cronenworth*\croneja01,27,SDP,NL,21,92,81,10,22,5,1,1,4,1,1,8,12,.272,.341,.395,.736,111,32,4,1,0,1,1,*4/631H
158,Wil Crowe\crowewi01,26,PIT,NL,1,0,0,0,0,0,0,0,0,0,0,0,0,,,,,,0,0,0,0,0,0,/1
159,Nelson Cruz\cruzne02,40,MIN,AL,16,58,51,11,18,2,0,6,14,0,0,3,11,.353,.397,.745,1.142,224,38,2,2,0,2,0,*D/H
160,Johnny Cueto\cuetojo01,35,SFG,NL,2,5,4,0,0,0,0,0,0,0,0,0,2,.000,.000,.000,.000,-100,0,0,0,1,0,0,/1
161,Charlie Culberson\culbech01,32,TEX,AL,12,38,35,2,9,2,0,2,5,1,0,1,11,.257,.278,.486,.763,111,17,0,0,2,0,0,5/H46
162,John Curtiss\curtijo02,28,MIA,NL,8,1,1,0,0,0,0,0,0,0,0,0,0,.000,.000,.000,.000,-100,0,0,0,0,0,0,/1
163,Travis d'Arnaud\darnatr01,32,ATL,NL,17,65,61,4,12,3,0,2,9,0,0,3,18,.197,.231,.344,.575,50,21,3,0,0,1,0,*2/H
164,David Dahl*\dahlda01,27,TEX,AL,16,68,64,8,13,3,0,1,5,0,0,2,20,.203,.224,.297,.521,46,19,1,0,1,1,0,/7DH
165,Bobby Dalbec\dalbebo01,26,BOS,AL,15,53,49,1,13,4,1,0,4,0,0,4,18,.265,.321,.388,.709,98,19,0,0,0,0,0,*3/H
166,Yu Darvish\darviyu01,34,SDP,NL,4,9,9,0,0,0,0,0,0,0,0,0,5,.000,.000,.000,.000,-100,0,0,0,0,0,0,/1
167,Zach Davies\davieza02,28,CHC,NL,4,5,4,0,0,0,0,0,0,0,0,0,3,.000,.000,.000,.000,-100,0,0,0,1,0,0,/1
168,J.D. Davis\davisjd01,28,NYM,NL,7,21,18,2,8,2,0,1,4,0,0,2,7,.444,.524,.722,1.246,249,13,1,1,0,0,0,/5H
169,Jonathan Davis\davisjo05,29,TOR,AL,12,23,20,4,2,0,0,1,1,1,1,3,7,.100,.217,.250,.467,33,5,0,0,0,0,0,/8HD
170,Ronnie Dawson*\dawsoro01,26,HOU,AL,3,6,5,2,1,0,0,0,0,0,0,1,0,.200,.333,.200,.533,57,1,1,0,0,0,0,/DH
171,Grant Dayton*\daytogr01,33,ATL,NL,4,0,0,0,0,0,0,0,0,0,0,0,0,,,,,,0,0,0,0,0,0,/1
172,Yonathan Daza\dazayo01,27,COL,NL,14,29,28,3,10,2,0,1,3,0,0,0,6,.357,.345,.536,.881,127,15,0,0,0,1,0,/H879
173,Alex De Goti\degotal01,26,HOU,AL,2,7,6,2,2,0,0,0,1,0,0,1,2,.333,.429,.333,.762,121,2,0,0,0,0,0,/4
174,Jose De Leon\deleojo03,28,CIN,NL,5,3,3,0,1,0,0,0,1,0,0,0,1,.333,.333,.333,.667,77,1,0,0,0,0,0,/1
175,Austin Dean\deanau01,27,STL,NL,13,29,22,4,5,2,0,1,7,0,0,5,9,.227,.345,.455,.799,124,10,0,0,0,2,0,/7H9
176,Jacob deGrom*\degroja01,33,NYM,NL,3,7,7,1,4,0,0,0,1,0,0,0,1,.571,.571,.571,1.143,225,4,0,0,0,0,0,/1
177,Paul DeJong\dejonpa01,27,STL,NL,17,71,60,13,12,0,0,5,10,0,0,10,23,.200,.324,.450,.774,116,27,2,1,0,0,0,*6
178,Anthony DeSclafani\desclan01,31,SFG,NL,5,8,6,0,0,0,0,0,0,0,0,0,3,.000,.000,.000,.000,-100,0,0,0,2,0,0,/1H
179,Ross Detwiler\detwiro01,35,MIA,NL,8,0,0,0,0,0,0,0,0,0,0,0,0,,,,,,0,0,0,0,0,0,/1
180,Chris Devenski\devench02,30,ARI,NL,2,0,0,0,0,0,0,0,0,0,0,0,0,,,,,,0,0,0,0,0,0,/1
181,Rafael Devers*\deverra01,24,BOS,AL,18,78,68,12,19,2,0,6,17,1,1,8,17,.279,.359,.574,.933,157,39,1,1,0,1,1,*5
182,Aledmys Díaz\diazal02,30,HOU,AL,12,47,43,5,12,4,0,1,6,0,0,2,11,.279,.340,.442,.782,121,19,2,2,0,0,0,/457
183,Edwin Diaz\diazed04,27,NYM,NL,7,0,0,0,0,0,0,0,0,0,0,0,0,,,,,,0,0,0,0,0,0,/1
184,Elias Diaz\diazel01,30,COL,NL,10,31,28,2,2,0,0,0,0,0,0,3,12,.071,.161,.071,.233,-36,2,1,0,0,0,0,/2H
185,Yandy Díaz\diazya01,29,TBR,AL,17,70,56,6,14,2,0,0,6,0,0,13,9,.250,.400,.286,.686,108,16,0,1,0,0,0,*3/5DH
186,Alex Dickerson*\dickeal01,31,SFG,NL,19,52,47,5,11,0,0,3,9,0,0,3,11,.234,.308,.426,.733,107,20,2,2,0,0,0,*7/H
187,Corey Dickerson*\dickeco01,32,MIA,NL,18,65,61,8,17,4,0,0,3,1,1,2,13,.279,.323,.344,.667,86,21,1,2,0,0,0,*7/H
188,Jake Diekman*\diekmja01,34,OAK,AL,1,1,1,0,0,0,0,0,0,0,0,0,1,.000,.000,.000,.000,-100,0,0,0,0,0,0,/1
189,Wilmer Difo#\difowi01,29,PIT,NL,14,23,23,3,6,2,1,1,2,0,0,0,11,.261,.261,.565,.826,122,13,0,0,0,0,0,H/58
190,Randy Dobnak\dobnara01,26,MIN,AL,1,0,0,0,0,0,0,0,0,0,0,0,0,,,,,,0,0,0,0,0,0,/1
191,Josh Donaldson\donaljo02,35,MIN,AL,6,20,18,4,10,1,0,1,3,0,0,2,2,.556,.600,.778,1.378,299,14,1,0,0,0,0,/5
192,Sean Doolittle*\doolise01,34,CIN,NL,9,0,0,0,0,0,0,0,0,0,0,0,0,,,,,,0,0,0,0,0,0,/1
193,Camilo Doval\dovalca01,23,SFG,NL,3,0,0,0,0,0,0,0,0,0,0,0,0,,,,,,0,0,0,0,0,0,/1
194,Hunter Dozier\doziehu01,29,KCR,AL,13,47,43,4,6,1,0,1,5,1,1,4,13,.140,.213,.233,.445,25,10,1,0,0,0,0,/59
195,Mauricio Dubon\dubonma01,26,SFG,NL,16,33,31,0,4,0,0,0,2,0,0,2,8,.129,.182,.129,.311,-9,4,0,0,0,0,1,*8/H64
196,Tyler Duffey\duffety01,30,MIN,AL,2,0,0,0,0,0,0,0,0,0,0,0,0,,,,,,0,0,0,0,0,0,/1
197,Matt Duffy\duffyma01,30,CHC,NL,13,22,18,2,4,1,0,0,3,0,0,2,1,.222,.364,.278,.641,84,5,5,2,0,0,0,/H54
198,Steven Duggar*\duggast01,27,SFG,NL,2,3,3,0,0,0,0,0,0,0,0,0,1,.000,.000,.000,.000,-100,0,0,0,0,0,0,/8H
199,Adam Duvall\duvalad01,32,MIA,NL,17,64,61,8,13,3,1,4,14,0,0,3,21,.213,.250,.492,.742,100,30,2,0,0,0,0,*9/7H
200,Jarrod Dyson*\dysonja01,36,KCR,AL,9,9,8,2,3,0,1,0,0,2,0,1,1,.375,.444,.625,1.069,196,5,0,0,0,0,0,/9HD8
201,Adam Eaton*\eatonad02,32,CHW,AL,16,71,61,13,16,3,0,3,14,1,0,7,14,.262,.366,.459,.825,136,28,1,3,0,0,0,*9/H
202,Tommy Edman#\edmanto01,26,STL,NL,18,82,75,8,21,2,1,2,4,3,1,6,7,.280,.341,.413,.755,113,31,0,1,0,0,0,*49
203,Zach Eflin\eflinza01,27,PHI,NL,4,9,7,1,0,0,0,0,1,0,0,0,3,.000,.125,.000,.125,-61,0,0,1,1,0,0,/1
204,Eduardo Escobar#\escobed01,32,ARI,NL,18,81,71,14,17,4,0,6,12,1,0,9,15,.239,.321,.549,.870,134,39,0,0,0,1,0,*4/56
205,Santiago Espinal\espinsa01,26,TOR,AL,5,10,10,2,3,1,0,0,1,0,0,0,2,.300,.300,.400,.700,97,4,0,0,0,0,0,/5HD
206,Paolo Espino\espinpa01,34,WSN,NL,1,1,1,0,0,0,0,0,0,0,0,0,1,.000,.000,.000,.000,-100,0,0,0,0,0,0,/1
207,Carlos Estevez\estevca01,28,COL,NL,6,0,0,0,0,0,0,0,0,0,0,0,0,,,,,,0,0,0,0,0,0,/1
208,Phillip Evans\evansph01,28,PIT,NL,17,70,62,11,17,2,0,4,6,1,0,5,13,.274,.357,.500,.857,135,31,2,3,0,0,0,/5793D1H
209,Pete Fairbanks\fairbpe01,27,TBR,AL,2,0,0,0,0,0,0,0,0,0,0,0,0,,,,,,0,0,0,0,0,0,/1
210,Jeurys Familia\familje01,31,NYM,NL,5,0,0,0,0,0,0,0,0,0,0,0,0,,,,,,0,0,0,0,0,0,/1
211,Kyle Farmer\farmeky01,30,CIN,NL,16,37,32,3,5,1,0,1,5,0,1,4,6,.156,.270,.281,.552,46,9,0,1,0,0,0,/5H4637
212,Erick Fedde\feddeer01,28,WSN,NL,3,5,3,0,0,0,0,0,0,0,0,1,2,.000,.250,.000,.250,-22,0,0,0,1,0,0,/1
213,Michael Feliz\felizmi01,28,PIT,NL,6,0,0,0,0,0,0,0,0,0,0,0,0,,,,,,0,0,0,0,0,0,/1
214,J.P. Feyereisen\feyerjo01,28,MIL,NL,10,0,0,0,0,0,0,0,0,0,0,0,0,,,,,,0,0,0,0,0,0,1
215,Kyle Finnegan\finneky01,29,WSN,NL,7,0,0,0,0,0,0,0,0,0,0,0,0,,,,,,0,0,0,0,0,0,/1
216,Jack Flaherty\flaheja01,25,STL,NL,4,10,6,1,1,0,0,0,1,0,0,2,2,.167,.375,.167,.542,61,1,0,0,2,0,0,/1
217,David Fletcher\fletcda02,27,LAA,AL,17,80,76,9,19,1,0,0,7,0,0,2,10,.250,.266,.263,.529,50,20,0,0,1,1,0,*4
218,Wilmer Flores\florewi01,29,SFG,NL,19,44,38,4,7,3,0,1,5,0,0,4,5,.184,.273,.342,.615,74,13,1,1,0,1,0,/3H45D
219,Dylan Floro*\florody01,30,MIA,NL,10,0,0,0,0,0,0,0,0,0,0,0,0,,,,,,0,0,0,0,0,0,1
220,Mike Ford*\fordmi01,28,NYY,AL,3,13,11,1,1,0,0,0,1,0,0,2,2,.091,.231,.091,.322,-1,1,0,0,0,0,0,/3
221,Dexter Fowler#\fowlede01,35,LAA,AL,7,21,20,3,5,0,0,0,1,1,0,1,6,.250,.286,.250,.536,53,5,0,0,0,0,0,/9
222,Dustin Fowler*\fowledu01,26,PIT,NL,18,46,41,3,7,1,0,0,2,1,0,3,20,.171,.239,.195,.434,23,8,0,1,0,1,0,*8/H9
223,Jake Fraley*\fraleja01,26,SEA,AL,5,19,10,2,1,1,0,0,1,1,0,8,3,.100,.526,.200,.726,126,2,0,1,0,0,0,/79
224,Ty France\francty01,26,SEA,AL,19,79,66,13,20,5,0,3,12,0,0,8,19,.303,.405,.515,.920,168,34,2,4,0,1,0,/4D35H
225,Maikel Franco\francma02,28,BAL,AL,18,75,68,6,16,5,0,2,15,0,0,7,14,.235,.307,.397,.704,99,27,0,0,0,0,0,*5/D
226,Adam Frazier*\fraziad01,29,PIT,NL,18,82,70,11,23,6,2,0,9,2,1,9,6,.329,.415,.471,.886,146,33,2,2,0,1,0,*4
227,Clint Frazier\frazicl01,26,NYY,AL,14,49,43,3,7,2,0,0,1,0,0,6,17,.163,.265,.209,.475,41,9,0,0,0,0,0,*7/9H
228,Todd Frazier\frazito01,35,PIT,NL,1,4,4,0,0,0,0,0,0,0,0,0,0,.000,.000,.000,.000,-100,0,0,0,0,0,0,/D
229,Freddie Freeman*\freemfr01,31,ATL,NL,18,80,63,10,14,2,0,5,10,1,0,16,8,.222,.388,.492,.880,132,31,0,1,0,0,3,*3
230,Max Fried*\friedma01,27,ATL,NL,3,5,5,2,2,1,0,0,1,0,0,0,2,.400,.400,.600,1.000,162,3,0,0,0,0,0,/1
231,Paul Fry*\frypa01,28,BAL,AL,1,0,0,0,0,0,0,0,0,0,0,0,0,,,,,,0,0,0,0,0,0,/1
232,Josh Fuentes\fuentjo01,28,COL,NL,17,56,56,6,10,1,0,2,9,0,0,0,16,.179,.179,.304,.482,24,17,1,0,0,0,0,*5/3H
233,Carson Fulmer\fulmeca01,27,CIN,NL,10,1,1,0,0,0,0,0,0,0,0,0,0,.000,.000,.000,.000,-100,0,0,0,0,0,0,1
234,Cam Gallagher\gallaca01,28,KCR,AL,4,9,8,0,1,1,0,0,1,0,0,0,3,.125,.111,.250,.361,-3,2,0,0,0,1,0,/2H
235,Giovanny Gallegos\gallegi01,29,STL,NL,8,0,0,0,0,0,0,0,0,0,0,0,0,,,,,,0,0,0,0,0,0,/1
236,Zac Gallen\galleza01,25,ARI,NL,2,5,5,0,1,0,0,0,0,0,0,0,3,.200,.200,.200,.400,11,1,0,0,0,0,0,/1
237,Joey Gallo*\gallojo01,27,TEX,AL,18,77,54,9,12,0,0,1,7,2,0,20,23,.222,.455,.278,.732,115,15,1,3,0,0,1,*9/D
238,Freddy Galvis#\galvifr01,31,BAL,AL,18,66,59,10,16,4,1,2,5,1,0,6,17,.271,.338,.475,.813,129,28,0,0,1,0,0,*6
239,Ben Gamel*\gamelbe01,29,CLE,AL,11,17,14,1,1,1,0,0,0,0,0,3,6,.071,.235,.143,.378,10,2,1,0,0,0,0,/8H7
240,John Gant\gantjo01,28,STL,NL,3,4,2,0,0,0,0,0,0,0,0,0,1,.000,.000,.000,.000,-100,0,0,0,2,0,0,/1
241,Adolis García\garciad02,28,TEX,AL,9,38,36,5,9,1,1,3,8,0,2,2,12,.250,.289,.583,.873,139,21,0,0,0,0,0,/879D
242,Aramis Garcia\garciar01,28,OAK,AL,10,30,27,3,4,0,0,1,2,0,0,1,9,.148,.207,.259,.466,37,7,1,1,1,0,0,/2DH
243,Avisail Garcia\garciav01,30,MIL,NL,16,71,63,11,14,2,0,3,10,1,2,6,19,.222,.296,.397,.693,88,25,0,1,0,1,1,*9
244,Jarlin Garcia*\garcija04,28,SFG,NL,4,0,0,0,0,0,0,0,0,0,0,0,0,,,,,,0,0,0,0,0,0,/1
245,Leury Garcia#\garcile02,30,CHW,AL,13,45,43,7,7,2,0,0,2,1,0,1,13,.163,.182,.209,.391,13,9,1,0,1,0,0,/7649
246,Luis Garcia*\garcilu04,21,WSN,NL,6,8,7,1,1,0,0,0,0,0,0,1,3,.143,.250,.143,.393,14,1,0,0,0,0,0,/4H
247,Luis Garcia\garcilu05,24,HOU,AL,1,2,2,0,0,0,0,0,0,0,0,0,0,.000,.000,.000,.000,-100,0,0,0,0,0,0,/1
248,Robel Garcia#\garciro02,28,HOU,AL,5,4,3,1,1,0,0,0,0,0,0,1,0,.333,.500,.333,.833,144,1,0,0,0,0,0,/5H
249,Yimi Garcia\garciyi01,30,MIA,NL,10,0,0,0,0,0,0,0,0,0,0,0,0,,,,,,0,0,0,0,0,0,1
250,Brett Gardner*\gardnbr01,37,NYY,AL,12,40,33,4,7,2,0,0,1,0,0,6,10,.212,.333,.273,.606,79,9,0,0,1,0,0,*7/8H
251,Kyle Garlick\garliky01,29,MIN,AL,12,28,25,6,7,3,0,0,3,0,0,1,8,.280,.321,.400,.721,109,10,2,1,0,1,0,/7H9D
252,Amir Garrett\garream01,29,CIN,NL,6,0,0,0,0,0,0,0,0,0,0,0,0,,,,,,0,0,0,0,0,0,/1
253,Mitch Garver\garvemi01,30,MIN,AL,14,46,43,4,8,3,0,2,6,0,0,3,19,.186,.239,.395,.634,81,17,1,0,0,0,0,2/H3D
254,Kevin Gausman*\gausmke01,30,SFG,NL,3,7,7,0,0,0,0,0,0,0,0,0,6,.000,.000,.000,.000,-100,0,0,0,0,0,0,/1
255,Andres Gimenez*\gimenan01,22,CLE,AL,13,41,37,6,9,3,0,2,4,3,0,2,11,.243,.300,.486,.786,116,18,1,1,1,0,0,*6
256,Kevin Ginkel*\ginkeke01,27,ARI,NL,10,0,0,0,0,0,0,0,0,0,0,0,0,,,,,,0,0,0,0,0,0,1
257,Mychal Givens\givenmy01,31,COL,NL,8,0,0,0,0,0,0,0,0,0,0,0,0,,,,,,0,0,0,0,0,0,/1
258,Tyler Glasnow*\glasnty01,27,TBR,AL,1,2,2,0,0,0,0,0,0,0,0,0,2,.000,.000,.000,.000,-100,0,0,0,0,0,0,/1
259,Paul Goldschmidt\goldspa01,33,STL,NL,17,76,72,12,17,2,0,2,7,0,0,4,18,.236,.276,.347,.624,75,25,3,0,0,0,0,*3
260,Austin Gomber*\gombeau01,27,COL,NL,4,8,6,0,1,0,0,0,0,0,0,0,3,.167,.167,.167,.333,-12,1,0,0,2,0,0,/1
261,Yan Gomes\gomesya01,33,WSN,NL,9,32,29,3,8,1,0,1,5,0,0,2,5,.276,.344,.414,.758,111,12,1,1,0,0,1,/2H
262,Chi Chi Gonzalez\gonzach01,29,COL,NL,4,4,3,1,1,0,0,0,0,0,0,0,2,.333,.333,.333,.667,76,1,0,0,1,0,0,/1
263,Erik Gonzalez\gonzaer01,29,PIT,NL,18,56,55,3,16,5,0,1,12,0,0,1,10,.291,.304,.436,.740,103,24,2,0,0,0,0,/56H
264,Marwin Gonzalez#\gonzama01,32,BOS,AL,17,67,54,10,12,3,0,1,4,2,0,8,13,.222,.358,.333,.692,96,18,1,4,0,1,0,/34756H
265,Victor Gonzalez*\gonzavi02,25,LAD,NL,6,0,0,0,0,0,0,0,0,0,0,0,0,,,,,,0,0,0,0,0,0,/1
266,Niko Goodrum#\goodrni01,29,DET,AL,14,52,47,7,10,2,0,2,3,0,0,4,19,.213,.288,.383,.671,90,18,2,1,0,0,0,/467
267,Yasmani Grandal#\grandya01,32,CHW,AL,12,49,40,6,6,2,0,2,9,0,0,9,8,.150,.306,.350,.656,89,14,2,0,0,0,0,*2
268,Brusdar Graterol\gratebr01,22,LAD,NL,1,0,0,0,0,0,0,0,0,0,0,0,0,,,,,,0,0,0,0,0,0,/1
269,Jon Gray\grayjo02,29,COL,NL,4,8,8,0,2,0,0,0,0,0,0,0,4,.250,.250,.250,.500,32,2,0,0,0,0,0,/1
270,Sonny Gray\grayso01,31,CIN,NL,1,2,2,0,0,0,0,0,0,0,0,0,1,.000,.000,.000,.000,-100,0,0,0,0,0,0,/1
271,Didi Gregorius*\gregodi01,31,PHI,NL,15,59,54,3,16,1,0,2,10,1,0,2,13,.296,.322,.426,.748,107,23,1,1,0,2,1,*6/H
272,Grayson Greiner\greingr01,28,DET,AL,6,18,17,1,3,0,0,1,3,0,0,1,8,.176,.222,.353,.575,61,6,0,0,0,0,0,/2
273,Randal Grichuk\grichra01,29,TOR,AL,18,68,62,7,19,4,0,2,12,0,1,5,16,.306,.353,.468,.821,131,29,0,0,0,1,0,*8/9D
274,Trent Grisham*\grishtr01,24,SDP,NL,12,51,44,9,14,1,0,4,6,4,0,7,12,.318,.412,.614,1.025,190,27,1,0,0,0,0,8/H
275,Robbie Grossman#\grossro01,31,DET,AL,18,75,59,5,12,2,0,1,5,2,0,13,19,.203,.360,.288,.648,89,17,0,2,0,1,1,*7/9D
276,Robert Gsellman\gsellro01,27,NYM,NL,3,0,0,0,0,0,0,0,0,0,0,0,0,,,,,,0,0,0,0,0,0,/1
277,Deolis Guerra\guerrde01,32,OAK,AL,1,0,0,0,0,0,0,0,0,0,0,0,0,,,,,,0,0,0,0,0,0,/1
278,Vladimir Guerrero Jr.\guerrvl02,22,TOR,AL,18,76,60,11,23,4,0,4,12,1,0,14,11,.383,.513,.650,1.163,228,39,1,2,0,0,0,*3/D5
279,Luis Guillorme*\guilllu01,26,NYM,NL,11,22,17,2,6,0,0,0,0,0,0,5,1,.353,.500,.353,.853,147,6,0,0,0,0,0,/5H1
280,Lourdes Gurriel Jr.\gurrilo01,27,TOR,AL,15,57,52,4,10,1,0,0,5,1,0,2,12,.192,.228,.212,.440,26,11,2,1,0,2,0,*7/3
281,Yuli Gurriel\gourryu01,37,HOU,AL,18,78,63,6,20,4,0,2,9,0,0,15,8,.317,.449,.476,.925,164,30,1,0,0,0,0,*3
282,Ronald Guzman*\guzmaro01,26,TEX,AL,7,17,16,1,1,0,0,1,1,0,0,1,6,.063,.118,.250,.368,0,4,0,0,0,0,0,/37HD
283,Josh Hader*\haderjo01,27,MIL,NL,6,0,0,0,0,0,0,0,0,0,0,0,0,,,,,,0,0,0,0,0,0,/1
284,Sam Haggerty#\haggesa01,27,SEA,AL,11,27,27,5,5,1,0,1,3,2,0,0,6,.185,.185,.333,.519,48,9,0,0,0,0,0,/748H9
285,David Hale\haleda02,33,PHI,NL,4,0,0,0,0,0,0,0,0,0,0,0,0,,,,,,0,0,0,0,0,0,/1
286,Billy Hamilton#\hamilbi02,30,CHW,AL,6,13,11,2,3,0,0,0,1,2,0,2,1,.273,.385,.273,.657,94,3,0,0,0,0,0,/79
287,Garrett Hampson\hampsga01,26,COL,NL,16,67,59,14,15,4,0,1,7,5,1,6,17,.254,.313,.373,.686,80,22,0,0,0,2,0,8/4H
288,Brad Hand*\handbr01,31,WSN,NL,6,0,0,0,0,0,0,0,0,0,0,0,0,,,,,,0,0,0,0,0,0,/1
289,Mitch Haniger\hanigmi01,30,SEA,AL,19,83,76,15,24,5,1,5,17,0,0,5,18,.316,.349,.605,.955,173,46,1,0,0,2,0,*9/D
290,Ian Happ#\happia01,26,CHC,NL,18,73,58,6,9,0,0,1,1,0,0,13,21,.155,.319,.207,.526,52,12,0,1,1,0,0,*8/7H
291,Bryce Harper*\harpebr03,28,PHI,NL,17,71,56,13,20,3,0,4,8,1,0,14,13,.357,.493,.625,1.118,210,35,1,1,0,0,2,*9
292,Ryne Harper\harpery01,32,WSN,NL,2,0,0,0,0,0,0,0,0,0,0,0,0,,,,,,0,0,0,0,0,0,/1
293,Josh Harrison\harrijo05,33,WSN,NL,9,36,31,4,12,2,0,1,5,0,1,4,1,.387,.472,.548,1.021,184,17,0,1,0,0,0,/4
294,Matt Harvey\harvema01,32,BAL,AL,1,2,2,0,0,0,0,0,0,0,0,0,1,.000,.000,.000,.000,-100,0,0,0,0,0,0,/1
295,Adam Haseley*\haselad01,25,PHI,NL,9,21,21,2,4,1,0,0,0,0,0,0,4,.190,.190,.238,.429,19,5,0,0,0,0,0,/87H
296,Ke'Bryan Hayes\hayeske01,24,PIT,NL,2,7,5,2,1,0,0,1,2,0,0,2,1,.200,.429,.800,1.229,232,4,0,0,0,0,0,/5
297,Austin Hays\haysau01,25,BAL,AL,5,18,18,3,4,1,0,0,2,0,0,0,6,.222,.222,.278,.500,42,5,0,0,0,0,0,/798H
298,Nick Heath*\heathni01,27,ARI,NL,4,14,12,3,3,0,0,0,0,0,1,2,5,.250,.357,.250,.607,72,3,0,0,0,0,0,/8H
299,Austin Hedges\hedgeau01,28,CLE,AL,5,17,15,1,1,0,0,1,1,0,0,1,7,.067,.125,.267,.392,6,4,0,0,1,0,1,/2H
300,Jonah Heim#\heimjo01,26,TEX,AL,6,23,20,4,3,2,0,1,2,1,0,2,4,.150,.217,.400,.617,70,8,2,0,0,1,0,/2
301,Ryan Helsley\helslry01,26,STL,NL,9,0,0,0,0,0,0,0,0,0,0,0,0,,,,,,0,0,0,0,0,0,/1
302,Kyle Hendricks\hendrky01,31,CHC,NL,3,3,2,0,0,0,0,0,0,0,0,0,1,.000,.000,.000,.000,-100,0,0,0,1,0,0,/1
303,Guillermo Heredia\heredgu01,30,ATL,NL,6,23,17,5,5,1,0,2,6,0,0,5,5,.294,.478,.706,1.184,210,12,0,1,0,0,1,/87H
304,Cesar Hernandez#\hernace02,31,CLE,AL,17,75,65,6,13,2,0,1,3,0,0,10,14,.200,.307,.277,.584,66,18,1,0,0,0,0,*4
305,Elieser Hernandez\hernael01,26,MIA,NL,1,1,1,0,0,0,0,0,0,0,0,0,1,.000,.000,.000,.000,-100,0,0,0,0,0,0,/1
306,Enrique Hernandez\hernaen02,29,BOS,AL,20,86,81,12,20,5,1,3,8,0,0,3,20,.247,.279,.444,.724,99,36,1,1,0,1,0,*8/4H6
307,Teoscar Hernandez\hernate01,28,TOR,AL,7,29,29,3,6,0,0,1,2,0,0,0,14,.207,.207,.310,.517,45,9,0,0,0,0,0,/97
308,Yadiel Hernández*\hernaya01,33,WSN,NL,7,10,9,0,1,1,0,0,0,0,0,0,2,.111,.200,.222,.422,18,2,0,1,0,0,0,/H7
309,Jason Heyward*\heywaja01,31,CHC,NL,17,59,56,4,12,3,0,1,3,1,0,3,16,.214,.254,.321,.576,60,18,0,0,0,0,0,*9/H
310,Aaron Hicks#\hicksaa01,31,NYY,AL,16,65,56,5,9,1,0,1,5,0,0,8,15,.161,.277,.232,.509,50,13,2,1,0,0,0,*8/H
311,Jordan Hicks\hicksjo03,24,STL,NL,6,0,0,0,0,0,0,0,0,0,0,0,0,,,,,,0,0,0,0,0,0,/1
312,Kyle Higashioka\higasky01,31,NYY,AL,9,21,17,5,6,2,0,3,5,0,0,4,3,.353,.476,1.000,1.476,314,17,0,0,0,0,0,/2
313,Trevor Hildenberger\hildetr01,30,NYM,NL,2,0,0,0,0,0,0,0,0,0,0,0,0,,,,,,0,0,0,0,0,0,/1
314,Derek Hill\hillde01,25,DET,AL,1,0,0,0,0,0,0,0,0,0,0,0,0,,,,,,0,0,0,0,0,0,/8
315,Rich Hill*\hillri01,41,TBR,AL,1,1,1,0,0,0,0,0,0,0,0,0,1,.000,.000,.000,.000,-100,0,0,0,0,0,0,/1
316,Tim Hill\hillti01,31,SDP,NL,9,0,0,0,0,0,0,0,0,0,0,0,0,,,,,,0,0,0,0,0,0,1
317,Sam Hilliard*\hillisa01,27,COL,NL,14,33,31,4,3,0,1,2,4,0,0,2,15,.097,.152,.355,.506,28,11,0,0,0,0,1,/8H9
318,Keston Hiura\hiurake01,24,MIL,NL,16,60,51,5,6,2,0,1,5,1,0,5,22,.118,.250,.216,.466,30,11,2,4,0,0,0,*3/4
319,Nico Hoerner\hoernni01,24,CHC,NL,1,1,1,0,0,0,0,0,0,0,0,0,0,.000,.000,.000,.000,-100,0,0,0,0,0,0,/H
320,Jeff Hoffman\hoffmje02,28,CIN,NL,4,7,6,1,2,0,0,0,1,0,0,0,1,.333,.333,.333,.667,77,2,0,0,1,0,0,/1
321,Jordan Holloway\hollojo01,25,MIA,NL,1,0,0,0,0,0,0,0,0,0,0,0,0,,,,,,0,0,0,0,0,0,/1
322,Clay Holmes\holmecl01,28,PIT,NL,8,0,0,0,0,0,0,0,0,0,0,0,0,,,,,,0,0,0,0,0,0,/1
323,Brock Holt*\holtbr01,33,TEX,AL,8,28,20,1,5,1,0,0,3,1,0,7,4,.250,.464,.300,.764,123,6,1,1,0,0,0,/5DH
324,Rhys Hoskins\hoskirh01,28,PHI,NL,18,74,71,13,17,7,0,3,6,0,0,3,25,.239,.270,.465,.735,100,33,3,0,0,0,0,*3/H
325,Eric Hosmer*\hosmeer01,31,SDP,NL,20,85,78,7,24,5,0,3,14,2,1,6,13,.308,.365,.487,.852,142,38,1,1,0,0,0,*3/DH
326,Adrian Houser\housead01,28,MIL,NL,4,6,6,0,1,0,0,0,0,0,0,0,4,.167,.167,.167,.333,-8,1,0,0,0,0,0,/1
327,Sam Howard\howarsa01,28,PIT,NL,9,0,0,0,0,0,0,0,0,0,0,0,0,,,,,,0,0,0,0,0,0,1
328,Spencer Howard\howarsp01,24,PHI,NL,2,0,0,0,0,0,0,0,0,0,0,0,0,,,,,,0,0,0,0,0,0,/1
329,Daniel Hudson\hudsoda01,34,WSN,NL,6,0,0,0,0,0,0,0,0,0,0,0,0,,,,,,0,0,0,0,0,0,/1
330,Scott Hurst*\hurstsc01,25,STL,NL,5,4,4,0,0,0,0,0,0,0,0,0,1,.000,.000,.000,.000,-100,0,0,0,0,0,0,/8H
331,José Iglesias\iglesjo01,31,LAA,AL,17,68,66,9,18,2,0,1,3,1,0,2,13,.273,.294,.348,.643,81,23,2,0,0,0,0,*6
332,Raisel Iglesias\iglesra01,31,LAA,AL,1,0,0,0,0,0,0,0,0,0,0,0,0,,,,,,0,0,0,0,0,0,/1
333,Ender Inciarte*\inciaen01,30,ATL,NL,12,20,17,3,5,1,0,0,0,0,0,2,3,.294,.368,.353,.721,94,6,1,0,1,0,0,/87H
334,Jonathan India\indiajo01,24,CIN,NL,17,66,55,8,14,1,1,1,13,0,0,5,17,.255,.333,.364,.697,84,20,2,3,0,3,1,*4
335,Kyle Isbel*\isbelky01,24,KCR,AL,12,36,34,5,9,0,1,0,3,1,0,2,15,.265,.306,.324,.629,77,11,0,0,0,0,0,9/7DH
336,Alex Jackson\jacksal02,25,ATL,NL,5,12,10,1,1,0,0,0,0,0,0,0,4,.100,.250,.100,.350,-2,1,0,2,0,0,0,/2H
337,Luke Jackson\jackslu01,29,ATL,NL,7,0,0,0,0,0,0,0,0,0,0,0,0,,,,,,0,0,0,0,0,0,/1
338,Danny Jansen\janseda01,26,TOR,AL,13,38,34,3,2,1,0,0,0,0,0,4,9,.059,.158,.088,.246,-27,3,2,0,0,0,0,*2
339,Kenley Jansen#\janseke01,33,LAD,NL,4,0,0,0,0,0,0,0,0,0,0,0,0,,,,,,0,0,0,0,0,0,/1
340,Jon Jay*\jayjo02,36,LAA,AL,2,8,8,0,1,0,0,0,0,0,0,0,2,.125,.125,.125,.250,-29,1,0,0,0,0,0,/7
341,Ryan Jeffers\jeffery01,24,MIN,AL,9,30,28,3,5,1,0,0,1,0,0,2,14,.179,.233,.214,.448,32,6,0,0,0,0,0,/2H
342,Pierce Johnson\johnspi01,30,SDP,NL,5,0,0,0,0,0,0,0,0,0,0,0,0,,,,,,0,0,0,0,0,0,/1
343,JaCoby Jones\jonesja07,29,DET,AL,12,35,34,2,6,1,0,1,2,0,0,1,11,.176,.200,.294,.494,39,10,1,0,0,0,0,/87H
344,Nate Jones\jonesna01,35,ATL,NL,7,0,0,0,0,0,0,0,0,0,0,0,0,,,,,,0,0,0,0,0,0,/1
345,Taylor Jones\jonesta01,27,HOU,AL,2,7,6,2,2,0,0,0,1,0,0,1,1,.333,.429,.333,.762,121,2,0,0,0,0,0,/D
346,Matthew Joyce*\joycema01,36,PHI,NL,9,19,14,0,3,1,0,0,0,0,0,4,3,.214,.421,.286,.707,103,4,0,1,0,0,0,/H79
347,Aaron Judge\judgeaa01,29,NYY,AL,16,69,58,7,15,1,0,4,8,0,0,11,17,.259,.377,.483,.860,148,28,3,0,0,0,0,*9/D
348,James Karinchak\karinja01,25,CLE,AL,1,0,0,0,0,0,0,0,0,0,0,0,0,,,,,,0,0,0,0,0,0,/1
349,Sean Kazmar Jr.\kazmase01,36,ATL,NL,2,1,1,0,0,0,0,0,0,0,0,0,0,.000,.000,.000,.000,-100,0,1,0,0,0,0,/HD
350,Keone Kela\kelake01,28,SDP,NL,8,0,0,0,0,0,0,0,0,0,0,0,0,,,,,,0,0,0,0,0,0,/1
351,Mitch Keller\kellemi03,25,PIT,NL,3,4,4,1,0,0,0,0,0,0,0,0,1,.000,.000,.000,.000,-100,0,0,0,0,0,0,/1
352,Carson Kelly\kellyca02,26,ARI,NL,14,54,37,8,13,2,0,4,10,0,0,13,10,.351,.537,.730,1.267,245,27,2,3,0,1,1,*2/H
353,Merrill Kelly\kellyme01,32,ARI,NL,4,9,9,0,0,0,0,0,0,0,0,0,4,.000,.000,.000,.000,-100,0,0,0,0,0,0,/1
354,Tony Kemp*\kempto01,29,OAK,AL,11,27,20,2,3,0,0,0,0,2,0,6,4,.150,.346,.150,.496,55,3,0,0,1,0,0,/7H4
355,Max Kepler*\keplema01,28,MIN,AL,14,54,47,5,11,4,1,0,8,3,0,5,12,.234,.315,.362,.677,97,17,0,1,0,1,1,*9/H
356,Clayton Kershaw*\kershcl01,33,LAD,NL,3,6,5,1,2,0,0,0,1,0,0,1,1,.400,.500,.400,.900,158,2,0,0,0,0,0,/1
357,Carter Kieboom\kieboca01,23,WSN,NL,2,2,1,0,0,0,0,0,0,0,0,1,1,.000,.500,.000,.500,56,0,0,0,0,0,0,/H
358,Kevin Kiermaier*\kiermke01,31,TBR,AL,9,26,25,4,6,1,0,0,2,1,0,1,7,.240,.269,.280,.549,63,7,2,0,0,0,0,/8H
359,Ha-Seong Kim\kimha01,25,SDP,NL,17,48,43,4,9,0,0,1,2,1,1,3,11,.209,.292,.279,.571,65,12,1,2,0,0,0,/6H45
360,Kwang Hyun Kim*\kimkw01,32,STL,NL,1,2,2,0,0,0,0,0,0,0,0,0,0,.000,.000,.000,.000,-100,0,0,0,0,0,0,/1
361,Craig Kimbrel\kimbrcr01,33,CHC,NL,8,0,0,0,0,0,0,0,0,0,0,0,0,,,,,,0,0,0,0,0,0,/1
362,Isiah Kiner-Falefa\kineris01,26,TEX,AL,19,84,79,11,17,2,1,2,7,2,0,2,17,.215,.253,.342,.595,67,27,0,2,1,0,0,*6/H
363,Scott Kingery\kingesc01,27,PHI,NL,1,2,2,0,0,0,0,0,0,0,0,0,1,.000,.000,.000,.000,-100,0,0,0,0,0,0,/8H
364,Tyler Kinley\kinlety01,30,COL,NL,6,0,0,0,0,0,0,0,0,0,0,0,0,,,,,,0,0,0,0,0,0,/1
365,Brandon Kintzler\kintzbr01,36,PHI,NL,6,0,0,0,0,0,0,0,0,0,0,0,0,,,,,,0,0,0,0,0,0,/1
366,Alex Kirilloff*\kirilal01,23,MIN,AL,2,3,3,0,0,0,0,0,0,0,0,0,1,.000,.000,.000,.000,-100,0,0,0,0,0,0,/7H
367,Alejandro Kirk\kirkal01,22,TOR,AL,13,32,28,1,5,1,0,1,4,0,0,3,5,.179,.281,.321,.603,71,9,1,1,0,0,0,/2DH
368,Andrew Kittredge\kittran01,31,TBR,AL,1,0,0,0,0,0,0,0,0,0,0,0,0,,,,,,0,0,0,0,0,0,/1
369,Andrew Knapp#\knappan01,29,PHI,NL,8,19,17,1,3,0,0,1,3,0,0,1,8,.176,.211,.353,.563,54,6,0,0,0,1,0,/2H34
370,Corey Knebel\knebeco01,29,LAD,NL,6,0,0,0,0,0,0,0,0,0,0,0,0,,,,,,0,0,0,0,0,0,/1
371,Andrew Knizner\kniznan01,26,STL,NL,6,13,11,1,3,1,0,0,0,0,0,2,2,.273,.385,.364,.748,114,4,1,0,0,0,0,/2H
372,Adam Kolarek*\kolarad01,32,OAK,AL,1,0,0,0,0,0,0,0,0,0,0,0,0,,,,,,0,0,0,0,0,0,/1
373,Chad Kuhl\kuhlch01,28,PIT,NL,4,6,5,0,0,0,0,0,0,0,0,0,2,.000,.000,.000,.000,-100,0,0,0,1,0,0,/1
374,Tommy La Stella*\lasteto01,32,SFG,NL,17,46,42,4,11,3,0,1,2,0,0,4,4,.262,.326,.405,.731,108,17,0,0,0,0,0,/4H5D
375,Juan Lagares\lagarju01,32,LAA,AL,2,7,7,0,0,0,0,0,0,0,0,0,1,.000,.000,.000,.000,-100,0,0,0,0,0,0,/987
376,Travis Lakins\lakintr01,27,BAL,AL,1,0,0,0,0,0,0,0,0,0,0,0,0,,,,,,0,0,0,0,0,0,/1
377,Jake Lamb*\lambja01,30,CHW,AL,5,16,13,2,1,0,0,0,0,0,0,3,4,.077,.250,.077,.327,1,1,0,0,0,0,0,/5D7H
378,Dinelson Lamet\lametdi01,28,SDP,NL,1,0,0,0,0,0,0,0,0,0,0,0,0,,,,,,0,0,0,0,0,0,/1
379,Ramon Laureano\laurera01,26,OAK,AL,16,70,63,11,13,2,2,1,6,8,1,4,18,.206,.286,.349,.635,87,22,0,3,0,0,0,*8
380,DJ LeMahieu\lemahdj01,32,NYY,AL,17,78,69,9,19,4,0,1,6,0,0,9,15,.275,.359,.377,.736,115,26,3,0,0,0,0,/435
381,Sandy Leon#\leonsa01,32,MIA,NL,2,4,4,1,2,0,0,0,0,0,0,0,0,.500,.500,.500,1.000,180,2,0,0,0,0,0,/2H
382,Kyle Lewis\lewisky01,25,SEA,AL,2,8,7,0,0,0,0,0,0,0,0,1,2,.000,.125,.000,.125,-59,0,0,0,0,0,0,/8
383,Josh Lindblom\lindbjo01,34,MIL,NL,4,0,0,0,0,0,0,0,0,0,0,0,0,,,,,,0,0,0,0,0,0,/1
384,Francisco Lindor#\lindofr01,27,NYM,NL,14,62,49,8,10,1,0,1,3,0,1,10,5,.204,.344,.286,.630,81,14,1,1,1,1,1,*6
385,Tim Locastro\locasti01,28,ARI,NL,15,58,52,7,14,0,0,1,2,3,1,4,12,.269,.345,.327,.672,87,17,1,2,0,0,0,*8/9H
386,Evan Longoria\longoev01,35,SFG,NL,18,64,55,11,16,4,0,4,9,0,0,9,14,.291,.391,.582,.972,173,32,1,0,0,0,2,*5/H
387,Nicky Lopez*\lopezni01,26,KCR,AL,17,56,48,9,14,2,1,0,6,2,0,5,6,.292,.352,.375,.727,105,18,0,0,2,1,0,*6
388,Pablo Lopez*\lopezpa01,25,MIA,NL,5,7,7,1,1,1,0,0,0,0,0,0,2,.143,.143,.286,.429,15,2,0,0,0,0,0,/1H
389,Yoan López\lopezyo01,28,ARI,NL,9,0,0,0,0,0,0,0,0,0,0,0,0,,,,,,0,0,0,0,0,0,/1
390,Aaron Loup*\loupaa01,33,NYM,NL,4,0,0,0,0,0,0,0,0,0,0,0,0,,,,,,0,0,0,0,0,0,/1
391,Brandon Lowe*\lowebr01,26,TBR,AL,18,77,66,8,12,3,0,3,10,0,0,9,23,.182,.299,.364,.662,95,24,0,2,0,0,0,*4/7DH
392,Nate Lowe*\lowena01,25,TEX,AL,19,81,71,9,18,2,0,5,17,2,0,9,24,.254,.346,.493,.839,134,35,3,1,0,0,0,*3/D5
393,Jed Lowrie#\lowrije01,37,OAK,AL,17,70,62,12,20,6,0,2,14,0,0,8,11,.323,.400,.516,.916,169,32,0,0,0,0,0,*4/DH
394,Joey Lucchesi*\lucchjo01,28,NYM,NL,3,2,2,0,0,0,0,0,0,0,0,0,2,.000,.000,.000,.000,-100,0,0,0,0,0,0,/1
395,Jonathan Lucroy\lucrojo01,35,WSN,NL,5,14,14,0,5,1,0,0,2,0,0,0,2,.357,.357,.429,.786,119,6,0,0,0,0,0,/2H
396,Jordan Luplow\luplojo01,27,CLE,AL,13,42,34,6,8,1,0,5,11,0,1,8,13,.235,.381,.706,1.087,197,24,0,0,0,0,0,*8/9H7
397,Gavin Lux*\luxga01,23,LAD,NL,13,45,41,4,9,0,2,0,5,1,0,2,11,.220,.244,.317,.562,57,13,2,0,0,2,0,4/H6
398,Jesus Luzardo*\luzarje01,23,OAK,AL,1,1,1,0,0,0,0,0,0,0,0,0,0,.000,.000,.000,.000,-100,0,0,0,0,0,0,/1
399,Manny Machado\machama01,28,SDP,NL,20,89,73,12,19,2,0,3,9,4,1,15,14,.260,.382,.411,.793,128,30,2,0,0,1,1,*5/D
400,Vimael Machin*\machivi01,27,OAK,AL,2,6,6,1,1,0,0,0,0,0,0,0,1,.167,.167,.167,.333,-1,1,1,0,0,0,0,/4
401,Nick Madrigal\madrini01,24,CHW,AL,16,60,53,10,15,2,1,0,4,1,1,4,2,.283,.350,.358,.708,105,19,1,2,0,1,0,*4/DH
402,Kenta Maeda\maedake01,33,MIN,AL,1,2,1,0,0,0,0,0,0,0,0,0,0,.000,.000,.000,.000,-100,0,0,0,1,0,0,/1
403,Tyler Mahle\mahlety01,26,CIN,NL,4,8,5,0,0,0,0,0,0,0,0,0,0,.000,.000,.000,.000,-100,0,1,0,3,0,0,/1
404,Martin Maldonado\maldoma01,34,HOU,AL,12,44,41,3,4,1,0,0,0,0,0,3,20,.098,.159,.122,.281,-18,5,1,0,0,0,0,2/H
405,Trey Mancini\mancitr01,29,BAL,AL,18,74,67,9,13,3,0,4,12,0,0,5,20,.194,.257,.418,.675,89,28,5,1,0,1,0,*3/DH
406,Dillon Maples\mapledi01,29,CHC,NL,4,0,0,0,0,0,0,0,0,0,0,0,0,,,,,,0,0,0,0,0,0,/1
407,Tucupita Marcano*\marcatu01,21,SDP,NL,10,13,12,1,2,1,0,0,1,0,0,1,1,.167,.231,.250,.481,38,3,1,0,0,0,0,/H59
408,Manuel Margot\margoma01,26,TBR,AL,17,60,53,9,13,2,1,2,11,2,0,6,14,.245,.317,.434,.751,120,23,1,0,0,1,0,*/879HD
409,Jake Marisnick\marisja01,30,CHC,NL,13,25,22,3,5,1,1,0,3,1,1,3,10,.227,.320,.364,.684,92,8,0,0,0,0,0,8/H
410,Jose Marmolejos*\marmojo01,28,SEA,AL,14,39,33,5,7,2,0,3,8,0,0,6,13,.212,.333,.545,.879,152,18,0,0,0,0,0,/37HD
411,German Marquez\marquge01,26,COL,NL,4,8,8,0,1,0,0,0,0,0,0,0,2,.125,.125,.125,.250,-34,1,0,0,0,0,0,/1
412,Ketel Marte#\marteke01,27,ARI,NL,6,28,26,5,12,4,0,2,5,0,0,2,4,.462,.500,.846,1.346,263,22,1,0,0,0,0,/8
413,Starling Marte\martest01,32,MIA,NL,15,69,57,15,18,2,1,2,8,3,1,8,14,.316,.420,.491,.912,153,28,1,3,0,1,0,*8
414,Chris Martin\martich02,35,ATL,NL,2,0,0,0,0,0,0,0,0,0,0,0,0,,,,,,0,0,0,0,0,0,/1
415,Carlos Martinez\martica04,29,STL,NL,4,5,5,0,1,1,0,0,0,0,0,0,2,.200,.200,.400,.600,65,2,0,0,0,0,0,/1
416,J.D. Martinez\martijd02,33,BOS,AL,18,80,72,17,26,8,0,6,20,0,0,8,17,.361,.425,.722,1.147,215,52,4,0,0,0,0,*D/79
417,Jorge Mateo\mateojo01,26,SDP,NL,14,26,22,0,5,2,0,0,1,0,0,1,7,.227,.346,.318,.664,93,7,0,3,0,0,0,/H8795
418,Wyatt Mathisen\mathiwy01,27,ARI,NL,15,32,24,2,4,0,0,0,6,0,0,4,13,.167,.344,.167,.510,47,4,0,3,0,1,0,/3H57
419,Nick Maton*\matonni01,24,PHI,NL,3,12,12,1,5,1,0,0,1,0,0,0,4,.417,.417,.500,.917,155,6,0,0,0,0,0,/6
420,Phil Maton\matonph01,28,CLE,AL,1,0,0,0,0,0,0,0,0,0,0,0,0,,,,,,0,0,0,0,0,0,/1
421,Tyler Matzek*\matzety01,30,ATL,NL,8,0,0,0,0,0,0,0,0,0,0,0,0,,,,,,0,0,0,0,0,0,/1
422,Dustin May\maydu01,23,LAD,NL,1,2,1,0,0,0,0,0,0,0,0,0,1,.000,.000,.000,.000,-100,0,0,0,1,0,0,/1
423,Trevor May\maytr01,31,NYM,NL,6,0,0,0,0,0,0,0,0,0,0,0,0,,,,,,0,0,0,0,0,0,/1
424,Jack Mayfield\mayfija01,30,LAA,AL,2,3,3,0,0,0,0,0,0,0,0,0,2,.000,.000,.000,.000,-100,0,0,0,0,0,0,/5H
425,Nomar Mazara*\mazarno01,26,DET,AL,12,40,38,3,9,0,0,2,5,0,0,2,7,.237,.275,.395,.670,89,15,3,0,0,0,0,/9DH
426,Ryan McBroom\mcbrory01,29,KCR,AL,3,5,4,1,0,0,0,0,0,0,0,1,4,.000,.200,.000,.200,-37,0,0,0,0,0,0,/HD
427,James McCann\mccanja02,31,NYM,NL,12,44,40,2,10,0,0,1,3,0,0,4,11,.250,.318,.325,.643,83,13,2,0,0,0,0,*2
428,Chas McCormick\mccorch01,26,HOU,AL,9,21,18,5,3,2,0,1,6,1,0,1,5,.167,.238,.444,.683,88,8,0,1,0,1,0,/78HD9
429,Andrew McCutchen\mccutan01,34,PHI,NL,16,67,55,5,9,0,1,1,5,2,0,12,15,.164,.313,.255,.568,61,14,1,0,0,0,0,*7/H
430,Jake McGee*\mcgeeja01,34,SFG,NL,9,0,0,0,0,0,0,0,0,0,0,0,0,,,,,,0,0,0,0,0,0,1
431,Kyle McGowin\mcgowky01,29,WSN,NL,5,0,0,0,0,0,0,0,0,0,0,0,0,,,,,,0,0,0,0,0,0,/1
432,Collin McHugh\mchugco01,34,TBR,AL,1,0,0,0,0,0,0,0,0,0,0,0,0,,,,,,0,0,0,0,0,0,/1
433,Ryan McKenna\mckenry01,24,BAL,AL,12,13,12,4,2,0,1,0,0,0,0,1,5,.167,.231,.333,.564,59,4,0,0,0,0,0,/7H9
434,Triston McKenzie\mckentr01,23,CLE,AL,1,2,2,0,1,0,0,0,0,0,0,0,0,.500,.500,.500,1.000,183,1,0,0,0,0,0,/1
435,Billy McKinney*\mckinbi01,26,MIL,NL,16,37,36,5,10,0,1,2,4,0,0,1,7,.278,.297,.500,.797,114,18,0,0,0,0,0,/7H39
436,Zach McKinstry*\mckinza01,26,LAD,NL,17,58,54,7,16,5,0,3,14,0,0,2,14,.296,.328,.556,.883,143,30,0,1,0,1,0,*9/475
437,Ryan McMahon*\mcmahry01,26,COL,NL,18,70,69,12,19,4,0,6,10,1,0,1,14,.275,.286,.594,.880,124,41,2,0,0,0,0,4/5H
438,Jeff McNeil*\mcneije01,29,NYM,NL,14,48,43,4,7,2,0,1,4,0,0,4,4,.163,.250,.279,.529,50,12,1,1,0,0,0,*4/H
439,Austin Meadows*\meadoau01,26,TBR,AL,18,82,65,11,16,5,0,4,7,0,0,14,19,.246,.390,.508,.898,163,33,2,2,0,1,0,*7/DH9
440,Francisco Mejia#\mejiafr01,25,TBR,AL,10,35,31,2,10,3,0,1,6,0,0,2,2,.323,.353,.516,.869,153,16,1,0,1,1,0,/2DH
441,Mark Melancon\melanma01,36,SDP,NL,7,0,0,0,0,0,0,0,0,0,0,0,0,,,,,,0,0,0,0,0,0,/1
442,Danny Mendick\mendida01,27,CHW,AL,8,21,16,2,6,0,0,0,2,0,0,5,5,.375,.524,.375,.899,166,6,0,0,0,0,0,/641
443,Yermin Mercedes\merceye01,28,CHW,AL,16,63,59,7,23,4,0,4,12,0,0,4,10,.390,.429,.661,1.090,208,39,1,0,0,0,0,*D/31H
444,Jordy Mercer\mercejo03,34,WSN,NL,7,18,18,1,6,0,0,0,0,0,0,0,3,.333,.333,.333,.667,87,6,0,0,0,0,0,/4H63
445,Whit Merrifield\merriwh01,32,KCR,AL,17,76,67,12,19,4,0,3,12,5,1,5,8,.284,.329,.478,.807,123,32,0,1,0,3,1,*4
446,Wade Miley*\mileywa01,34,CIN,NL,3,7,7,0,1,0,0,0,0,0,0,0,5,.143,.143,.143,.286,-24,1,0,0,0,0,0,/1
447,Andrew Miller*\millean01,36,STL,NL,7,0,0,0,0,0,0,0,0,0,0,0,0,,,,,,0,0,0,0,0,0,/1
448,Brad Miller*\millebr02,31,PHI,NL,10,20,19,4,7,0,0,1,3,0,0,1,6,.368,.400,.526,.926,156,10,1,0,0,0,0,/H345
449,Shelby Miller\millesh01,30,CHC,NL,3,0,0,0,0,0,0,0,0,0,0,0,0,,,,,,0,0,0,0,0,0,/1
450,Alec Mills\millsal02,29,CHC,NL,7,4,4,0,0,0,0,0,0,0,0,0,3,.000,.000,.000,.000,-100,0,0,0,0,0,0,/1
451,A.J. Minter*\minteaj01,27,ATL,NL,8,0,0,0,0,0,0,0,0,0,0,0,0,,,,,,0,0,0,0,0,0,1
452,Yadier Molina\molinya01,38,STL,NL,17,65,59,12,19,4,0,4,12,0,0,5,13,.322,.369,.593,.962,167,35,0,0,0,1,0,*2/H
453,Yoan Moncada#\moncayo01,26,CHW,AL,16,71,60,7,12,2,0,1,8,0,0,7,22,.200,.310,.283,.593,73,17,1,3,0,1,0,*5
454,Mickey Moniak*\moniami01,23,PHI,NL,6,20,18,3,2,0,0,1,3,0,0,2,9,.111,.200,.278,.478,32,5,0,0,0,0,1,/879
455,Dylan Moore\mooredy01,28,SEA,AL,19,63,54,5,6,3,0,1,6,3,0,8,22,.111,.222,.222,.444,31,12,1,0,0,1,0,*4/795H
456,Matt Moore*\moorema02,32,PHI,NL,3,4,4,0,0,0,0,0,0,0,0,0,3,.000,.000,.000,.000,-100,0,0,0,0,0,0,/1
457,Colin Moran*\moranco01,28,PIT,NL,19,76,68,8,20,5,0,4,15,0,0,8,21,.294,.368,.544,.913,150,37,0,0,0,0,0,*3/DH
458,Adrián Morejón*\morejad01,22,SDP,NL,1,1,1,0,0,0,0,0,0,0,0,0,0,.000,.000,.000,.000,-100,0,0,0,0,0,0,/1
459,Mitch Moreland*\morelmi01,35,OAK,AL,16,46,40,4,10,0,0,2,8,0,0,4,10,.250,.326,.400,.726,114,16,1,1,0,1,0,*D/3H
460,Reyes Moronta\moronre01,28,SFG,NL,3,0,0,0,0,0,0,0,0,0,0,0,0,,,,,,0,0,0,0,0,0,/1
461,Charlie Morton\mortoch02,37,ATL,NL,3,5,5,1,1,0,0,0,0,0,0,0,3,.200,.200,.200,.400,7,1,0,0,0,0,0,/1
462,Ryan Mountcastle\mountry01,24,BAL,AL,18,69,65,6,11,4,0,1,7,2,0,3,23,.169,.203,.277,.480,35,18,0,0,0,1,0,/D73H
463,Mike Moustakas*\moustmi01,32,CIN,NL,12,47,38,10,11,4,0,2,5,0,0,7,7,.289,.404,.553,.957,150,21,1,1,0,1,0,*5
464,Cedric Mullins*\mullice01,26,BAL,AL,18,74,67,8,22,7,0,1,4,2,1,7,16,.328,.392,.478,.870,147,32,0,0,0,0,1,*8/H
465,Max Muncy*\muncyma01,30,LAD,NL,18,75,60,12,16,2,1,3,10,0,0,13,14,.267,.413,.483,.897,152,29,0,2,0,0,2,*3/4D
466,Sean Murphy\murphse01,26,OAK,AL,12,48,38,3,6,3,0,1,5,0,0,7,13,.158,.333,.316,.649,94,12,0,3,0,0,0,*2/H
467,Tom Murphy\murphto04,30,SEA,AL,11,36,33,4,4,0,0,1,1,0,0,2,11,.121,.171,.212,.384,12,7,1,0,0,0,0,2/DH
468,Joe Musgrove\musgrjo01,28,SDP,NL,4,7,7,0,1,0,0,0,0,0,0,0,4,.143,.143,.143,.286,-18,1,0,0,0,0,0,/17
469,Wil Myers\myerswi01,30,SDP,NL,20,72,63,9,17,4,0,3,11,1,0,9,18,.270,.361,.476,.837,138,30,2,0,0,0,0,*9/HD
470,Tyler Naquin*\naquity01,30,CIN,NL,15,60,52,9,14,1,0,6,18,1,1,6,15,.269,.350,.635,.985,153,33,0,1,0,1,0,*/879H
471,Omar Narvaez*\narvaom01,29,MIL,NL,16,55,48,7,19,1,0,3,10,0,0,4,7,.396,.455,.604,1.059,188,29,1,2,0,1,0,*2/H
472,Josh Naylor*\naylojo01,24,CLE,AL,16,59,55,4,14,5,0,0,2,0,0,3,13,.255,.293,.345,.639,79,19,0,0,0,0,0,*9/3H
473,Nick Neidert\neideni01,24,MIA,NL,3,4,3,0,0,0,0,0,0,0,0,1,1,.000,.250,.000,.250,-22,0,0,0,0,0,0,/1
474,Jimmy Nelson\nelsoji02,32,LAD,NL,5,1,1,0,0,0,0,0,0,0,0,0,1,.000,.000,.000,.000,-100,0,0,0,0,0,0,/1
475,Hector Neris\nerishe01,32,PHI,NL,8,0,0,0,0,0,0,0,0,0,0,0,0,,,,,,0,0,0,0,0,0,/1
476,Sheldon Neuse\neusesh01,26,LAD,NL,3,8,8,1,1,0,0,1,1,0,0,0,4,.125,.125,.500,.625,66,4,1,0,0,0,0,/45
477,Sean Newcomb*\newcose01,28,ATL,NL,5,0,0,0,0,0,0,0,0,0,0,0,0,,,,,,0,0,0,0,0,0,/1
478,Kevin Newman\newmake01,27,PIT,NL,17,65,62,3,11,2,0,0,2,0,0,3,4,.177,.215,.210,.425,19,13,0,0,0,0,0,*6/H4
479,Tomas Nido\nidoto01,27,NYM,NL,5,7,6,1,1,0,1,0,0,0,0,0,1,.167,.286,.500,.786,117,3,0,1,0,0,0,/2
480,Brandon Nimmo*\nimmobr01,28,NYM,NL,13,53,44,5,17,3,0,0,4,2,0,8,14,.386,.481,.455,.935,167,20,0,0,1,0,0,*8/7H
481,John Nogowski\nogowjo01,28,STL,NL,13,14,12,2,1,0,0,0,0,0,0,1,1,.083,.214,.083,.298,-11,1,1,1,0,0,0,*H/3
482,Aaron Nola\nolaaa01,28,PHI,NL,4,8,7,0,0,0,0,0,0,0,0,0,4,.000,.000,.000,.000,-100,0,0,0,1,0,0,/1
483,Dom Nunez*\nunezdo01,26,COL,NL,11,37,34,6,8,1,1,4,9,0,0,3,14,.235,.297,.676,.974,146,23,0,0,0,0,1,2
484,Renato Nunez\nunezre01,27,DET,AL,7,29,27,5,4,2,0,2,3,0,0,1,8,.148,.207,.444,.651,79,12,1,1,0,0,0,/D3
485,Brian O'Grady*\ogradbr01,29,SDP,NL,1,1,1,0,0,0,0,0,0,0,0,0,0,.000,.000,.000,.000,-100,0,0,0,0,0,0,/H
486,Tyler O'Neill\oneilty01,26,STL,NL,8,29,28,3,4,1,0,1,3,0,1,0,14,.143,.172,.286,.458,27,8,1,1,0,0,0,/7
487,Joseph Odom\odomjo01,29,TBR,AL,2,2,2,0,0,0,0,0,0,0,0,0,1,.000,.000,.000,.000,-100,0,0,0,0,0,0,/2H
488,Rougned Odor*\odorro01,27,NYY,AL,9,32,30,3,5,0,0,1,5,0,0,1,3,.167,.219,.267,.485,40,8,2,1,0,0,0,/4
489,Shohei Ohtani*\ohtansh01,26,LAA,AL,16,67,63,12,18,3,2,5,13,2,1,2,20,.286,.328,.635,.963,163,40,2,2,0,0,0,*D/1H
490,Matt Olson*\olsonma02,27,OAK,AL,16,66,57,11,18,3,0,6,15,0,1,6,11,.316,.394,.684,1.078,211,39,3,2,0,1,0,*3/D
491,Johan Oviedo\oviedjo01,23,STL,NL,1,2,2,0,0,0,0,0,1,0,0,0,1,.000,.000,.000,.000,-100,0,0,0,0,0,0,/1
492,Luis Oviedo\oviedlu01,22,PIT,NL,4,0,0,0,0,0,0,0,0,0,0,0,0,,,,,,0,0,0,0,0,0,/1
493,Chris Owings\owingch01,29,COL,NL,7,17,15,6,8,3,3,0,3,2,0,2,2,.533,.588,1.133,1.722,339,17,0,0,0,0,0,/4H879
494,Marcell Ozuna\ozunama01,30,ATL,NL,18,79,68,5,14,0,0,1,10,0,0,10,23,.206,.316,.250,.566,54,17,0,1,0,0,0,*7
495,Cristian Pache\pachecr01,22,ATL,NL,11,31,30,3,4,2,0,0,0,0,0,1,13,.133,.161,.200,.361,-4,6,0,0,0,0,0,8/H
496,Chris Paddack\paddach01,25,SDP,NL,3,5,5,0,0,0,0,0,0,0,0,0,2,.000,.000,.000,.000,-100,0,0,0,0,0,0,/1
497,Kevin Padlo\padloke01,24,TBR,AL,3,8,6,0,0,0,0,0,0,0,0,2,5,.000,.250,.000,.250,-17,0,0,0,0,0,0,/5
498,Emilio Pagan*\paganem01,30,SDP,NL,9,0,0,0,0,0,0,0,0,0,0,0,0,,,,,,0,0,0,0,0,0,1
499,Josh Palacios*\palacjo01,25,TOR,AL,10,35,28,7,7,0,0,0,4,0,0,3,7,.250,.353,.250,.603,76,7,0,2,1,1,0,/97DH
500,Joe Panik*\panikjo01,30,TOR,AL,10,26,26,1,8,2,0,0,3,0,0,0,3,.308,.308,.385,.692,96,10,0,0,0,0,0,/54HD
501,Mark Payton*\paytoma01,29,CIN,NL,5,5,4,1,1,0,0,0,0,0,0,1,1,.250,.400,.250,.650,77,1,0,0,0,0,0,/H9
502,Matt Peacock\peacoma01,27,ARI,NL,3,1,1,1,1,0,0,0,0,0,0,0,0,1.000,1.000,1.000,2.000,455,1,0,0,0,0,0,/1
503,Joc Pederson*\pederjo01,29,CHC,NL,16,61,51,5,7,0,1,1,4,0,0,7,20,.137,.262,.235,.498,41,12,0,2,0,1,0,*7/9H
504,David Peralta*\peralda01,33,ARI,NL,18,75,67,10,18,2,3,2,16,0,0,8,12,.269,.347,.478,.824,125,32,3,0,0,0,2,*7/H
505,Freddy Peralta\peralfr01,25,MIL,NL,4,4,3,0,0,0,0,0,0,0,0,1,2,.000,.250,.000,.250,-23,0,0,0,0,0,0,/1
506,Wandy Peralta*\peralwa01,29,SFG,NL,8,0,0,0,0,0,0,0,0,0,0,0,0,,,,,,0,0,0,0,0,0,/1
507,Angel Perdomo*\perdoan01,27,MIL,NL,3,0,0,0,0,0,0,0,0,0,0,0,0,,,,,,0,0,0,0,0,0,/1
508,Geraldo Perdomo#\perdoge01,21,ARI,NL,4,13,10,1,1,0,0,0,0,0,0,3,2,.100,.308,.100,.408,19,1,0,0,0,0,1,/6
509,Cionel Pérez\perezci01,25,CIN,NL,10,1,1,0,0,0,0,0,0,0,0,0,0,.000,.000,.000,.000,-100,0,0,0,0,0,0,1
510,Hernan Perez\perezhe01,30,WSN,NL,8,16,14,1,1,0,0,0,0,0,0,2,8,.071,.188,.071,.259,-24,1,0,0,0,0,0,/431H7
511,Michael Perez*\perezmi03,28,PIT,NL,7,21,18,1,1,0,0,0,0,0,0,2,8,.056,.190,.056,.246,-27,1,0,1,0,0,0,/2H
512,Oliver Perez*\perezol01,39,CLE,AL,2,0,0,0,0,0,0,0,0,0,0,0,0,,,,,,0,0,0,0,0,0,/1
513,Roberto Perez\perezro02,32,CLE,AL,13,49,39,6,7,0,0,3,9,0,0,9,17,.179,.347,.410,.757,112,16,1,1,0,0,0,*2
514,Salvador Perez\perezsa02,31,KCR,AL,17,73,68,11,19,4,0,5,12,0,0,4,19,.279,.329,.559,.888,143,38,1,1,0,0,0,*2/D
515,David Peterson*\peterda01,25,NYM,NL,3,6,4,0,0,0,0,0,0,0,0,0,3,.000,.000,.000,.000,-100,0,0,0,2,0,0,/1
516,Jace Peterson*\peterja01,31,MIL,NL,10,28,24,3,5,0,0,2,4,0,0,4,9,.208,.321,.458,.780,111,11,0,0,0,0,0,/4H
517,Yusmeiro Petit\petityu01,36,OAK,AL,2,0,0,0,0,0,0,0,0,0,0,0,0,,,,,,0,0,0,0,0,0,1
518,Tommy Pham\phamth01,33,SDP,NL,19,73,59,3,9,1,0,0,4,2,1,11,14,.153,.301,.169,.471,40,10,2,2,0,1,0,*/78H
519,Brett Phillips*\phillbr02,27,TBR,AL,12,29,23,3,4,2,0,0,1,1,2,5,10,.174,.310,.261,.571,72,6,0,0,0,1,0,*/879H
520,Kevin Pillar\pillake01,32,NYM,NL,11,24,22,3,2,0,0,0,0,1,0,1,5,.091,.167,.091,.258,-24,2,1,1,0,0,0,/8H9
521,Manny Pina\pinama01,34,MIL,NL,7,20,16,2,3,1,0,1,3,0,0,3,3,.188,.300,.438,.738,99,7,0,0,0,1,0,/2H
522,Chad Pinder\pindech01,29,OAK,AL,4,10,10,1,3,0,0,1,2,0,0,0,5,.300,.300,.600,.900,158,6,0,0,0,0,0,/97H
523,Michael Pineda\pinedmi01,32,MIN,AL,1,2,2,0,0,0,0,0,0,0,0,0,1,.000,.000,.000,.000,-100,0,1,0,0,0,0,/1
524,Stephen Piscotty\piscost01,30,OAK,AL,13,41,36,5,8,3,0,2,4,1,0,4,11,.222,.317,.472,.789,130,17,1,1,0,0,0,/9HD
525,Kevin Plawecki\plaweke01,30,BOS,AL,7,24,22,3,5,1,0,0,0,0,0,0,2,.227,.261,.273,.534,51,6,2,1,1,0,0,/2D
526,Adam Plutko\plutkad01,29,BAL,AL,1,0,0,0,0,0,0,0,0,0,0,0,0,,,,,,0,0,0,0,0,0,/1
527,Gregory Polanco*\polangr01,29,PIT,NL,16,62,53,7,9,1,0,2,3,2,0,9,18,.170,.290,.302,.592,65,16,1,0,0,0,0,*9/H
528,Jorge Polanco#\polanjo01,27,MIN,AL,17,73,66,8,14,3,0,0,7,2,1,4,11,.212,.274,.258,.532,57,17,0,2,0,1,0,*4/6
529,AJ Pollock\polloaj01,33,LAD,NL,17,57,53,7,12,3,0,1,5,0,0,4,18,.226,.281,.340,.620,74,18,1,0,0,0,1,*7/8H
530,Drew Pomeranz\pomerdr01,32,SDP,NL,6,0,0,0,0,0,0,0,0,0,0,0,0,,,,,,0,0,0,0,0,0,/1
531,Daniel Ponce de Leon\ponceda01,29,STL,NL,4,2,2,0,0,0,0,0,0,0,0,0,2,.000,.000,.000,.000,-100,0,0,0,0,0,0,/1
532,Zach Pop\popza01,24,MIA,NL,6,0,0,0,0,0,0,0,0,0,0,0,0,,,,,,0,0,0,0,0,0,/1
533,Sean Poppen\poppese01,27,PIT,NL,1,0,0,0,0,0,0,0,0,0,0,0,0,,,,,,0,0,0,0,0,0,/1
534,Buster Posey\poseybu01,34,SFG,NL,12,46,42,9,13,1,0,4,4,0,0,3,8,.310,.370,.619,.989,176,26,4,1,0,0,0,*2
535,David Price*\priceda01,35,LAD,NL,4,1,0,0,0,0,0,0,1,0,0,0,0,,.000,,,,0,0,0,0,1,0,/1
536,Jurickson Profar#\profaju01,28,SDP,NL,21,83,66,11,17,3,1,0,5,3,0,13,13,.258,.370,.333,.704,104,22,5,0,1,2,1,*7/493
537,Albert Pujols\pujolal01,41,LAA,AL,14,51,48,6,11,0,0,3,8,1,0,2,6,.229,.275,.417,.691,92,20,1,1,0,0,1,3/DH
538,Cal Quantrill*\quantca01,26,CLE,AL,1,0,0,0,0,0,0,0,0,0,0,0,0,,,,,,0,0,0,0,0,0,/1
539,Roman Quinn#\quinnro01,28,PHI,NL,15,31,25,3,1,0,0,0,0,2,1,3,11,.040,.226,.040,.266,-20,1,0,3,0,0,0,*8/H
540,Tanner Rainey\raineta01,28,WSN,NL,7,0,0,0,0,0,0,0,0,0,0,0,0,,,,,,0,0,0,0,0,0,/1
541,Brooks Raley*\raleybr01,33,HOU,AL,1,0,0,0,0,0,0,0,0,0,0,0,0,,,,,,0,0,0,0,0,0,/1
542,Luke Raley*\raleylu01,26,LAD,NL,9,22,21,1,5,1,0,1,2,0,0,1,6,.238,.273,.429,.701,94,9,0,0,0,0,0,/97H
543,Jose Ramirez#\ramirjo01,28,CLE,AL,17,72,64,7,14,2,0,4,8,4,0,7,8,.219,.292,.438,.729,101,28,2,0,0,1,1,*5
544,Nick Ramirez*\ramirni01,31,SDP,NL,2,0,0,0,0,0,0,0,0,0,0,0,0,,,,,,0,0,0,0,0,0,/1
545,Wilson Ramos\ramoswi01,33,DET,AL,17,67,61,8,15,3,0,6,8,0,0,4,17,.246,.292,.590,.882,144,36,1,0,0,0,0,*2/D
546,Drew Rasmussen\rasmudr01,25,MIL,NL,7,0,0,0,0,0,0,0,0,0,0,0,0,,,,,,0,0,0,0,0,0,/1
547,J.T. Realmuto\realmjt01,30,PHI,NL,18,62,52,6,15,4,0,2,9,1,0,7,15,.288,.403,.481,.884,146,25,0,3,0,0,1,*2/H3
548,Sean Reid-Foley\reidfse01,25,NYM,NL,1,0,0,0,0,0,0,0,0,0,0,0,0,,,,,,0,0,0,0,0,0,/1
549,Anthony Rendon\rendoan01,31,LAA,AL,8,37,31,5,9,0,0,1,3,0,0,5,7,.290,.378,.387,.765,117,12,2,0,0,1,0,/5
550,Hunter Renfroe\renfrhu01,29,BOS,AL,13,50,45,7,8,1,0,1,7,0,1,3,14,.178,.220,.267,.487,36,12,1,0,0,2,0,*9/8
551,Luis Rengifo#\rengilu01,24,LAA,AL,3,12,11,1,1,0,0,0,0,0,0,1,2,.091,.167,.091,.258,-24,1,0,0,0,0,0,/5
552,Alex Reyes\reyesal02,26,STL,NL,8,0,0,0,0,0,0,0,0,0,0,0,0,,,,,,0,0,0,0,0,0,/1
553,Franmil Reyes\reyesfr01,25,CLE,AL,16,64,59,8,16,3,1,4,10,0,0,3,19,.271,.313,.559,.872,138,33,3,1,0,1,0,*D/9
554,Victor Reyes#\reyesvi01,26,DET,AL,12,36,35,4,5,2,0,1,1,1,0,1,11,.143,.167,.286,.452,26,10,0,0,0,0,0,/89DH
555,Bryan Reynolds#\reynobr01,26,PIT,NL,19,79,67,15,21,4,0,2,9,0,1,11,17,.313,.418,.463,.880,145,31,1,1,0,0,0,*7/8H
556,JT Riddle*\riddljt01,29,MIN,AL,4,6,6,1,2,0,0,0,0,0,0,0,0,.333,.333,.333,.667,96,2,0,0,0,0,0,/6DH
557,Austin Riley\rileyau01,24,ATL,NL,18,64,52,9,13,0,0,1,2,0,0,7,13,.250,.375,.308,.683,85,16,1,4,0,1,1,*5/H
558,Edwin Rios*\riosed01,27,LAD,NL,15,39,32,3,4,0,0,1,1,0,0,6,8,.125,.282,.219,.501,44,7,1,1,0,0,0,/H35D9
559,Anthony Rizzo*\rizzoan01,31,CHC,NL,18,74,61,10,14,2,1,3,5,2,0,12,11,.230,.351,.443,.794,121,27,1,0,0,1,0,*3
560,Luis Robert\roberlu01,23,CHW,AL,18,77,71,7,22,8,1,1,6,3,0,5,18,.310,.351,.493,.844,140,35,0,0,0,1,0,*8
561,Daniel Robertson\roberda10,27,MIL,NL,16,39,36,2,4,1,0,0,0,0,0,3,12,.111,.179,.139,.318,-11,5,1,0,0,0,0,/456H
562,Hansel Robles\robleha01,30,MIN,AL,2,0,0,0,0,0,0,0,0,0,0,0,0,,,,,,0,0,0,0,0,0,/1
563,Victor Robles\roblevi01,24,WSN,NL,16,60,49,4,10,0,1,0,1,1,1,8,14,.204,.350,.245,.595,70,12,0,3,0,0,0,*8/H
564,Richard Rodriguez\rodriri05,31,PIT,NL,6,0,0,0,0,0,0,0,0,0,0,0,0,,,,,,0,0,0,0,0,0,/1
565,Chaz Roe\roech01,34,TBR,AL,1,0,0,0,0,0,0,0,0,0,0,0,0,,,,,,0,0,0,0,0,0,/1
566,Taylor Rogers*\rogerta01,30,MIN,AL,2,0,0,0,0,0,0,0,0,0,0,0,0,,,,,,0,0,0,0,0,0,/1
567,Trevor Rogers*\rogertr01,23,MIA,NL,4,8,6,0,0,0,0,0,0,0,0,0,4,.000,.000,.000,.000,-100,0,0,0,2,0,0,/1
568,Tyler Rogers\rogerty01,30,SFG,NL,10,0,0,0,0,0,0,0,0,0,0,0,0,,,,,,0,0,0,0,0,0,*1
569,Jose Rojas*\rojasjo02,28,LAA,AL,10,27,25,1,3,2,0,0,0,0,0,2,10,.120,.185,.200,.385,9,5,0,0,0,0,0,/5H79
570,Josh Rojas*\rojasjo01,27,ARI,NL,17,50,41,6,6,0,0,1,2,1,0,9,13,.146,.300,.220,.520,47,9,0,0,0,0,0,/6H749
571,Miguel Rojas\rojasmi02,32,MIA,NL,17,70,60,9,18,5,1,0,6,3,1,8,5,.300,.400,.417,.817,128,25,1,2,0,0,0,*6/H
572,Sal Romano*\romansa01,27,CIN,NL,8,1,1,0,0,0,0,0,0,0,0,0,0,.000,.000,.000,.000,-100,0,0,0,0,0,0,/1
573,JoJo Romero*\romerjo01,24,PHI,NL,5,0,0,0,0,0,0,0,0,0,0,0,0,,,,,,0,0,0,0,0,0,/1
574,Austin Romine\rominau01,32,CHC,NL,4,5,5,0,0,0,0,0,0,0,0,0,1,.000,.000,.000,.000,-100,0,0,0,0,0,0,/2H
575,Sergio Romo\romose01,38,OAK,AL,1,0,0,0,0,0,0,0,0,0,0,0,0,,,,,,0,0,0,0,0,0,/1
576,Brent Rooker\rookebr01,26,MIN,AL,6,22,21,0,2,1,0,0,1,0,0,1,11,.095,.136,.143,.279,-18,3,0,0,0,0,0,/79H
577,Amed Rosario\rosaram01,25,CLE,AL,16,50,44,7,8,1,0,1,2,0,0,6,9,.182,.280,.273,.553,57,12,2,0,0,0,0,/86H
578,Eddie Rosario*\rosared01,29,CLE,AL,17,68,62,8,14,2,1,2,9,4,0,5,13,.226,.279,.387,.667,85,24,1,0,0,1,0,*7
579,Joe Ross\rossjo01,28,WSN,NL,3,6,6,1,2,0,0,0,0,0,0,0,4,.333,.333,.333,.667,87,2,0,0,0,0,0,/1
580,Ramon Rosso\rossora01,25,PHI,NL,1,0,0,0,0,0,0,0,0,0,0,0,0,,,,,,0,0,0,0,0,0,/1
581,Darin Ruf\rufda01,34,SFG,NL,14,26,23,6,5,1,0,3,7,1,0,3,6,.217,.308,.652,.960,165,15,3,0,0,0,0,/H73D
582,Rio Ruiz*\ruizri01,27,BAL,AL,16,55,50,7,8,2,0,2,5,2,0,5,18,.160,.236,.320,.556,57,16,1,0,0,0,0,*4/5HD
583,Aaron Sanchez\sanchaa01,28,SFG,NL,4,6,6,0,0,0,0,0,0,0,0,0,4,.000,.000,.000,.000,-100,0,0,0,0,0,0,/1
584,Gary Sanchez\sanchga02,28,NYY,AL,14,53,45,6,9,1,0,2,4,0,0,7,12,.200,.321,.356,.676,97,16,0,1,0,0,0,*2/D
585,Pablo Sandoval#\sandopa01,34,ATL,NL,15,20,16,5,5,0,0,3,7,0,0,4,6,.313,.450,.875,1.325,242,14,0,0,0,0,0,*H/D35
586,Miguel Sano\sanomi01,28,MIN,AL,15,58,45,6,5,0,0,2,4,0,0,13,20,.111,.310,.244,.555,65,11,1,0,0,0,0,*3/5DH
587,Carlos Santana#\santaca01,35,KCR,AL,17,72,60,8,15,4,0,4,14,0,0,11,11,.250,.361,.517,.878,143,31,0,0,0,1,1,*3
588,Dennis Santana\santade01,25,LAD,NL,4,0,0,0,0,0,0,0,0,0,0,0,0,,,,,,0,0,0,0,0,0,/1
589,Anthony Santander#\santaan02,26,BAL,AL,16,62,56,5,11,1,0,2,8,0,0,2,17,.196,.230,.321,.551,55,18,0,1,1,2,0,*9/D
590,Gregory Santos\santogr01,21,SFG,NL,1,0,0,0,0,0,0,0,0,0,0,0,0,,,,,,0,0,0,0,0,0,/1
591,Scott Schebler*\schebsc01,30,LAA,AL,4,10,10,1,2,1,0,0,0,0,0,0,6,.200,.200,.300,.500,39,3,0,0,0,0,0,/98H
592,Max Scherzer\scherma01,36,WSN,NL,4,8,7,0,0,0,0,0,0,0,0,0,2,.000,.000,.000,.000,-100,0,0,0,1,0,0,/1
593,Jonathan Schoop\schoojo01,29,DET,AL,17,64,59,7,12,0,0,1,4,0,0,3,18,.203,.234,.254,.489,40,15,1,0,0,2,0,3/4
594,Max Schrock*\schroma01,26,CIN,NL,5,9,9,1,1,0,0,0,0,0,0,0,5,.111,.111,.111,.222,-41,1,0,0,0,0,0,/5H4
595,Kyle Schwarber*\schwaky01,28,WSN,NL,10,42,40,3,8,3,0,1,2,0,0,2,14,.200,.238,.350,.588,62,14,0,0,0,0,1,7
596,Tanner Scott\scottta01,26,BAL,AL,1,0,0,0,0,0,0,0,0,0,0,0,0,,,,,,0,0,0,0,0,0,/1
597,Corey Seager*\seageco01,27,LAD,NL,18,82,71,11,19,6,0,3,13,0,0,11,13,.268,.366,.479,.845,136,34,2,0,0,0,1,*6
598,Kyle Seager*\seageky01,33,SEA,AL,19,79,71,4,15,4,0,2,12,1,0,5,18,.211,.278,.352,.631,84,25,0,2,0,1,0,*5/D
599,Jean Segura\segurje01,31,PHI,NL,17,64,60,7,20,4,0,1,5,1,0,3,10,.333,.359,.450,.809,125,27,4,0,0,1,1,*4
600,Marcus Semien\semiema01,30,TOR,AL,18,82,73,8,14,0,0,4,7,4,0,8,22,.192,.268,.356,.624,76,26,0,0,0,1,0,*4/6D
601,Antonio Senzatela\senzaan01,26,COL,NL,4,6,5,0,0,0,0,0,0,0,0,0,3,.000,.000,.000,.000,-100,0,0,0,1,0,0,/1
602,Nick Senzel\senzeni01,26,CIN,NL,18,54,48,10,10,2,0,0,2,1,2,6,9,.208,.296,.250,.546,46,12,0,0,0,0,0,*8/H5
603,Pedro Severino\severpe01,27,BAL,AL,13,45,43,3,10,1,0,1,1,0,0,2,12,.233,.267,.326,.592,68,14,0,0,0,0,0,*2/H
604,Bryan Shaw#\shawbr01,33,CLE,AL,1,0,0,0,0,0,0,0,0,0,0,0,0,,,,,,0,0,0,0,0,0,/1
605,Travis Shaw*\shawtr01,31,MIL,NL,17,67,62,7,14,3,0,3,15,0,0,4,20,.226,.284,.419,.703,90,26,1,1,0,0,0,*5/3H
606,Jordan Sheffield\sheffjo01,26,COL,NL,4,0,0,0,0,0,0,0,0,0,0,0,0,,,,,,0,0,0,0,0,0,/1
607,Ryan Sherriff*\sherrry01,31,TBR,AL,1,0,0,0,0,0,0,0,0,0,0,0,0,,,,,,0,0,0,0,0,0,/1
608,Zack Short\shortza01,26,DET,AL,1,3,1,0,0,0,0,0,0,0,0,2,0,.000,.667,.000,.667,114,0,0,0,0,0,0,/5
609,Magneuris Sierra*\sierrma01,25,MIA,NL,13,9,9,3,1,0,0,0,0,1,0,0,3,.111,.111,.111,.222,-38,1,0,0,0,0,0,H/79
610,Andrelton Simmons\simmoan01,31,MIN,AL,10,38,31,6,11,3,0,0,3,0,0,6,6,.355,.474,.452,.925,173,14,3,1,0,0,0,6/H
611,Lucas Sims\simslu01,27,CIN,NL,8,0,0,0,0,0,0,0,0,0,0,0,0,,,,,,0,0,0,0,0,0,/1
612,Chance Sisco*\siscoch01,26,BAL,AL,8,24,23,1,3,0,0,0,1,0,0,0,10,.130,.167,.130,.297,-13,3,0,1,0,0,0,/2DH
613,Austin Slater\slateau01,28,SFG,NL,17,62,55,5,13,2,1,2,6,2,0,7,22,.236,.323,.418,.741,110,23,0,0,0,0,0,*87/H9
614,Aaron Slegers\slegeaa01,28,LAA,AL,1,0,0,0,0,0,0,0,0,0,0,0,0,,,,,,0,0,0,0,0,0,/1
615,Caleb Smith\smithca03,29,ARI,NL,7,1,1,0,0,0,0,0,0,0,0,0,1,.000,.000,.000,.000,-100,0,0,0,0,0,0,/1
616,Dominic Smith*\smithdo02,26,NYM,NL,13,51,48,3,12,2,0,2,6,0,0,2,14,.250,.275,.417,.691,92,20,2,0,0,1,0,*7/H
617,Joe Smith\smithjo05,37,HOU,AL,1,0,0,0,0,0,0,0,0,0,0,0,0,,,,,,0,0,0,0,0,0,/1
618,Pavin Smith*\smithpa04,25,ARI,NL,16,58,54,8,14,4,0,1,6,0,0,4,11,.259,.310,.389,.699,92,21,3,0,0,0,0,*/938H7
619,Riley Smith\smithri01,26,ARI,NL,4,5,5,0,0,0,0,0,0,0,0,0,3,.000,.000,.000,.000,-100,0,0,0,0,0,0,/1
620,Will Smith\smithwi04,31,ATL,NL,8,0,0,0,0,0,0,0,0,0,0,0,0,,,,,,0,0,0,0,0,0,/1
621,Will Smith\smithwi05,26,LAD,NL,14,58,44,9,9,4,0,2,4,0,0,10,11,.205,.379,.432,.811,128,19,3,3,0,1,1,*2/D
622,Drew Smyly*\smylydr01,32,ATL,NL,2,4,3,0,0,0,0,0,0,0,0,0,3,.000,.000,.000,.000,-100,0,0,0,1,0,0,/1
623,Blake Snell*\snellbl01,28,SDP,NL,4,3,3,0,1,0,0,0,0,0,0,0,2,.333,.333,.333,.667,92,1,0,0,0,0,0,/1
624,Eric Sogard*\sogarer01,35,CHC,NL,17,33,30,4,6,1,1,0,4,1,0,2,5,.200,.242,.300,.542,51,9,0,0,0,1,1,/4H56
625,Nick Solak\solakni01,26,TEX,AL,19,79,68,13,19,1,0,4,9,2,1,6,22,.279,.380,.471,.850,139,32,2,5,0,0,0,*4/D
626,Donovan Solano\solando01,33,SFG,NL,17,54,50,5,15,4,0,0,3,1,0,2,11,.300,.333,.380,.713,103,19,1,1,0,1,0,*4/H
627,Jorge Soler\solerjo01,29,KCR,AL,17,66,53,6,11,3,0,2,6,0,0,8,23,.208,.328,.377,.705,98,20,0,2,0,1,0,*D/9
628,Peter Solomon\solompe01,24,HOU,AL,1,0,0,0,0,0,0,0,0,0,0,0,0,,,,,,0,0,0,0,0,0,/1
629,Joakim Soria\soriajo01,37,ARI,NL,1,0,0,0,0,0,0,0,0,0,0,0,0,,,,,,0,0,0,0,0,0,/1
630,Edmundo Sosa\sosaed01,25,STL,NL,6,7,5,0,1,0,0,0,0,0,0,0,1,.200,.429,.200,.629,86,1,1,2,0,0,0,/45H68
631,Gregory Soto*\sotogr01,26,DET,AL,1,0,0,0,0,0,0,0,0,0,0,0,0,,,,,,0,0,0,0,0,0,/1
632,Juan Soto*\sotoju01,22,WSN,NL,14,61,50,11,15,2,0,2,8,1,2,10,7,.300,.410,.460,.870,143,23,1,0,0,1,2,*9
633,Jeffrey Springs*\sprinje01,28,TBR,AL,1,0,0,0,0,0,0,0,0,0,0,0,0,,,,,,0,0,0,0,0,0,/1
634,Jacob Stallings\stallja01,31,PIT,NL,16,58,48,4,10,4,0,0,7,0,0,10,14,.208,.345,.292,.636,80,14,0,0,0,0,0,*2/H
635,Craig Stammen\stammcr01,37,SDP,NL,7,3,2,0,1,0,0,0,0,0,0,0,1,.500,.500,.500,1.000,189,1,0,0,1,0,0,/1
636,Ryne Stanek\stanery01,29,HOU,AL,1,0,0,0,0,0,0,0,0,0,0,0,0,,,,,,0,0,0,0,0,0,/1
637,Giancarlo Stanton\stantmi03,31,NYY,AL,15,63,57,5,9,1,0,3,12,0,0,6,21,.158,.238,.333,.571,64,19,2,0,0,0,1,*D
638,Cody Stashak\stashco01,27,MIN,AL,2,0,0,0,0,0,0,0,0,0,0,0,0,,,,,,0,0,0,0,0,0,/1
639,Max Stassi\stassma01,30,LAA,AL,7,19,16,3,6,0,0,1,1,0,0,3,3,.375,.474,.563,1.036,191,9,1,0,0,0,0,/2
640,Justin Steele*\steelju01,25,CHC,NL,3,0,0,0,0,0,0,0,0,0,0,0,0,,,,,,0,0,0,0,0,0,/1
641,Trevor Stephan\stephtr01,25,CLE,AL,1,0,0,0,0,0,0,0,0,0,0,0,0,,,,,,0,0,0,0,0,0,/1
642,Robert Stephenson\stephro01,28,COL,NL,9,0,0,0,0,0,0,0,0,0,0,0,0,,,,,,0,0,0,0,0,0,/1
643,Tyler Stephenson\stephty01,24,CIN,NL,11,30,27,8,10,1,0,1,5,0,0,2,8,.370,.433,.519,.952,150,14,2,1,0,0,0,/2H
644,Andrew Stevenson*\stevean01,27,WSN,NL,15,36,32,5,7,1,0,1,4,0,0,3,9,.219,.278,.344,.622,73,11,1,0,0,1,0,/H798
645,DJ Stewart*\stewadj01,27,BAL,AL,10,38,32,6,8,2,0,1,5,0,0,6,9,.250,.368,.406,.775,122,13,0,0,0,0,0,/7DH
646,Trevor Story\storytr01,28,COL,NL,18,71,66,6,18,5,1,0,7,1,2,4,15,.273,.310,.379,.689,80,25,0,0,0,1,1,*6/H
647,Stephen Strasburg\strasst01,32,WSN,NL,2,3,3,0,1,1,0,0,0,0,0,0,0,.333,.333,.667,1.000,171,2,0,0,0,0,0,/1
648,Chris Stratton\stratch01,30,PIT,NL,8,0,0,0,0,0,0,0,0,0,0,0,0,,,,,,0,0,0,0,0,0,/1
649,Myles Straw\strawmy01,26,HOU,AL,17,65,59,5,12,0,1,0,7,3,1,5,10,.203,.262,.237,.499,44,14,2,0,0,1,0,*8
650,Marcus Stroman\stromma01,30,NYM,NL,3,8,7,0,0,0,0,0,0,0,0,1,3,.000,.125,.000,.125,-61,0,0,0,0,0,0,/1
651,Pedro Strop\stroppe01,36,CHC,NL,2,0,0,0,0,0,0,0,0,0,0,0,0,,,,,,0,0,0,0,0,0,/1
652,Garrett Stubbs*\stubbga01,28,HOU,AL,1,0,0,0,0,0,0,0,0,0,0,0,0,,,,,,0,0,0,0,0,0,/H
653,Eugenio Suarez\suareeu01,29,CIN,NL,17,78,65,13,11,4,0,3,7,0,0,10,28,.169,.295,.369,.664,74,24,1,2,0,1,0,*6
654,Wander Suero\suerowa01,29,WSN,NL,8,0,0,0,0,0,0,0,0,0,0,0,0,,,,,,0,0,0,0,0,0,/1
655,Cole Sulser\sulseco01,31,BAL,AL,1,0,0,0,0,0,0,0,0,0,0,0,0,,,,,,0,0,0,0,0,0,/1
656,Brent Suter*\suterbr01,31,MIL,NL,8,3,3,0,0,0,0,0,0,0,0,0,3,.000,.000,.000,.000,-100,0,0,0,0,0,0,/1
657,Kurt Suzuki\suzukku01,37,LAA,AL,10,36,30,2,7,1,0,1,4,0,0,3,10,.233,.314,.367,.681,92,11,3,1,1,1,0,2/H
658,Dansby Swanson\swansda01,27,ATL,NL,18,75,67,3,12,4,0,1,4,0,1,6,24,.179,.267,.284,.550,47,19,3,2,0,0,0,*6
659,Anthony Swarzak\swarzan01,35,ARI,NL,6,0,0,0,0,0,0,0,0,0,0,0,0,,,,,,0,0,0,0,0,0,/1
660,Raimel Tapia*\tapiara01,27,COL,NL,17,66,59,4,16,1,0,2,6,1,2,6,7,.271,.333,.390,.723,90,23,0,0,0,1,0,*7/H
661,Dillon Tate\tatedi01,27,BAL,AL,1,0,0,0,0,0,0,0,0,0,0,0,0,,,,,,0,0,0,0,0,0,/1
662,Fernando Tatis Jr.\tatisfe02,22,SDP,NL,12,49,43,7,7,1,0,2,3,2,1,6,16,.163,.265,.326,.591,69,14,1,0,0,0,0,6/H
663,Mike Tauchman*\tauchmi01,30,NYY,AL,8,11,10,1,2,0,0,0,0,2,0,0,3,.200,.200,.200,.400,17,2,0,0,1,0,0,/7H8D9
664,Leody Taveras#\taverle01,22,TEX,AL,14,47,43,2,4,0,0,0,1,2,0,3,21,.093,.170,.093,.263,-22,4,1,1,0,0,0,*8/H
665,Chris Taylor\tayloch03,30,LAD,NL,16,67,54,12,12,3,0,3,9,2,0,10,19,.222,.373,.444,.818,130,24,0,3,0,0,0,*8/4796
666,Michael A. Taylor\taylomi02,30,KCR,AL,17,61,55,8,15,1,0,2,6,2,0,6,14,.273,.344,.400,.744,109,22,1,0,0,0,0,*8
667,Tyrone Taylor\tayloty01,27,MIL,NL,6,8,7,1,3,1,0,1,2,1,0,1,3,.429,.500,1.000,1.500,299,7,0,0,0,0,0,/H79
668,Anderson Tejeda#\tejedan01,23,TEX,AL,5,17,16,1,1,0,0,0,0,1,0,1,10,.063,.118,.063,.180,-47,1,0,0,0,0,0,/54
669,Rowdy Tellez*\tellero01,26,TOR,AL,15,51,49,3,8,0,0,1,2,0,0,1,13,.163,.196,.224,.421,19,11,1,1,0,0,0,/D3H
670,Ryan Tepera\teperry01,33,CHC,NL,8,0,0,0,0,0,0,0,0,0,0,0,0,,,,,,0,0,0,0,0,0,/1
671,Lane Thomas\thomala02,25,STL,NL,4,10,9,0,2,0,0,0,0,0,0,1,3,.222,.300,.222,.522,51,2,0,0,0,0,0,/8H
672,Ryan Thompson\thompry02,29,TBR,AL,2,0,0,0,0,0,0,0,0,0,0,0,0,,,,,,0,0,0,0,0,0,/1
673,Ka'ai Tom*\tomka01,27,OAK,AL,9,16,16,1,1,0,0,0,1,0,0,0,6,.063,.063,.063,.125,-63,1,0,0,0,0,0,/H9D71
674,Josh Tomlin\tomlijo01,36,ATL,NL,7,0,0,0,0,0,0,0,0,0,0,0,0,,,,,,0,0,0,0,0,0,/1
675,Abraham Toro#\toroab01,24,HOU,AL,5,11,10,0,1,0,0,0,0,0,0,1,0,.100,.182,.100,.282,-17,1,1,0,0,0,0,/H5
676,Luis Torrens\torrelu01,25,SEA,AL,16,50,47,3,9,2,0,0,1,0,0,3,12,.191,.240,.234,.474,40,11,2,0,0,0,0,2/DH
677,Gleyber Torres\torregl01,24,NYY,AL,17,73,64,5,14,2,0,0,2,1,0,9,16,.219,.315,.250,.565,68,16,1,0,0,0,0,*6
678,Ronald Torreyes\torrero01,28,PHI,NL,3,5,5,0,1,0,0,0,0,0,0,0,3,.200,.200,.200,.400,12,1,0,0,0,0,0,/64H
679,Taylor Trammell*\trammta01,23,SEA,AL,17,63,54,8,9,2,0,3,9,1,2,8,26,.167,.274,.370,.645,87,20,0,0,1,0,0,*8/7
680,Blake Treinen\treinbl01,33,LAD,NL,7,0,0,0,0,0,0,0,0,0,0,0,0,,,,,,0,0,0,0,0,0,/1
681,Alan Trejo\trejoal01,25,COL,NL,5,8,7,0,1,0,0,0,0,0,0,1,1,.143,.250,.143,.393,7,1,1,0,0,0,1,/H6
682,Jose Trevino\trevijo01,28,TEX,AL,13,53,51,4,15,2,0,0,1,0,0,1,13,.294,.302,.333,.635,80,17,2,0,0,1,0,*2
683,Lou Trivino\trivilo01,29,OAK,AL,2,0,0,0,0,0,0,0,0,0,0,0,0,,,,,,0,0,0,0,0,0,1
684,Mike Trout\troutmi01,29,LAA,AL,17,71,56,15,22,5,0,6,12,0,0,14,20,.393,.521,.804,1.325,267,45,0,1,0,0,3,*8
685,Yoshi Tsutsugo*\tsutsyo01,29,TBR,AL,15,57,52,4,9,2,0,0,5,0,0,4,18,.173,.232,.212,.444,33,11,0,0,1,0,0,/3DH
686,Kyle Tucker*\tuckeky01,24,HOU,AL,18,76,70,8,12,3,0,4,11,1,0,2,12,.171,.200,.386,.586,61,27,2,1,0,2,0,*9
687,Justin Turner\turneju01,36,LAD,NL,17,76,66,14,25,7,0,5,16,0,0,8,15,.379,.447,.712,1.159,220,47,1,1,0,1,0,*5/D
688,Trea Turner\turnetr01,28,WSN,NL,16,67,63,7,19,3,0,4,8,5,0,3,15,.302,.343,.540,.883,142,34,3,1,0,0,0,*6
689,Duane Underwood Jr.\underdu01,26,PIT,NL,6,0,0,0,0,0,0,0,0,0,0,0,0,,,,,,0,0,0,0,0,0,/1
690,Justin Upton\uptonju01,33,LAA,AL,15,62,54,10,13,2,0,4,11,0,0,6,19,.241,.323,.500,.823,128,27,2,1,0,1,0,*7
691,Julio Urias*\uriasju01,24,LAD,NL,3,7,6,1,1,0,0,0,0,0,0,0,2,.167,.167,.167,.333,-6,1,0,0,1,0,0,/1
692,Luis Urias\uriaslu01,24,MIL,NL,15,52,40,5,7,3,0,2,8,1,0,12,13,.175,.365,.400,.765,110,16,1,0,0,0,2,*6/H
693,Ramon Urias\uriasra01,27,BAL,AL,11,23,22,2,5,1,0,1,3,0,0,1,8,.227,.261,.409,.670,88,9,0,0,0,0,0,/4H6
694,Jose Urquidy\urquijo01,26,HOU,AL,1,2,2,0,0,0,0,0,0,0,0,0,2,.000,.000,.000,.000,-100,0,0,0,0,0,0,/1
695,Gio Urshela\urshegi01,29,NYY,AL,16,61,58,6,16,4,0,2,7,1,0,3,13,.276,.311,.448,.760,118,26,2,0,0,0,0,*5/6
696,Pat Valaika\valaipa01,28,BAL,AL,4,10,9,1,1,0,0,0,0,0,0,1,2,.111,.200,.111,.311,-8,1,0,0,0,0,0,/4H37
697,Cesar Valdez\valdece01,36,BAL,AL,1,0,0,0,0,0,0,0,0,0,0,0,0,,,,,,0,0,0,0,0,0,/1
698,Josh VanMeter*\vanmejo01,26,ARI,NL,18,36,30,3,7,1,1,1,4,0,0,6,10,.233,.361,.433,.794,118,13,1,0,0,0,0,H/49
699,Ildemaro Vargas#\vargail01,29,CHC,NL,2,2,2,0,0,0,0,0,0,0,0,0,0,.000,.000,.000,.000,-100,0,0,0,0,0,0,/4H
700,Andrew Vaughn\vaughan01,23,CHW,AL,11,39,32,4,6,3,0,0,1,0,0,6,12,.188,.333,.281,.615,80,9,0,1,0,0,0,7/3
701,Christian Vazquez\vazquch01,30,BOS,AL,17,67,62,11,16,3,0,2,5,2,0,5,10,.258,.313,.403,.717,100,25,4,0,0,0,0,*2/DH
702,Vince Velasquez\velasvi01,29,PHI,NL,3,1,1,0,0,0,0,0,0,0,0,0,1,.000,.000,.000,.000,-100,0,0,0,0,0,0,/1
703,Alex Verdugo*\verdual01,25,BOS,AL,19,80,71,14,21,5,1,3,13,2,0,5,13,.296,.350,.521,.871,141,37,2,2,0,2,1,*/879
704,Jonathan Villar#\villajo01,30,NYM,NL,13,29,27,4,7,3,1,0,3,0,0,1,9,.259,.310,.444,.755,111,12,0,1,0,0,0,/H546
705,Daniel Vogelbach*\vogelda01,28,MIL,NL,16,36,32,7,7,0,0,2,4,0,0,4,11,.219,.306,.406,.712,94,13,0,0,0,0,0,/H3
706,Stephen Vogt*\vogtst01,36,ARI,NL,11,32,29,5,5,0,0,2,6,0,0,3,8,.172,.250,.379,.629,71,11,0,0,0,0,0,/2H
707,Austin Voth\vothau01,29,WSN,NL,4,0,0,0,0,0,0,0,0,0,0,0,0,,,,,,0,0,0,0,0,0,/1
708,Joey Votto*\vottojo01,37,CIN,NL,18,79,73,8,18,3,0,4,11,0,0,6,13,.247,.304,.452,.756,96,33,0,0,0,0,0,*3
709,LaMonte Wade Jr*\wadela01,27,SFG,NL,3,7,6,0,2,1,0,0,0,0,0,1,2,.333,.429,.500,.929,165,3,0,0,0,0,0,/87H9
710,Tyler Wade*\wadety01,26,NYY,AL,6,3,3,2,1,0,0,0,0,0,0,0,1,.333,.333,.333,.667,95,1,0,0,0,0,0,/4HD6
711,Adam Wainwright\wainwad01,39,STL,NL,4,5,5,0,0,0,0,0,0,0,0,0,4,.000,.000,.000,.000,-100,0,0,0,0,0,0,/1
712,Christian Walker\walkech02,30,ARI,NL,10,44,39,6,7,1,0,1,3,0,0,4,10,.179,.250,.282,.532,47,11,1,0,0,1,0,3
713,Taijuan Walker\walketa01,28,NYM,NL,3,5,5,0,0,0,0,0,0,0,0,0,1,.000,.000,.000,.000,-100,0,1,0,0,0,0,/1
714,Chad Wallach\wallach01,29,MIA,NL,10,30,28,2,6,1,0,0,3,0,0,1,13,.214,.233,.250,.483,35,7,0,0,0,1,0,/2H
715,Jared Walsh*\walshja01,27,LAA,AL,16,63,56,10,18,2,1,4,13,0,0,5,12,.321,.397,.607,1.004,178,34,0,2,0,0,0,/39H
716,Ryan Weathers\weathry01,21,SDP,NL,4,4,4,0,0,0,0,0,0,0,0,0,1,.000,.000,.000,.000,-100,0,0,0,0,0,0,/1
717,Luke Weaver\weavelu01,27,ARI,NL,3,6,6,0,2,0,0,0,1,0,0,0,4,.333,.333,.333,.667,85,2,0,0,0,0,0,/1
718,Jacob Webb\webbja01,27,ATL,NL,4,0,0,0,0,0,0,0,0,0,0,0,0,,,,,,0,0,0,0,0,0,/1
719,Logan Webb\webblo01,24,SFG,NL,3,2,1,0,0,0,0,0,0,0,0,0,1,.000,.000,.000,.000,-100,0,0,0,1,0,0,/1
720,Tyler Webb*\webbty01,30,STL,NL,9,0,0,0,0,0,0,0,0,0,0,0,0,,,,,,0,0,0,0,0,0,/1
721,Jordan Weems*\weemsjo01,28,OAK,AL,1,0,0,0,0,0,0,0,0,0,0,0,0,,,,,,0,0,0,0,0,0,/1
722,J.B. Wendelken\wendejb01,28,OAK,AL,1,0,0,0,0,0,0,0,0,0,0,0,0,,,,,,0,0,0,0,0,0,1
723,Joey Wendle*\wendljo01,31,TBR,AL,17,67,63,16,23,7,0,3,15,0,0,1,12,.365,.388,.619,1.007,192,39,4,2,0,1,0,*5/6H
724,Zack Wheeler*\wheelza01,31,PHI,NL,4,9,9,1,2,1,0,0,2,0,0,0,6,.222,.222,.333,.556,53,3,0,0,0,0,0,/1
725,Eli White\whiteel04,27,TEX,AL,12,44,39,3,6,0,1,0,3,0,2,5,14,.154,.250,.205,.455,31,8,0,0,0,0,0,/78D9
726,Evan White\whiteev01,25,SEA,AL,16,51,47,6,8,2,0,1,5,0,0,3,15,.170,.235,.277,.512,50,13,0,1,0,0,0,*3
727,Kodi Whitley\whitlko01,26,STL,NL,2,0,0,0,0,0,0,0,0,0,0,0,0,,,,,,0,0,0,0,0,0,/1
728,Taylor Widener*\widenta01,26,ARI,NL,4,8,7,1,0,0,0,0,0,0,0,1,5,.000,.125,.000,.125,-61,0,0,0,0,0,0,/1
729,Brad Wieck*\wieckbr01,29,CHC,NL,1,0,0,0,0,0,0,0,0,0,0,0,0,,,,,,0,0,0,0,0,0,/1
730,Devin Williams\willide03,26,MIL,NL,6,0,0,0,0,0,0,0,0,0,0,0,0,,,,,,0,0,0,0,0,0,/1
731,Justin Williams*\williju02,25,STL,NL,18,52,45,4,10,0,0,2,6,0,1,7,16,.222,.327,.356,.682,93,16,1,0,0,0,3,*9/7H
732,Nick Williams*\willini01,27,CHW,AL,4,13,10,2,0,0,0,0,0,0,0,1,4,.000,.231,.000,.231,-25,0,1,2,0,0,0,/7DH
733,Taylor Williams#\willita01,29,SDP,NL,4,0,0,0,0,0,0,0,0,0,0,0,0,,,,,,0,0,0,0,0,0,/1
734,Trevor Williams\willitr01,29,CHC,NL,4,7,6,1,1,0,0,0,0,0,0,1,4,.167,.286,.167,.452,31,1,0,0,0,0,0,/1
735,Bryse Wilson\wilsobr02,23,ATL,NL,1,4,4,0,0,0,0,0,0,0,0,0,1,.000,.000,.000,.000,-100,0,0,0,0,0,0,/1
736,Cody Wilson\wilsoco01,24,WSN,NL,1,1,1,0,0,0,0,0,0,0,0,0,0,.000,.000,.000,.000,-100,0,0,0,0,0,0,/H
737,Jesse Winker*\winkeje01,27,CIN,NL,13,56,51,11,19,4,1,3,9,0,0,5,11,.373,.429,.667,1.095,184,34,0,0,0,0,0,*7/9H
738,Dan Winkler\winklda01,31,CHC,NL,8,0,0,0,0,0,0,0,0,0,0,0,0,,,,,,0,0,0,0,0,0,/1
739,Matt Wisler\wislema01,28,SFG,NL,8,0,0,0,0,0,0,0,0,0,0,0,0,,,,,,0,0,0,0,0,0,1
740,Nick Wittgren\wittgni01,30,CLE,AL,1,0,0,0,0,0,0,0,0,0,0,0,0,,,,,,0,0,0,0,0,0,/1
741,Tony Wolters*\wolteto01,29,CHC,NL,3,5,4,0,0,0,0,0,0,0,0,1,1,.000,.200,.000,.200,-37,0,1,0,0,0,0,/2H
742,Kolten Wong*\wongko01,30,MIL,NL,7,26,19,2,2,0,0,0,0,1,0,5,6,.105,.346,.105,.451,32,2,0,2,0,0,0,/4
743,Alex Wood\woodal02,30,SFG,NL,1,2,2,0,0,0,0,0,0,0,0,0,1,.000,.000,.000,.000,-100,0,0,0,0,0,0,/1
744,Jake Woodford\woodfja01,24,STL,NL,2,1,1,0,0,0,0,0,0,0,0,0,1,.000,.000,.000,.000,-100,0,0,0,0,0,0,/1
745,Brandon Woodruff*\woodrbr01,28,MIL,NL,4,8,7,0,0,0,0,0,0,0,0,0,5,.000,.000,.000,.000,-100,0,0,0,1,0,0,/1
746,Brandon Workman\workmbr01,32,CHC,NL,7,0,0,0,0,0,0,0,0,0,0,0,0,,,,,,0,0,0,0,0,0,/1
747,Kyle Wright\wrighky01,25,ATL,NL,1,2,2,1,1,1,0,0,0,0,0,0,0,.500,.500,1.000,1.500,286,2,0,0,0,0,0,/1
748,Ryan Yarbrough\yarbrry01,29,TBR,AL,1,2,2,0,0,0,0,0,0,0,0,0,0,.000,.000,.000,.000,-100,0,0,0,0,0,0,/1
749,Eric Yardley\yardler01,30,MIL,NL,7,0,0,0,0,0,0,0,0,0,0,0,0,,,,,,0,0,0,0,0,0,/1
750,Mike Yastrzemski*\yastrmi01,30,SFG,NL,19,78,70,7,13,5,1,2,3,1,0,8,24,.186,.269,.371,.641,81,26,1,0,0,0,1,*9/H
751,Christian Yelich*\yelicch01,29,MIL,NL,9,37,30,8,10,1,0,0,1,2,0,6,12,.333,.459,.367,.826,131,11,0,1,0,0,0,/7
752,Huascar Ynoa\ynoahu01,23,ATL,NL,4,5,5,0,0,0,0,0,0,0,0,0,3,.000,.000,.000,.000,-100,0,0,0,0,0,0,/1
753,Alex Young*\youngal01,27,ARI,NL,8,0,0,0,0,0,0,0,0,0,0,0,0,,,,,,0,0,0,0,0,0,/1
754,Andrew Young\youngan02,27,ARI,NL,6,9,4,3,2,0,0,2,5,0,0,2,1,.500,.778,2.000,2.778,633,8,0,3,0,0,0,/H47
755,Ryan Zimmerman\zimmery01,36,WSN,NL,12,34,33,4,10,1,0,2,3,0,0,1,8,.303,.324,.515,.839,130,17,0,0,0,0,0,/3H
756,Bruce Zimmermann*\zimmebr02,26,BAL,AL,1,2,2,0,0,0,0,0,0,0,0,0,2,.000,.000,.000,.000,-100,0,0,0,0,0,0,/1
757,Mike Zunino\zuninmi01,30,TBR,AL,12,43,38,9,7,2,0,3,8,0,0,4,14,.184,.279,.474,.753,118,18,0,1,0,0,0,*2
,LgAvg per 600 PA,,,,203,600,530,70,124,24,2,18,66,8,2,55,147,.233,.312,.391,.703,,207,11,8,2,4,2,