Position,Name + ID,Name,ID,Roster Position,Salary,Game Info,TeamAbbrev,AvgPointsPerGame
SP,Jacob deGrom (17466790),Jacob deGrom,17466790,P,13000,ARI@NYM 05/08/2021 07:10PM ET,NYM,38.75
RP,Framber Valdez (17466789),Framber Valdez,17466789,P,13000,TOR@HOU 05/08/2021 07:10PM ET,HOU,0
SP,Trevor Bauer (17466791),Trevor Bauer,17466791,P,12200,LAD@LAA 05/08/2021 09:07PM ET,LAD,26.21
SP,Aaron Nola (17466792),Aaron Nola,17466792,P,12000,PHI@ATL 05/08/2021 07:20PM ET,PHI,22.52
SP,Justin Verlander (17466793),Justin Verlander,17466793,P,11700,TOR@HOU 05/08/2021 07:10PM ET,HOU,0
SP,Tony Gonsolin (17466794),Tony Gonsolin,17466794,P,11200,LAD@LAA 05/08/2021 09:07PM ET,LAD,0
SP,Cristian Javier (17466305),Cristian Javier,17466305,P,10700,TOR@HOU 05/08/2021 07:10PM ET,HOU,20.83
SP,Zack Greinke (17466796),Zack Greinke,17466796,P,10700,TOR@HOU 05/08/2021 07:10PM ET,HOU,13.93
SP,Carlos Rodon (17466795),Carlos Rodon,17466795,P,10700,CWS@KC 05/08/2021 07:10PM ET,CWS,32.91
SP,Walker Buehler (17466797),Walker Buehler,17466797,P,10700,LAD@LAA 05/08/2021 09:07PM ET,LAD,19.73
SP,Zack Wheeler (17466798),Zack Wheeler,17466798,P,10600,PHI@ATL 05/08/2021 07:20PM ET,PHI,23.35
SP,Clayton Kershaw (17466799),Clayton Kershaw,17466799,P,10500,LAD@LAA 05/08/2021 09:07PM ET,LAD,15.18
SP,Julio Urias (17466800),Julio Urias,17466800,P,10400,LAD@LAA 05/08/2021 09:07PM ET,LAD,20.51
SP,Jake Odorizzi (17466801),Jake Odorizzi,17466801,P,10300,TOR@HOU 05/08/2021 07:10PM ET,HOU,4.73
SP,Taylor Widener (17466803),Taylor Widener,17466803,P,10200,ARI@NYM 05/08/2021 07:10PM ET,ARI,15.16
SP,Lance McCullers Jr. (17466802),Lance McCullers Jr.,17466802,P,10200,TOR@HOU 05/08/2021 07:10PM ET,HOU,17.72
SP,Zac Gallen (17466804),Zac Gallen,17466804,P,10100,ARI@NYM 05/08/2021 07:10PM ET,ARI,18.92
RP,Kent Emanuel (17466805),Kent Emanuel,17466805,P,10100,TOR@HOU 05/08/2021 07:10PM ET,HOU,9.12
SP,Andrew Heaney (17466806),Andrew Heaney,17466806,P,10100,LAD@LAA 05/08/2021 09:07PM ET,LAA,18.87
SP,Noah Syndergaard (17466807),Noah Syndergaard,17466807,P,10000,ARI@NYM 05/08/2021 07:10PM ET,NYM,0
SP,Eduardo Rodriguez (17466809),Eduardo Rodriguez,17466809,P,9900,BOS@BAL 05/08/2021 07:05PM ET,BOS,18.14
RP,Luis Garcia (17466808),Luis Garcia,17466808,P,9900,TOR@HOU 05/08/2021 07:10PM ET,HOU,12.78
SP,Jose Urquidy (17466810),Jose Urquidy,17466810,P,9900,TOR@HOU 05/08/2021 07:10PM ET,HOU,14.75
SP,Marcus Stroman (17466811),Marcus Stroman,17466811,P,9800,ARI@NYM 05/08/2021 07:10PM ET,NYM,18.89
SP,Nick Pivetta (17466812),Nick Pivetta,17466812,P,9800,BOS@BAL 05/08/2021 07:05PM ET,BOS,17.4
SP,Dylan Bundy (17466306),Dylan Bundy,17466306,P,9800,LAD@LAA 05/08/2021 09:07PM ET,LAA,17.4
SP,Madison Bumgarner (17466816),Madison Bumgarner,17466816,P,9700,ARI@NYM 05/08/2021 07:10PM ET,ARI,14.69
RP,John Means (17466815),John Means,17466815,P,9700,BOS@BAL 05/08/2021 07:05PM ET,BAL,30.98
SP,Lucas Giolito (17466814),Lucas Giolito,17466814,P,9700,CWS@KC 05/08/2021 07:10PM ET,CWS,16.17
SP,Dustin May (17466813),Dustin May,17466813,P,9700,LAD@LAA 05/08/2021 09:07PM ET,LAD,19.59
SP,Luke Weaver (17466817),Luke Weaver,17466817,P,9500,ARI@NYM 05/08/2021 07:10PM ET,ARI,10.59
SP,Nathan Eovaldi (17466818),Nathan Eovaldi,17466818,P,9500,BOS@BAL 05/08/2021 07:05PM ET,BOS,15.31
SP,Lance Lynn (17466307),Lance Lynn,17466307,P,9500,CWS@KC 05/08/2021 07:10PM ET,CWS,25.52
SP,Carlos Carrasco (17466819),Carlos Carrasco,17466819,P,9400,ARI@NYM 05/08/2021 07:10PM ET,NYM,0
SP,Danny Duffy (17466820),Danny Duffy,17466820,P,9400,CWS@KC 05/08/2021 07:10PM ET,KC,23.91
SP,Kyle Wright (17466821),Kyle Wright,17466821,P,9300,PHI@ATL 05/08/2021 07:20PM ET,ATL,10.35
SP,Huascar Ynoa (17466822),Huascar Ynoa,17466822,P,9200,PHI@ATL 05/08/2021 07:20PM ET,ATL,18.38
SP,Zach Eflin (17466823),Zach Eflin,17466823,P,9200,PHI@ATL 05/08/2021 07:20PM ET,PHI,18.49
SP,Ian Anderson (17466308),Ian Anderson,17466308,P,8900,PHI@ATL 05/08/2021 07:20PM ET,ATL,17.71
SP,Chris Sale (17466824),Chris Sale,17466824,P,8900,BOS@BAL 05/08/2021 07:05PM ET,BOS,0
SP,Yusei Kikuchi (17466825),Yusei Kikuchi,17466825,P,8900,SEA@TEX 05/08/2021 07:05PM ET,SEA,15.92
SP,Chase Anderson (17466827),Chase Anderson,17466827,P,8800,PHI@ATL 05/08/2021 07:20PM ET,PHI,7.98
SP,David Peterson (17466826),David Peterson,17466826,P,8800,ARI@NYM 05/08/2021 07:10PM ET,NYM,12.05
SP,Steven Matz (17466309),Steven Matz,17466309,P,8600,TOR@HOU 05/08/2021 07:10PM ET,TOR,15.8
SP,Hyun Jin Ryu (17466828),Hyun Jin Ryu,17466828,P,8600,TOR@HOU 05/08/2021 07:10PM ET,TOR,16.65
SP,Alex Cobb (17466829),Alex Cobb,17466829,P,8600,LAD@LAA 05/08/2021 09:07PM ET,LAA,13.04
SP,Charlie Morton (17466830),Charlie Morton,17466830,P,8400,PHI@ATL 05/08/2021 07:20PM ET,ATL,13.89
SP,Merrill Kelly (17466310),Merrill Kelly,17466310,P,8400,ARI@NYM 05/08/2021 07:10PM ET,ARI,9.68
SP,Griffin Canning (17466831),Griffin Canning,17466831,P,8400,LAD@LAA 05/08/2021 09:07PM ET,LAA,13.15
SP,Drew Smyly (17466832),Drew Smyly,17466832,P,8300,PHI@ATL 05/08/2021 07:20PM ET,ATL,9.61
SP,Garrett Richards (17466311),Garrett Richards,17466311,P,8200,BOS@BAL 05/08/2021 07:05PM ET,BOS,12.02
RP,Justin Dunn (17466833),Justin Dunn,17466833,P,8200,SEA@TEX 05/08/2021 07:05PM ET,SEA,12.95
SP,Robbie Ray (17466834),Robbie Ray,17466834,P,8100,TOR@HOU 05/08/2021 07:10PM ET,TOR,17.34
SP,Chris Flexen (17466835),Chris Flexen,17466835,P,7900,SEA@TEX 05/08/2021 07:05PM ET,SEA,12.7
RP,Ross Stripling (17466836),Ross Stripling,17466836,P,7700,TOR@HOU 05/08/2021 07:10PM ET,TOR,7.04
SP,Kyle Gibson (17466837),Kyle Gibson,17466837,P,7700,SEA@TEX 05/08/2021 07:05PM ET,TEX,18.09
SP,Joey Lucchesi (17466312),Joey Lucchesi,17466312,P,7300,ARI@NYM 05/08/2021 07:10PM ET,NYM,3.3
SP,Vince Velasquez (17466313),Vince Velasquez,17466313,P,7100,PHI@ATL 05/08/2021 07:20PM ET,PHI,9.21
SP,Caleb Smith (17466838),Caleb Smith,17466838,P,6900,ARI@NYM 05/08/2021 07:10PM ET,ARI,5.84
SP,Taijuan Walker (17466839),Taijuan Walker,17466839,P,6900,ARI@NYM 05/08/2021 07:10PM ET,NYM,16.41
RP,Riley Smith (17466840),Riley Smith,17466840,P,6700,ARI@NYM 05/08/2021 07:10PM ET,ARI,5.18
RP,Alex Vesia (17466314),Alex Vesia,17466314,P,6700,LAD@LAA 05/08/2021 09:07PM ET,LAD,2.88
RP,Tyler Clippard (17466842),Tyler Clippard,17466842,P,6600,ARI@NYM 05/08/2021 07:10PM ET,ARI,0
RP,Brandon Bielak (17466841),Brandon Bielak,17466841,P,6600,TOR@HOU 05/08/2021 07:10PM ET,HOU,6.23
SP,Matt Moore (17466843),Matt Moore,17466843,P,6500,PHI@ATL 05/08/2021 07:20PM ET,PHI,3.2
SP,Martin Perez (17466844),Martin Perez,17466844,P,6500,BOS@BAL 05/08/2021 07:05PM ET,BOS,10.72
SP,Dillon Peters (17466845),Dillon Peters,17466845,P,6500,LAD@LAA 05/08/2021 09:07PM ET,LAA,0
SP,Keegan Akin (17466315),Keegan Akin,17466315,P,6400,BOS@BAL 05/08/2021 07:05PM ET,BAL,0
SP,Tanner Houck (17466846),Tanner Houck,17466846,P,6400,BOS@BAL 05/08/2021 07:05PM ET,BOS,9.42
SP,Sean Newcomb (17466847),Sean Newcomb,17466847,P,6300,PHI@ATL 05/08/2021 07:20PM ET,ATL,3.69
SP,Mike Soroka (17466849),Mike Soroka,17466849,P,6300,PHI@ATL 05/08/2021 07:20PM ET,ATL,0
SP,David Price (17466850),David Price,17466850,P,6300,LAD@LAA 05/08/2021 09:07PM ET,LAD,3.56
SP,James Paxton (17466848),James Paxton,17466848,P,6300,SEA@TEX 05/08/2021 07:05PM ET,SEA,4.4
SP,Max Fried (17466851),Max Fried,17466851,P,6200,PHI@ATL 05/08/2021 07:20PM ET,ATL,7.1
SP,Mike Minor (17466855),Mike Minor,17466855,P,6200,CWS@KC 05/08/2021 07:10PM ET,KC,12.76
SP,Dylan Cease (17466856),Dylan Cease,17466856,P,6200,CWS@KC 05/08/2021 07:10PM ET,CWS,20.51
OF,Mike Trout (17466319),Mike Trout,17466319,OF,6200,LAD@LAA 05/08/2021 09:07PM ET,LAA,11.18
SP,Jose Quintana (17466852),Jose Quintana,17466852,P,6200,LAD@LAA 05/08/2021 09:07PM ET,LAA,6.29
SP,Jaime Barria (17466857),Jaime Barria,17466857,P,6200,LAD@LAA 05/08/2021 09:07PM ET,LAA,-15.5
SP,Mike Foltynewicz (17466853),Mike Foltynewicz,17466853,P,6200,SEA@TEX 05/08/2021 07:05PM ET,TEX,13.54
SP,Marco Gonzales (17466854),Marco Gonzales,17466854,P,6200,SEA@TEX 05/08/2021 07:05PM ET,SEA,11.27
SP,Bryse Wilson (17466858),Bryse Wilson,17466858,P,6100,PHI@ATL 05/08/2021 07:20PM ET,ATL,3.73
SP,Justus Sheffield (17466859),Justus Sheffield,17466859,P,6100,SEA@TEX 05/08/2021 07:05PM ET,SEA,12.52
SP,Matt Harvey (17466860),Matt Harvey,17466860,P,6000,BOS@BAL 05/08/2021 07:05PM ET,BAL,12.08
SP,Michael Kopech (17466861),Michael Kopech,17466861,P,6000,CWS@KC 05/08/2021 07:10PM ET,CWS,13.19
SP,Jorge Lopez (17466862),Jorge Lopez,17466862,P,5900,BOS@BAL 05/08/2021 07:05PM ET,BAL,8.74
SP,Bruce Zimmermann (17466866),Bruce Zimmermann,17466866,P,5900,BOS@BAL 05/08/2021 07:05PM ET,BAL,8.15
SP,Jakob Junis (17466864),Jakob Junis,17466864,P,5900,CWS@KC 05/08/2021 07:10PM ET,KC,8.84
SP,Dallas Keuchel (17466865),Dallas Keuchel,17466865,P,5900,CWS@KC 05/08/2021 07:10PM ET,CWS,8.96
SP,Ljay Newsome (17466316),Ljay Newsome,17466316,P,5900,SEA@TEX 05/08/2021 07:05PM ET,SEA,5.22
SP,Nick Margevicius (17466863),Nick Margevicius,17466863,P,5900,SEA@TEX 05/08/2021 07:05PM ET,SEA,3.28
SP,Adam Plutko (17466867),Adam Plutko,17466867,P,5800,BOS@BAL 05/08/2021 07:05PM ET,BAL,4.52
SP,Dean Kremer (17466868),Dean Kremer,17466868,P,5800,BOS@BAL 05/08/2021 07:05PM ET,BAL,8.17
SP,Nate Pearson (17466869),Nate Pearson,17466869,P,5700,TOR@HOU 05/08/2021 07:10PM ET,TOR,0
OF,Mookie Betts (17466320),Mookie Betts,17466320,OF,5700,LAD@LAA 05/08/2021 09:07PM ET,LAD,9.08
OF,Ronald Acuna Jr. (17466321),Ronald Acuna Jr.,17466321,OF,5600,PHI@ATL 05/08/2021 07:20PM ET,ATL,12.07
SP,Anthony Kay (17466870),Anthony Kay,17466870,P,5600,TOR@HOU 05/08/2021 07:10PM ET,TOR,3.35
RP,T.J. Zeuch (17466871),T.J. Zeuch,17466871,P,5600,TOR@HOU 05/08/2021 07:10PM ET,TOR,1.8
SP,Thomas Hatch (17466872),Thomas Hatch,17466872,P,5500,TOR@HOU 05/08/2021 07:10PM ET,TOR,0
3B,Justin Turner (17466322),Justin Turner,17466322,3B,5500,LAD@LAA 05/08/2021 09:07PM ET,LAD,9.55
OF,David Peralta (17466323),David Peralta,17466323,OF,5400,ARI@NYM 05/08/2021 07:10PM ET,ARI,8.1
SS,Bo Bichette (17466324),Bo Bichette,17466324,SS,5400,TOR@HOU 05/08/2021 07:10PM ET,TOR,9.87
OF,Bryce Harper (17466325),Bryce Harper,17466325,OF,5300,PHI@ATL 05/08/2021 07:20PM ET,PHI,10.12
1B,Freddie Freeman (17466329),Freddie Freeman,17466329,1B,5300,PHI@ATL 05/08/2021 07:20PM ET,ATL,7.68
2B/3B,Eduardo Escobar (17466326),Eduardo Escobar,17466326,2B/3B,5300,ARI@NYM 05/08/2021 07:10PM ET,ARI,8.03
C,Carson Kelly (17466328),Carson Kelly,17466328,C,5300,ARI@NYM 05/08/2021 07:10PM ET,ARI,9.35
SP,Daniel Lynch (17466317),Daniel Lynch,17466317,P,5300,CWS@KC 05/08/2021 07:10PM ET,KC,5.7
SS,Tim Anderson (17466330),Tim Anderson,17466330,SS,5300,CWS@KC 05/08/2021 07:10PM ET,CWS,10.3
SP,Dane Dunning (17466873),Dane Dunning,17466873,P,5300,SEA@TEX 05/08/2021 07:05PM ET,TEX,13.56
OF,J.D. Martinez (17466331),J.D. Martinez,17466331,OF,5200,BOS@BAL 05/08/2021 07:05PM ET,BOS,11.77
SS,Xander Bogaerts (17466332),Xander Bogaerts,17466332,SS,5200,BOS@BAL 05/08/2021 07:05PM ET,BOS,9.36
1B,Vladimir Guerrero Jr. (17466333),Vladimir Guerrero Jr.,17466333,1B,5200,TOR@HOU 05/08/2021 07:10PM ET,TOR,10.06
SP,Brady Singer (17466874),Brady Singer,17466874,P,5200,CWS@KC 05/08/2021 07:10PM ET,KC,13.84
1B,Pete Alonso (17466334),Pete Alonso,17466334,1B,5100,ARI@NYM 05/08/2021 07:10PM ET,NYM,8.46
3B,Rafael Devers (17466336),Rafael Devers,17466336,3B,5100,BOS@BAL 05/08/2021 07:05PM ET,BOS,9.7
SP,Trent Thornton (17466875),Trent Thornton,17466875,P,5100,TOR@HOU 05/08/2021 07:10PM ET,TOR,4.52
SS,Corey Seager (17466335),Corey Seager,17466335,SS,5100,LAD@LAA 05/08/2021 09:07PM ET,LAD,8.23
SS,Carlos Correa (17466337),Carlos Correa,17466337,SS,5000,TOR@HOU 05/08/2021 07:10PM ET,HOU,7.29
2B,Whit Merrifield (17466340),Whit Merrifield,17466340,2B,5000,CWS@KC 05/08/2021 07:10PM ET,KC,9.42
1B/OF,Shohei Ohtani (17466338),Shohei Ohtani,17466338,1B/OF,5000,LAD@LAA 05/08/2021 09:07PM ET,LAA,2.56
SP,Kohei Arihara (17466318),Kohei Arihara,17466318,P,5000,SEA@TEX 05/08/2021 07:05PM ET,TEX,6.34
RP,Jordan Lyles (17466876),Jordan Lyles,17466876,P,5000,SEA@TEX 05/08/2021 07:05PM ET,TEX,7.61
OF,Marcell Ozuna (17466344),Marcell Ozuna,17466344,OF,4900,PHI@ATL 05/08/2021 07:20PM ET,ATL,6.41
SS,Francisco Lindor (17466342),Francisco Lindor,17466342,SS,4900,ARI@NYM 05/08/2021 07:10PM ET,NYM,5.56
C,Will Smith (17466341),Will Smith,17466341,C,4900,LAD@LAA 05/08/2021 09:07PM ET,LAD,7.56
1B,Max Muncy (17466345),Max Muncy,17466345,1B,4900,LAD@LAA 05/08/2021 09:07PM ET,LAD,7.71
2B,Nick Solak (17466343),Nick Solak,17466343,2B,4900,SEA@TEX 05/08/2021 07:05PM ET,TEX,8.41
SP,Erik Swanson (17466877),Erik Swanson,17466877,P,4900,SEA@TEX 05/08/2021 07:05PM ET,SEA,8.2
OF,Cedric Mullins (17466349),Cedric Mullins,17466349,OF,4800,BOS@BAL 05/08/2021 07:05PM ET,BAL,8.68
2B,Jose Altuve (17466346),Jose Altuve,17466346,2B,4800,TOR@HOU 05/08/2021 07:10PM ET,HOU,7.59
OF,George Springer (17466522),George Springer,17466522,OF,4800,TOR@HOU 05/08/2021 07:10PM ET,TOR,11
1B,Jose Abreu (17466347),Jose Abreu,17466347,1B,4800,CWS@KC 05/08/2021 07:10PM ET,CWS,7.72
3B,Kyle Seager (17466348),Kyle Seager,17466348,3B,4800,SEA@TEX 05/08/2021 07:05PM ET,SEA,7
OF,Ketel Marte (17466523),Ketel Marte,17466523,OF,4700,ARI@NYM 05/08/2021 07:10PM ET,ARI,13.67
1B,Yuli Gurriel (17466350),Yuli Gurriel,17466350,1B,4700,TOR@HOU 05/08/2021 07:10PM ET,HOU,8.97
C,Yasmani Grandal (17466351),Yasmani Grandal,17466351,C,4700,CWS@KC 05/08/2021 07:10PM ET,CWS,6.15
SP,Brad Keller (17466879),Brad Keller,17466879,P,4700,CWS@KC 05/08/2021 07:10PM ET,KC,5.08
SS,Isiah Kiner-Falefa (17466352),Isiah Kiner-Falefa,17466352,SS,4700,SEA@TEX 05/08/2021 07:05PM ET,TEX,8.29
OF,Mitch Haniger (17466353),Mitch Haniger,17466353,OF,4700,SEA@TEX 05/08/2021 07:05PM ET,SEA,8.97
RP,Hyeon-Jong Yang (17466878),Hyeon-Jong Yang,17466878,P,4700,SEA@TEX 05/08/2021 07:05PM ET,TEX,13.27
2B,Ozzie Albies (17466357),Ozzie Albies,17466357,2B,4600,PHI@ATL 05/08/2021 07:20PM ET,ATL,7.57
OF/SS,Josh Rojas (17466358),Josh Rojas,17466358,SS/OF,4600,ARI@NYM 05/08/2021 07:10PM ET,ARI,6.54
1B,Trey Mancini (17466355),Trey Mancini,17466355,1B,4600,BOS@BAL 05/08/2021 07:05PM ET,BAL,7.97
3B,Alex Bregman (17466354),Alex Bregman,17466354,3B,4600,TOR@HOU 05/08/2021 07:10PM ET,HOU,8.62
C,Salvador Perez (17466356),Salvador Perez,17466356,C,4600,CWS@KC 05/08/2021 07:10PM ET,KC,8.23
OF,Cody Bellinger (17466524),Cody Bellinger,17466524,OF,4600,LAD@LAA 05/08/2021 09:07PM ET,LAD,7.75
C,J.T. Realmuto (17466360),J.T. Realmuto,17466360,C,4500,PHI@ATL 05/08/2021 07:20PM ET,PHI,7.4
OF,Yordan Alvarez (17466362),Yordan Alvarez,17466362,OF,4500,TOR@HOU 05/08/2021 07:10PM ET,HOU,9.72
1B,Carlos Santana (17466361),Carlos Santana,17466361,1B,4500,CWS@KC 05/08/2021 07:10PM ET,KC,8.23
3B,Anthony Rendon (17466525),Anthony Rendon,17466525,3B,4500,LAD@LAA 05/08/2021 09:07PM ET,LAA,8.47
1B/2B,Ty France (17466363),Ty France,17466363,1B/2B,4500,SEA@TEX 05/08/2021 07:05PM ET,SEA,6.75
1B,Rhys Hoskins (17466368),Rhys Hoskins,17466368,1B,4400,PHI@ATL 05/08/2021 07:20PM ET,PHI,8.15
2B,Jeff McNeil (17466367),Jeff McNeil,17466367,2B,4400,ARI@NYM 05/08/2021 07:10PM ET,NYM,5.4
OF,Michael Brantley (17466365),Michael Brantley,17466365,OF,4400,TOR@HOU 05/08/2021 07:10PM ET,HOU,7.64
1B,Yermin Mercedes (17466366),Yermin Mercedes,17466366,1B,4400,CWS@KC 05/08/2021 07:10PM ET,CWS,8.23
OF,Eloy Jimenez (17466526),Eloy Jimenez,17466526,OF,4400,CWS@KC 05/08/2021 07:10PM ET,CWS,0
C,Travis d'Arnaud (17466528),Travis d'Arnaud,17466528,C,4300,PHI@ATL 05/08/2021 07:20PM ET,ATL,5.04
C,Stephen Vogt (17466373),Stephen Vogt,17466373,C,4300,ARI@NYM 05/08/2021 07:10PM ET,ARI,5.82
OF,Randal Grichuk (17466374),Randal Grichuk,17466374,OF,4300,TOR@HOU 05/08/2021 07:10PM ET,TOR,8.16
3B,Yoan Moncada (17466371),Yoan Moncada,17466371,3B,4300,CWS@KC 05/08/2021 07:10PM ET,CWS,7.11
OF,Luis Robert (17466527),Luis Robert,17466527,OF,4300,CWS@KC 05/08/2021 07:10PM ET,CWS,7.68
2B/OF,Chris Taylor (17466369),Chris Taylor,17466369,2B/OF,4300,LAD@LAA 05/08/2021 09:07PM ET,LAD,9.03
1B,Nate Lowe (17466372),Nate Lowe,17466372,1B,4300,SEA@TEX 05/08/2021 07:05PM ET,TEX,8.76
SP,Kolby Allard (17466880),Kolby Allard,17466880,P,4300,SEA@TEX 05/08/2021 07:05PM ET,TEX,7.32
1B/OF,Pavin Smith (17466376),Pavin Smith,17466376,1B/OF,4200,ARI@NYM 05/08/2021 07:10PM ET,ARI,6.86
OF,Dominic Smith (17466380),Dominic Smith,17466380,OF,4200,ARI@NYM 05/08/2021 07:10PM ET,NYM,5.38
C,Christian Vazquez (17466375),Christian Vazquez,17466375,C,4200,BOS@BAL 05/08/2021 07:05PM ET,BOS,7
2B/SS,Marcus Semien (17466378),Marcus Semien,17466378,2B/SS,4200,TOR@HOU 05/08/2021 07:10PM ET,TOR,8.64
SP,Kyle Cody (17466881),Kyle Cody,17466881,P,4200,SEA@TEX 05/08/2021 07:05PM ET,TEX,2.99
OF,Michael Conforto (17466385),Michael Conforto,17466385,OF,4100,ARI@NYM 05/08/2021 07:10PM ET,NYM,6.44
C,Pedro Severino (17466383),Pedro Severino,17466383,C,4100,BOS@BAL 05/08/2021 07:05PM ET,BAL,4.09
OF,Alex Verdugo (17466384),Alex Verdugo,17466384,OF,4100,BOS@BAL 05/08/2021 07:05PM ET,BOS,8.8
2B,Alex De Goti (17466529),Alex De Goti,17466529,2B,4100,TOR@HOU 05/08/2021 07:10PM ET,HOU,7
2B/3B,Sheldon Neuse (17466381),Sheldon Neuse,17466381,2B/3B,4100,LAD@LAA 05/08/2021 09:07PM ET,LAD,3.38
SP,Tucker Davidson (17466893),Tucker Davidson,17466893,P,4000,PHI@ATL 05/08/2021 07:20PM ET,ATL,0
SP,Spencer Howard (17466894),Spencer Howard,17466894,P,4000,PHI@ATL 05/08/2021 07:20PM ET,PHI,4.32
RP,Josh Tomlin (17466898),Josh Tomlin,17466898,P,4000,PHI@ATL 05/08/2021 07:20PM ET,ATL,3.41
SP,Touki Toussaint (17466901),Touki Toussaint,17466901,P,4000,PHI@ATL 05/08/2021 07:20PM ET,ATL,0
RP,Ramon Rosso (17466920),Ramon Rosso,17466920,P,4000,PHI@ATL 05/08/2021 07:20PM ET,PHI,2.4
RP,A.J. Minter (17466922),A.J. Minter,17466922,P,4000,PHI@ATL 05/08/2021 07:20PM ET,ATL,3.19
RP,Edgar Santana (17466939),Edgar Santana,17466939,P,4000,PHI@ATL 05/08/2021 07:20PM ET,ATL,0.29
SP,David Parkinson (17466940),David Parkinson,17466940,P,4000,PHI@ATL 05/08/2021 07:20PM ET,PHI,0
RP,David Paulino (17466949),David Paulino,17466949,P,4000,PHI@ATL 05/08/2021 07:20PM ET,PHI,0
RP,Will Smith (17466964),Will Smith,17466964,P,4000,PHI@ATL 05/08/2021 07:20PM ET,ATL,3.30
RP,Luke Jackson (17466965),Luke Jackson,17466965,P,4000,PHI@ATL 05/08/2021 07:20PM ET,ATL,2.55
RP,Jesse Biddle (17466971),Jesse Biddle,17466971,P,4000,PHI@ATL 05/08/2021 07:20PM ET,ATL,2.14
SP,Enyel De Los Santos (17466975),Enyel De Los Santos,17466975,P,4000,PHI@ATL 05/08/2021 07:20PM ET,PHI,3.05
RP,Damon Jones (17466977),Damon Jones,17466977,P,4000,PHI@ATL 05/08/2021 07:20PM ET,PHI,0
SP,Freddy Tarnok (17466980),Freddy Tarnok,17466980,P,4000,PHI@ATL 05/08/2021 07:20PM ET,ATL,0
SP,Cristopher Sanchez (17466985),Cristopher Sanchez,17466985,P,4000,PHI@ATL 05/08/2021 07:20PM ET,PHI,0
RP,Jose Alvarado (17466986),Jose Alvarado,17466986,P,4000,PHI@ATL 05/08/2021 07:20PM ET,PHI,3.70
SP,Adonis Medina (17466990),Adonis Medina,17466990,P,4000,PHI@ATL 05/08/2021 07:20PM ET,PHI,0
RP,Bailey Falter (17467014),Bailey Falter,17467014,P,4000,PHI@ATL 05/08/2021 07:20PM ET,PHI,2.1
RP,Chris Martin (17467019),Chris Martin,17467019,P,4000,PHI@ATL 05/08/2021 07:20PM ET,ATL,0.38
RP,Archie Bradley (17467020),Archie Bradley,17467020,P,4000,PHI@ATL 05/08/2021 07:20PM ET,PHI,1.44
RP,Brandon Kintzler (17467027),Brandon Kintzler,17467027,P,4000,PHI@ATL 05/08/2021 07:20PM ET,PHI,2.54
RP,Grant Dayton (17467038),Grant Dayton,17467038,P,4000,PHI@ATL 05/08/2021 07:20PM ET,ATL,2.25
RP,Jacob Webb (17467045),Jacob Webb,17467045,P,4000,PHI@ATL 05/08/2021 07:20PM ET,ATL,2.83
RP,Nate Jones (17467049),Nate Jones,17467049,P,4000,PHI@ATL 05/08/2021 07:20PM ET,ATL,1.49
RP,Neftali Feliz (17467069),Neftali Feliz,17467069,P,4000,PHI@ATL 05/08/2021 07:20PM ET,PHI,0
SP,Tyler Matzek (17467070),Tyler Matzek,17467070,P,4000,PHI@ATL 05/08/2021 07:20PM ET,ATL,3.56
RP,Victor Arano (17467077),Victor Arano,17467077,P,4000,PHI@ATL 05/08/2021 07:20PM ET,ATL,0
RP,Jesse Chavez (17467079),Jesse Chavez,17467079,P,4000,PHI@ATL 05/08/2021 07:20PM ET,ATL,0
SP,Bryan Mitchell (17467109),Bryan Mitchell,17467109,P,4000,PHI@ATL 05/08/2021 07:20PM ET,PHI,0
SP,JoJo Romero (17467114),JoJo Romero,17467114,P,4000,PHI@ATL 05/08/2021 07:20PM ET,PHI,1.10
RP,Connor Brogdon (17467121),Connor Brogdon,17467121,P,4000,PHI@ATL 05/08/2021 07:20PM ET,PHI,2.11
RP,Hector Neris (17467129),Hector Neris,17467129,P,4000,PHI@ATL 05/08/2021 07:20PM ET,PHI,3.78
RP,Seranthony Dominguez (17467130),Seranthony Dominguez,17467130,P,4000,PHI@ATL 05/08/2021 07:20PM ET,PHI,0
RP,David Hale (17467139),David Hale,17467139,P,4000,PHI@ATL 05/08/2021 07:20PM ET,PHI,2.28
RP,Jasseel De La Cruz (17467141),Jasseel De La Cruz,17467141,P,4000,PHI@ATL 05/08/2021 07:20PM ET,ATL,0
SP,Ranger Suarez (17467149),Ranger Suarez,17467149,P,4000,PHI@ATL 05/08/2021 07:20PM ET,PHI,0
RP,Carl Edwards Jr. (17467152),Carl Edwards Jr.,17467152,P,4000,PHI@ATL 05/08/2021 07:20PM ET,ATL,-5.65
RP,Thomas Burrows (17467153),Thomas Burrows,17467153,P,4000,PHI@ATL 05/08/2021 07:20PM ET,ATL,0
RP,Sam Coonrod (17467161),Sam Coonrod,17467161,P,4000,PHI@ATL 05/08/2021 07:20PM ET,PHI,4.34
RP,JD Hammer (17467176),JD Hammer,17467176,P,4000,PHI@ATL 05/08/2021 07:20PM ET,PHI,0
SP,Kyle Muller (17467199),Kyle Muller,17467199,P,4000,PHI@ATL 05/08/2021 07:20PM ET,ATL,0
1B,Christian Walker (17466389),Christian Walker,17466389,1B,4000,ARI@NYM 05/08/2021 07:10PM ET,ARI,5.62
SP,Corey Oswalt (17466885),Corey Oswalt,17466885,P,4000,ARI@NYM 05/08/2021 07:10PM ET,NYM,0
RP,Seth Lugo (17466886),Seth Lugo,17466886,P,4000,ARI@NYM 05/08/2021 07:10PM ET,NYM,0
SP,Alex Young (17466889),Alex Young,17466889,P,4000,ARI@NYM 05/08/2021 07:10PM ET,ARI,2.16
SP,Jordan Yamamoto (17466892),Jordan Yamamoto,17466892,P,4000,ARI@NYM 05/08/2021 07:10PM ET,NYM,7
RP,Taylor Clarke (17466908),Taylor Clarke,17466908,P,4000,ARI@NYM 05/08/2021 07:10PM ET,ARI,3.25
RP,Robert Gsellman (17466910),Robert Gsellman,17466910,P,4000,ARI@NYM 05/08/2021 07:10PM ET,NYM,2.71
SP,Sam McWilliams (17466936),Sam McWilliams,17466936,P,4000,ARI@NYM 05/08/2021 07:10PM ET,NYM,0
RP,Kevin Ginkel (17466950),Kevin Ginkel,17466950,P,4000,ARI@NYM 05/08/2021 07:10PM ET,ARI,2.24
RP,Stephen Tarpley (17466959),Stephen Tarpley,17466959,P,4000,ARI@NYM 05/08/2021 07:10PM ET,NYM,-6.4
RP,Luis Frias (17466961),Luis Frias,17466961,P,4000,ARI@NYM 05/08/2021 07:10PM ET,ARI,0
RP,Taylor Guilbeau (17466967),Taylor Guilbeau,17466967,P,4000,ARI@NYM 05/08/2021 07:10PM ET,ARI,0
RP,Drew Smith (17466978),Drew Smith,17466978,P,4000,ARI@NYM 05/08/2021 07:10PM ET,NYM,0
RP,Chris Devenski (17466991),Chris Devenski,17466991,P,4000,ARI@NYM 05/08/2021 07:10PM ET,ARI,2.21
RP,Aaron Loup (17467001),Aaron Loup,17467001,P,4000,ARI@NYM 05/08/2021 07:10PM ET,NYM,3.89
RP,Keury Mella (17467002),Keury Mella,17467002,P,4000,ARI@NYM 05/08/2021 07:10PM ET,ARI,0
RP,Jeurys Familia (17467005),Jeurys Familia,17467005,P,4000,ARI@NYM 05/08/2021 07:10PM ET,NYM,2.48
RP,Joe Mantiply (17467013),Joe Mantiply,17467013,P,4000,ARI@NYM 05/08/2021 07:10PM ET,ARI,0
SP,Oscar De La Cruz (17467024),Oscar De La Cruz,17467024,P,4000,ARI@NYM 05/08/2021 07:10PM ET,NYM,0
RP,Humberto Castellanos (17467025),Humberto Castellanos,17467025,P,4000,ARI@NYM 05/08/2021 07:10PM ET,ARI,0
RP,Ryan Buchter (17467028),Ryan Buchter,17467028,P,4000,ARI@NYM 05/08/2021 07:10PM ET,ARI,0
RP,Seth Frankoff (17467033),Seth Frankoff,17467033,P,4000,ARI@NYM 05/08/2021 07:10PM ET,ARI,0
RP,Yoan Lopez (17467035),Yoan Lopez,17467035,P,4000,ARI@NYM 05/08/2021 07:10PM ET,ARI,2.16
RP,Edwin Diaz (17467036),Edwin Diaz,17467036,P,4000,ARI@NYM 05/08/2021 07:10PM ET,NYM,3.25
SP,Jerad Eickhoff (17467060),Jerad Eickhoff,17467060,P,4000,ARI@NYM 05/08/2021 07:10PM ET,NYM,0
SP,J.B. Bukauskas (17467078),J.B. Bukauskas,17467078,P,4000,ARI@NYM 05/08/2021 07:10PM ET,ARI,1.19
RP,Ryley Gilliam (17467083),Ryley Gilliam,17467083,P,4000,ARI@NYM 05/08/2021 07:10PM ET,NYM,0
SP,Matthew Allan (17467090),Matthew Allan,17467090,P,4000,ARI@NYM 05/08/2021 07:10PM ET,NYM,0
RP,Trevor May (17467091),Trevor May,17467091,P,4000,ARI@NYM 05/08/2021 07:10PM ET,NYM,4.58
SP,Sean Reid-Foley (17467094),Sean Reid-Foley,17467094,P,4000,ARI@NYM 05/08/2021 07:10PM ET,NYM,12.02
RP,Stephen Nogosek (17467100),Stephen Nogosek,17467100,P,4000,ARI@NYM 05/08/2021 07:10PM ET,NYM,0
RP,Miguel Castro (17467103),Miguel Castro,17467103,P,4000,ARI@NYM 05/08/2021 07:10PM ET,NYM,4.12
RP,Trevor Hildenberger (17467105),Trevor Hildenberger,17467105,P,4000,ARI@NYM 05/08/2021 07:10PM ET,NYM,0.52
RP,Jon Duplantier (17467124),Jon Duplantier,17467124,P,4000,ARI@NYM 05/08/2021 07:10PM ET,ARI,0
RP,Tommy Hunter (17467128),Tommy Hunter,17467128,P,4000,ARI@NYM 05/08/2021 07:10PM ET,NYM,3.3
SP,Josh Green (17467135),Josh Green,17467135,P,4000,ARI@NYM 05/08/2021 07:10PM ET,ARI,0
RP,Arodys Vizcaino (17467144),Arodys Vizcaino,17467144,P,4000,ARI@NYM 05/08/2021 07:10PM ET,NYM,0
RP,Stefan Crichton (17467159),Stefan Crichton,17467159,P,4000,ARI@NYM 05/08/2021 07:10PM ET,ARI,1.53
RP,Dellin Betances (17467160),Dellin Betances,17467160,P,4000,ARI@NYM 05/08/2021 07:10PM ET,NYM,1.05
SP,Franklyn Kilome (17467164),Franklyn Kilome,17467164,P,4000,ARI@NYM 05/08/2021 07:10PM ET,NYM,0
SP,Thomas Szapucki (17467167),Thomas Szapucki,17467167,P,4000,ARI@NYM 05/08/2021 07:10PM ET,NYM,0
SP,Matt Peacock (17467168),Matt Peacock,17467168,P,4000,ARI@NYM 05/08/2021 07:10PM ET,ARI,2.31
RP,Carlos Navas (17467173),Carlos Navas,17467173,P,4000,ARI@NYM 05/08/2021 07:10PM ET,ARI,0
RP,Yennsy Diaz (17467186),Yennsy Diaz,17467186,P,4000,ARI@NYM 05/08/2021 07:10PM ET,NYM,0
SP,Corbin Martin (17467187),Corbin Martin,17467187,P,4000,ARI@NYM 05/08/2021 07:10PM ET,ARI,0
RP,Joakim Soria (17467191),Joakim Soria,17467191,P,4000,ARI@NYM 05/08/2021 07:10PM ET,ARI,0.13
RP,Sam Moll (17467197),Sam Moll,17467197,P,4000,ARI@NYM 05/08/2021 07:10PM ET,ARI,0
RP,Daniel Zamora (17467203),Daniel Zamora,17467203,P,4000,ARI@NYM 05/08/2021 07:10PM ET,NYM,0
RP,Jacob Barnes (17467205),Jacob Barnes,17467205,P,4000,ARI@NYM 05/08/2021 07:10PM ET,NYM,2.66
2B/OF,Kike Hernandez (17466387),Kike Hernandez,17466387,2B/OF,4000,BOS@BAL 05/08/2021 07:05PM ET,BOS,6.87
SP,Thomas Eshelman (17466888),Thomas Eshelman,17466888,P,4000,BOS@BAL 05/08/2021 07:05PM ET,BAL,0
RP,Matt Andriese (17466899),Matt Andriese,17466899,P,4000,BOS@BAL 05/08/2021 07:05PM ET,BOS,3.51
SP,Kyle Hart (17466903),Kyle Hart,17466903,P,4000,BOS@BAL 05/08/2021 07:05PM ET,BOS,0
RP,Colten Brewer (17466906),Colten Brewer,17466906,P,4000,BOS@BAL 05/08/2021 07:05PM ET,BOS,0
RP,Matt Hall (17466912),Matt Hall,17466912,P,4000,BOS@BAL 05/08/2021 07:05PM ET,BOS,0
RP,Ryan Weber (17466913),Ryan Weber,17466913,P,4000,BOS@BAL 05/08/2021 07:05PM ET,BOS,0
RP,Ryan Brasier (17466915),Ryan Brasier,17466915,P,4000,BOS@BAL 05/08/2021 07:05PM ET,BOS,0
RP,Brandon Workman (17466925),Brandon Workman,17466925,P,4000,BOS@BAL 05/08/2021 07:05PM ET,BOS,1.66
RP,Jay Flaa (17466926),Jay Flaa,17466926,P,4000,BOS@BAL 05/08/2021 07:05PM ET,BAL,3.8
RP,Cole Sulser (17466927),Cole Sulser,17466927,P,4000,BOS@BAL 05/08/2021 07:05PM ET,BAL,6.92
RP,Kevin McCarthy (17466928),Kevin McCarthy,17466928,P,4000,BOS@BAL 05/08/2021 07:05PM ET,BOS,0
RP,Brandon Brennan (17466933),Brandon Brennan,17466933,P,4000,BOS@BAL 05/08/2021 07:05PM ET,BOS,0
RP,Fernando Abad (17466937),Fernando Abad,17466937,P,4000,BOS@BAL 05/08/2021 07:05PM ET,BAL,0
RP,Austin Brice (17466938),Austin Brice,17466938,P,4000,BOS@BAL 05/08/2021 07:05PM ET,BOS,0.49
RP,Shawn Armstrong (17466945),Shawn Armstrong,17466945,P,4000,BOS@BAL 05/08/2021 07:05PM ET,BAL,0.18
SP,Conner Greene (17466954),Conner Greene,17466954,P,4000,BOS@BAL 05/08/2021 07:05PM ET,BAL,0
RP,John Schreiber (17466955),John Schreiber,17466955,P,4000,BOS@BAL 05/08/2021 07:05PM ET,BOS,0
RP,Isaac Mattson (17466960),Isaac Mattson,17466960,P,4000,BOS@BAL 05/08/2021 07:05PM ET,BAL,-1.7
SP,Travis Lakins Sr. (17466968),Travis Lakins Sr.,17466968,P,4000,BOS@BAL 05/08/2021 07:05PM ET,BAL,0.94
SP,Mac Sceroler (17466969),Mac Sceroler,17466969,P,4000,BOS@BAL 05/08/2021 07:05PM ET,BAL,4.42
RP,Cesar Valdez (17466973),Cesar Valdez,17466973,P,4000,BOS@BAL 05/08/2021 07:05PM ET,BAL,4.65
RP,Tanner Scott (17466987),Tanner Scott,17466987,P,4000,BOS@BAL 05/08/2021 07:05PM ET,BAL,2.80
RP,Adam Ottavino (17466988),Adam Ottavino,17466988,P,4000,BOS@BAL 05/08/2021 07:05PM ET,BOS,2.98
SP,Dillon Tate (17466989),Dillon Tate,17466989,P,4000,BOS@BAL 05/08/2021 07:05PM ET,BAL,2.13
RP,Durbin Feltman (17466997),Durbin Feltman,17466997,P,4000,BOS@BAL 05/08/2021 07:05PM ET,BOS,0
RP,Caleb Simpson (17467006),Caleb Simpson,17467006,P,4000,BOS@BAL 05/08/2021 07:05PM ET,BOS,0
SP,Stephen Gonsalves (17467009),Stephen Gonsalves,17467009,P,4000,BOS@BAL 05/08/2021 07:05PM ET,BOS,0
SP,Gray Fenter (17467018),Gray Fenter,17467018,P,4000,BOS@BAL 05/08/2021 07:05PM ET,BAL,0
RP,Eric Hanhold (17467023),Eric Hanhold,17467023,P,4000,BOS@BAL 05/08/2021 07:05PM ET,BAL,0
SP,Thad Ward (17467050),Thad Ward,17467050,P,4000,BOS@BAL 05/08/2021 07:05PM ET,BOS,0
RP,Matt Barnes (17467051),Matt Barnes,17467051,P,4000,BOS@BAL 05/08/2021 07:05PM ET,BOS,5.43
RP,Hirokazu Sawamura (17467052),Hirokazu Sawamura,17467052,P,4000,BOS@BAL 05/08/2021 07:05PM ET,BOS,3.65
SP,Connor Seabold (17467053),Connor Seabold,17467053,P,4000,BOS@BAL 05/08/2021 07:05PM ET,BOS,0
RP,Zac Grotz (17467056),Zac Grotz,17467056,P,4000,BOS@BAL 05/08/2021 07:05PM ET,BOS,0
SP,Darwinzon Hernandez (17467058),Darwinzon Hernandez,17467058,P,4000,BOS@BAL 05/08/2021 07:05PM ET,BOS,2.88
RP,Eduard Bazardo (17467071),Eduard Bazardo,17467071,P,4000,BOS@BAL 05/08/2021 07:05PM ET,BOS,3.05
SP,Garrett Whitlock (17467084),Garrett Whitlock,17467084,P,4000,BOS@BAL 05/08/2021 07:05PM ET,BOS,6.82
RP,Hunter Harvey (17467098),Hunter Harvey,17467098,P,4000,BOS@BAL 05/08/2021 07:05PM ET,BAL,0
SP,Marcos Diplan (17467102),Marcos Diplan,17467102,P,4000,BOS@BAL 05/08/2021 07:05PM ET,BAL,0
RP,Zac Lowther (17467118),Zac Lowther,17467118,P,4000,BOS@BAL 05/08/2021 07:05PM ET,BAL,3.65
RP,Paul Fry (17467120),Paul Fry,17467120,P,4000,BOS@BAL 05/08/2021 07:05PM ET,BAL,3.81
RP,Marcus Walden (17467142),Marcus Walden,17467142,P,4000,BOS@BAL 05/08/2021 07:05PM ET,BOS,0
RP,Evan Phillips (17467151),Evan Phillips,17467151,P,4000,BOS@BAL 05/08/2021 07:05PM ET,BAL,0
RP,Josh Taylor (17467154),Josh Taylor,17467154,P,4000,BOS@BAL 05/08/2021 07:05PM ET,BOS,1.47
SP,Daniel Gossett (17467155),Daniel Gossett,17467155,P,4000,BOS@BAL 05/08/2021 07:05PM ET,BOS,0
RP,Phillips Valdez (17467158),Phillips Valdez,17467158,P,4000,BOS@BAL 05/08/2021 07:05PM ET,BOS,3.86
SP,Tyler Wells (17467193),Tyler Wells,17467193,P,4000,BOS@BAL 05/08/2021 07:05PM ET,BAL,3.85
SP,Jay Groome (17467202),Jay Groome,17467202,P,4000,BOS@BAL 05/08/2021 07:05PM ET,BOS,0
RP,Tommy Milone (17466882),Tommy Milone,17466882,P,4000,TOR@HOU 05/08/2021 07:10PM ET,TOR,5.95
SP,Josh James (17466883),Josh James,17466883,P,4000,TOR@HOU 05/08/2021 07:10PM ET,HOU,0
SP,Tyler Chatwood (17466884),Tyler Chatwood,17466884,P,4000,TOR@HOU 05/08/2021 07:10PM ET,TOR,4.49
RP,Julian Merryweather (17466909),Julian Merryweather,17466909,P,4000,TOR@HOU 05/08/2021 07:10PM ET,TOR,5.64
RP,David Phelps (17466911),David Phelps,17466911,P,4000,TOR@HOU 05/08/2021 07:10PM ET,TOR,3.95
RP,Travis Bergen (17466916),Travis Bergen,17466916,P,4000,TOR@HOU 05/08/2021 07:10PM ET,TOR,3.79
SP,Jeremy Beasley (17466932),Jeremy Beasley,17466932,P,4000,TOR@HOU 05/08/2021 07:10PM ET,TOR,0
SP,Simeon Woods Richardson (17466934),Simeon Woods Richardson,17466934,P,4000,TOR@HOU 05/08/2021 07:10PM ET,TOR,0
SP,Brett Conine (17466935),Brett Conine,17466935,P,4000,TOR@HOU 05/08/2021 07:10PM ET,HOU,0
RP,Jojanse Torres (17466943),Jojanse Torres,17466943,P,4000,TOR@HOU 05/08/2021 07:10PM ET,HOU,0
RP,Brooks Raley (17466970),Brooks Raley,17466970,P,4000,TOR@HOU 05/08/2021 07:10PM ET,HOU,1.53
RP,Bryan Baker (17466974),Bryan Baker,17466974,P,4000,TOR@HOU 05/08/2021 07:10PM ET,TOR,0
RP,Nivaldo Rodriguez (17466979),Nivaldo Rodriguez,17466979,P,4000,TOR@HOU 05/08/2021 07:10PM ET,HOU,8.35
RP,Ryan Pressly (17466981),Ryan Pressly,17466981,P,4000,TOR@HOU 05/08/2021 07:10PM ET,HOU,4.56
RP,Ty Tice (17466982),Ty Tice,17466982,P,4000,TOR@HOU 05/08/2021 07:10PM ET,TOR,2.84
RP,Hunter Brown (17466983),Hunter Brown,17466983,P,4000,TOR@HOU 05/08/2021 07:10PM ET,HOU,0
RP,Riley Ferrell (17467003),Riley Ferrell,17467003,P,4000,TOR@HOU 05/08/2021 07:10PM ET,HOU,0
SP,Adam Kloffenstein (17467004),Adam Kloffenstein,17467004,P,4000,TOR@HOU 05/08/2021 07:10PM ET,TOR,0
RP,Hector Velazquez (17467008),Hector Velazquez,17467008,P,4000,TOR@HOU 05/08/2021 07:10PM ET,HOU,0
SP,Patrick Murphy (17467011),Patrick Murphy,17467011,P,4000,TOR@HOU 05/08/2021 07:10PM ET,TOR,0
RP,Dany Jimenez (17467012),Dany Jimenez,17467012,P,4000,TOR@HOU 05/08/2021 07:10PM ET,TOR,0
RP,Francis Martes (17467021),Francis Martes,17467021,P,4000,TOR@HOU 05/08/2021 07:10PM ET,HOU,0
RP,Joe Smith (17467046),Joe Smith,17467046,P,4000,TOR@HOU 05/08/2021 07:10PM ET,HOU,1.23
RP,Austin Pruitt (17467061),Austin Pruitt,17467061,P,4000,TOR@HOU 05/08/2021 07:10PM ET,HOU,0
RP,Blair Henley (17467063),Blair Henley,17467063,P,4000,TOR@HOU 05/08/2021 07:10PM ET,HOU,0
RP,Jose Alberto Rivera (17467064),Jose Alberto Rivera,17467064,P,4000,TOR@HOU 05/08/2021 07:10PM ET,HOU,0
RP,Rafael Dolis (17467065),Rafael Dolis,17467065,P,4000,TOR@HOU 05/08/2021 07:10PM ET,TOR,2.5
SP,Joel Payamps (17467067),Joel Payamps,17467067,P,4000,TOR@HOU 05/08/2021 07:10PM ET,TOR,3.13
SP,CJ Van Eyk (17467073),CJ Van Eyk,17467073,P,4000,TOR@HOU 05/08/2021 07:10PM ET,TOR,0
RP,Enoli Paredes (17467081),Enoli Paredes,17467081,P,4000,TOR@HOU 05/08/2021 07:10PM ET,HOU,0.73
SP,Jairo Solis (17467086),Jairo Solis,17467086,P,4000,TOR@HOU 05/08/2021 07:10PM ET,HOU,0
RP,Jacob Waguespack (17467093),Jacob Waguespack,17467093,P,4000,TOR@HOU 05/08/2021 07:10PM ET,TOR,0
RP,Ralph Garza Jr. (17467097),Ralph Garza Jr.,17467097,P,4000,TOR@HOU 05/08/2021 07:10PM ET,HOU,0
SP,Shawn Dubin (17467106),Shawn Dubin,17467106,P,4000,TOR@HOU 05/08/2021 07:10PM ET,HOU,0
RP,Kirby Yates (17467108),Kirby Yates,17467108,P,4000,TOR@HOU 05/08/2021 07:10PM ET,TOR,0
RP,A.J. Cole (17467110),A.J. Cole,17467110,P,4000,TOR@HOU 05/08/2021 07:10PM ET,TOR,0
SP,Anthony Castro (17467111),Anthony Castro,17467111,P,4000,TOR@HOU 05/08/2021 07:10PM ET,TOR,5.35
SP,Austin Hansen (17467122),Austin Hansen,17467122,P,4000,TOR@HOU 05/08/2021 07:10PM ET,HOU,0
SP,Blake Taylor (17467125),Blake Taylor,17467125,P,4000,TOR@HOU 05/08/2021 07:10PM ET,HOU,0.86
SP,Elvis Luciano (17467134),Elvis Luciano,17467134,P,4000,TOR@HOU 05/08/2021 07:10PM ET,TOR,0
RP,Tim Mayza (17467143),Tim Mayza,17467143,P,4000,TOR@HOU 05/08/2021 07:10PM ET,TOR,2.35
RP,Peter Solomon (17467146),Peter Solomon,17467146,P,4000,TOR@HOU 05/08/2021 07:10PM ET,HOU,3.65
SP,Joey Murray (17467157),Joey Murray,17467157,P,4000,TOR@HOU 05/08/2021 07:10PM ET,TOR,0
RP,Jordan Romano (17467162),Jordan Romano,17467162,P,4000,TOR@HOU 05/08/2021 07:10PM ET,TOR,3.69
RP,Bryan Abreu (17467170),Bryan Abreu,17467170,P,4000,TOR@HOU 05/08/2021 07:10PM ET,HOU,3.58
SP,Ryan Borucki (17467172),Ryan Borucki,17467172,P,4000,TOR@HOU 05/08/2021 07:10PM ET,TOR,3.91
SP,Alek Manoah (17467179),Alek Manoah,17467179,P,4000,TOR@HOU 05/08/2021 07:10PM ET,TOR,0
RP,Tyler Ivey (17467188),Tyler Ivey,17467188,P,4000,TOR@HOU 05/08/2021 07:10PM ET,HOU,0
RP,Pedro Baez (17467189),Pedro Baez,17467189,P,4000,TOR@HOU 05/08/2021 07:10PM ET,HOU,0
RP,Andre Scrubb (17467200),Andre Scrubb,17467200,P,4000,TOR@HOU 05/08/2021 07:10PM ET,HOU,3.05
RP,Ryne Stanek (17467201),Ryne Stanek,17467201,P,4000,TOR@HOU 05/08/2021 07:10PM ET,HOU,4.28
SP,Reynaldo Lopez (17466890),Reynaldo Lopez,17466890,P,4000,CWS@KC 05/08/2021 07:10PM ET,CWS,0
SP,Kris Bubic (17466891),Kris Bubic,17466891,P,4000,CWS@KC 05/08/2021 07:10PM ET,KC,1.05
SP,Jonathan Stiever (17466896),Jonathan Stiever,17466896,P,4000,CWS@KC 05/08/2021 07:10PM ET,CWS,-8.4
SP,Kyle Zimmer (17466897),Kyle Zimmer,17466897,P,4000,CWS@KC 05/08/2021 07:10PM ET,KC,4.07
SP,Carlos Hernandez (17466902),Carlos Hernandez,17466902,P,4000,CWS@KC 05/08/2021 07:10PM ET,KC,2.3
RP,Matt Foster (17466918),Matt Foster,17466918,P,4000,CWS@KC 05/08/2021 07:10PM ET,CWS,2.56
RP,Garrett Crochet (17466953),Garrett Crochet,17466953,P,4000,CWS@KC 05/08/2021 07:10PM ET,CWS,3.16
RP,Connor Sadzeck (17466958),Connor Sadzeck,17466958,P,4000,CWS@KC 05/08/2021 07:10PM ET,CWS,0
RP,Aaron Bummer (17466966),Aaron Bummer,17466966,P,4000,CWS@KC 05/08/2021 07:10PM ET,CWS,2.80
RP,Jake Newberry (17466972),Jake Newberry,17466972,P,4000,CWS@KC 05/08/2021 07:10PM ET,KC,-1.01
RP,Jimmy Lambert (17466984),Jimmy Lambert,17466984,P,4000,CWS@KC 05/08/2021 07:10PM ET,CWS,0
RP,Jose Ruiz (17466995),Jose Ruiz,17466995,P,4000,CWS@KC 05/08/2021 07:10PM ET,CWS,3.81
RP,Gabe Speier (17467017),Gabe Speier,17467017,P,4000,CWS@KC 05/08/2021 07:10PM ET,KC,0
SP,Kodi Medeiros (17467022),Kodi Medeiros,17467022,P,4000,CWS@KC 05/08/2021 07:10PM ET,CWS,0
RP,Evan Marshall (17467026),Evan Marshall,17467026,P,4000,CWS@KC 05/08/2021 07:10PM ET,CWS,1.54
RP,Tyler Johnson (17467030),Tyler Johnson,17467030,P,4000,CWS@KC 05/08/2021 07:10PM ET,CWS,0
RP,Codi Heuer (17467034),Codi Heuer,17467034,P,4000,CWS@KC 05/08/2021 07:10PM ET,CWS,3.59
RP,Tyler Zuber (17467037),Tyler Zuber,17467037,P,4000,CWS@KC 05/08/2021 07:10PM ET,KC,2.96
RP,Tayron Guerrero (17467043),Tayron Guerrero,17467043,P,4000,CWS@KC 05/08/2021 07:10PM ET,CWS,0
RP,Mike Wright (17467055),Mike Wright,17467055,P,4000,CWS@KC 05/08/2021 07:10PM ET,CWS,0
RP,Jace Fry (17467057),Jace Fry,17467057,P,4000,CWS@KC 05/08/2021 07:10PM ET,CWS,0
RP,Josh Staumont (17467059),Josh Staumont,17467059,P,4000,CWS@KC 05/08/2021 07:10PM ET,KC,3.60
SP,Jesse Hahn (17467066),Jesse Hahn,17467066,P,4000,CWS@KC 05/08/2021 07:10PM ET,KC,-0.5
RP,Ryan Burr (17467076),Ryan Burr,17467076,P,4000,CWS@KC 05/08/2021 07:10PM ET,CWS,0
RP,Jimmy Cordero (17467080),Jimmy Cordero,17467080,P,4000,CWS@KC 05/08/2021 07:10PM ET,CWS,0
RP,Greg Holland (17467082),Greg Holland,17467082,P,4000,CWS@KC 05/08/2021 07:10PM ET,KC,2.90
RP,Richard Lovelady (17467101),Richard Lovelady,17467101,P,4000,CWS@KC 05/08/2021 07:10PM ET,KC,0
RP,Bennett Sousa (17467104),Bennett Sousa,17467104,P,4000,CWS@KC 05/08/2021 07:10PM ET,CWS,0
RP,Scott Barlow (17467112),Scott Barlow,17467112,P,4000,CWS@KC 05/08/2021 07:10PM ET,KC,4.21
SP,Eric Skoglund (17467117),Eric Skoglund,17467117,P,4000,CWS@KC 05/08/2021 07:10PM ET,KC,0
SP,Scott Blewett (17467126),Scott Blewett,17467126,P,4000,CWS@KC 05/08/2021 07:10PM ET,KC,0
RP,Wade Davis (17467131),Wade Davis,17467131,P,4000,CWS@KC 05/08/2021 07:10PM ET,KC,1.73
RP,Jake Brentz (17467132),Jake Brentz,17467132,P,4000,CWS@KC 05/08/2021 07:10PM ET,KC,2.64
RP,Liam Hendriks (17467133),Liam Hendriks,17467133,P,4000,CWS@KC 05/08/2021 07:10PM ET,CWS,4.42
SP,Jonathan Bowlan (17467148),Jonathan Bowlan,17467148,P,4000,CWS@KC 05/08/2021 07:10PM ET,KC,0
SP,Angel Zerpa (17467163),Angel Zerpa,17467163,P,4000,CWS@KC 05/08/2021 07:10PM ET,KC,0
SP,Nik Turley (17467174),Nik Turley,17467174,P,4000,CWS@KC 05/08/2021 07:10PM ET,CWS,0
SP,Austin Cox (17467178),Austin Cox,17467178,P,4000,CWS@KC 05/08/2021 07:10PM ET,KC,0
SP,Ervin Santana (17467180),Ervin Santana,17467180,P,4000,CWS@KC 05/08/2021 07:10PM ET,KC,5.39
SP,Jackson Kowar (17467190),Jackson Kowar,17467190,P,4000,CWS@KC 05/08/2021 07:10PM ET,KC,0
RP,Alex McRae (17467195),Alex McRae,17467195,P,4000,CWS@KC 05/08/2021 07:10PM ET,CWS,3.65
RP,Zack Burdi (17467206),Zack Burdi,17467206,P,4000,CWS@KC 05/08/2021 07:10PM ET,CWS,8.35
OF,AJ Pollock (17466386),AJ Pollock,17466386,OF,4000,LAD@LAA 05/08/2021 09:07PM ET,LAD,6.55
SP,Patrick Sandoval (17466895),Patrick Sandoval,17466895,P,4000,LAD@LAA 05/08/2021 09:07PM ET,LAA,9.9
RP,Mike Kickham (17466900),Mike Kickham,17466900,P,4000,LAD@LAA 05/08/2021 09:07PM ET,LAD,-1.7
SP,Jose Suarez (17466905),Jose Suarez,17466905,P,4000,LAD@LAA 05/08/2021 09:07PM ET,LAA,0
RP,Joe Kelly (17466914),Joe Kelly,17466914,P,4000,LAD@LAA 05/08/2021 09:07PM ET,LAD,-9.5
SP,Edwin Uceta (17466917),Edwin Uceta,17466917,P,4000,LAD@LAA 05/08/2021 09:07PM ET,LAD,4.08
RP,Victor Gonzalez (17466919),Victor Gonzalez,17466919,P,4000,LAD@LAA 05/08/2021 09:07PM ET,LAD,2.07
RP,Brusdar Graterol (17466923),Brusdar Graterol,17466923,P,4000,LAD@LAA 05/08/2021 09:07PM ET,LAD,-1.33
RP,Steve Cishek (17466924),Steve Cishek,17466924,P,4000,LAD@LAA 05/08/2021 09:07PM ET,LAA,1.89
RP,Ben Rowen (17466931),Ben Rowen,17466931,P,4000,LAD@LAA 05/08/2021 09:07PM ET,LAA,2.24
RP,Corey Knebel (17466941),Corey Knebel,17466941,P,4000,LAD@LAA 05/08/2021 09:07PM ET,LAD,3.24
SP,Andre Jackson (17466942),Andre Jackson,17466942,P,4000,LAD@LAA 05/08/2021 09:07PM ET,LAD,0
RP,Noe Ramirez (17466948),Noe Ramirez,17466948,P,4000,LAD@LAA 05/08/2021 09:07PM ET,LAA,0
SP,Josiah Gray (17466952),Josiah Gray,17466952,P,4000,LAD@LAA 05/08/2021 09:07PM ET,LAD,0
SP,Chris Rodriguez (17466962),Chris Rodriguez,17466962,P,4000,LAD@LAA 05/08/2021 09:07PM ET,LAA,7.16
RP,Enny Romero (17466963),Enny Romero,17466963,P,4000,LAD@LAA 05/08/2021 09:07PM ET,LAD,0
RP,Gerardo Reyes (17466994),Gerardo Reyes,17466994,P,4000,LAD@LAA 05/08/2021 09:07PM ET,LAA,0
RP,Hector Yan (17466998),Hector Yan,17466998,P,4000,LAD@LAA 05/08/2021 09:07PM ET,LAA,0
RP,Luke Bard (17466999),Luke Bard,17466999,P,4000,LAD@LAA 05/08/2021 09:07PM ET,LAA,0
RP,Tommy Kahnle (17467000),Tommy Kahnle,17467000,P,4000,LAD@LAA 05/08/2021 09:07PM ET,LAD,0
SP,Michael Grove (17467007),Michael Grove,17467007,P,4000,LAD@LAA 05/08/2021 09:07PM ET,LAD,0
RP,Felix Pena (17467015),Felix Pena,17467015,P,4000,LAD@LAA 05/08/2021 09:07PM ET,LAA,-2.9
RP,Blake Treinen (17467040),Blake Treinen,17467040,P,4000,LAD@LAA 05/08/2021 09:07PM ET,LAD,3.89
RP,Raisel Iglesias (17467044),Raisel Iglesias,17467044,P,4000,LAD@LAA 05/08/2021 09:07PM ET,LAA,2.56
SP,Reid Detmers (17467054),Reid Detmers,17467054,P,4000,LAD@LAA 05/08/2021 09:07PM ET,LAA,0
RP,Dennis Santana (17467068),Dennis Santana,17467068,P,4000,LAD@LAA 05/08/2021 09:07PM ET,LAD,1.62
SP,Gerardo Carrillo (17467072),Gerardo Carrillo,17467072,P,4000,LAD@LAA 05/08/2021 09:07PM ET,LAD,0
SP,Jake Faria (17467075),Jake Faria,17467075,P,4000,LAD@LAA 05/08/2021 09:07PM ET,LAA,0
RP,Phil Bickford (17467085),Phil Bickford,17467085,P,4000,LAD@LAA 05/08/2021 09:07PM ET,LAD,-4.15
RP,Bobby Miller (17467089),Bobby Miller,17467089,P,4000,LAD@LAA 05/08/2021 09:07PM ET,LAD,0
RP,Caleb Ferguson (17467095),Caleb Ferguson,17467095,P,4000,LAD@LAA 05/08/2021 09:07PM ET,LAD,0
RP,Kenley Jansen (17467107),Kenley Jansen,17467107,P,4000,LAD@LAA 05/08/2021 09:07PM ET,LAD,3.37
RP,James Pazos (17467115),James Pazos,17467115,P,4000,LAD@LAA 05/08/2021 09:07PM ET,LAD,0
SP,Landon Knack (17467116),Landon Knack,17467116,P,4000,LAD@LAA 05/08/2021 09:07PM ET,LAD,0
RP,Mike Mayers (17467140),Mike Mayers,17467140,P,4000,LAD@LAA 05/08/2021 09:07PM ET,LAA,2.88
SP,Jimmy Nelson (17467145),Jimmy Nelson,17467145,P,4000,LAD@LAA 05/08/2021 09:07PM ET,LAD,3.94
SP,Ryan Pepiot (17467147),Ryan Pepiot,17467147,P,4000,LAD@LAA 05/08/2021 09:07PM ET,LAD,0
SP,Kendall Williams (17467156),Kendall Williams,17467156,P,4000,LAD@LAA 05/08/2021 09:07PM ET,LAD,0
RP,Tony Watson (17467165),Tony Watson,17467165,P,4000,LAD@LAA 05/08/2021 09:07PM ET,LAA,3.24
RP,Jake Reed (17467166),Jake Reed,17467166,P,4000,LAD@LAA 05/08/2021 09:07PM ET,LAA,0
RP,Alex Claudio (17467171),Alex Claudio,17467171,P,4000,LAD@LAA 05/08/2021 09:07PM ET,LAA,2.65
RP,Mitch White (17467177),Mitch White,17467177,P,4000,LAD@LAA 05/08/2021 09:07PM ET,LAD,2.95
RP,Thomas Pannone (17467182),Thomas Pannone,17467182,P,4000,LAD@LAA 05/08/2021 09:07PM ET,LAA,0
RP,Garrett Cleavinger (17467183),Garrett Cleavinger,17467183,P,4000,LAD@LAA 05/08/2021 09:07PM ET,LAD,2.2
SP,Denny Brady (17467184),Denny Brady,17467184,P,4000,LAD@LAA 05/08/2021 09:07PM ET,LAA,0
SP,Junior Guerra (17467185),Junior Guerra,17467185,P,4000,LAD@LAA 05/08/2021 09:07PM ET,LAA,4.27
RP,Scott Alexander (17467192),Scott Alexander,17467192,P,4000,LAD@LAA 05/08/2021 09:07PM ET,LAD,1.91
RP,James Hoyt (17467194),James Hoyt,17467194,P,4000,LAD@LAA 05/08/2021 09:07PM ET,LAA,2.68
SP,Aaron Slegers (17467208),Aaron Slegers,17467208,P,4000,LAD@LAA 05/08/2021 09:07PM ET,LAA,2.33
RP,Robert Dugger (17466887),Robert Dugger,17466887,P,4000,SEA@TEX 05/08/2021 07:05PM ET,SEA,5.1
SP,Wes Benjamin (17466904),Wes Benjamin,17466904,P,4000,SEA@TEX 05/08/2021 07:05PM ET,TEX,3.58
SP,Kendall Graveman (17466907),Kendall Graveman,17466907,P,4000,SEA@TEX 05/08/2021 07:05PM ET,SEA,5.56
RP,Jimmy Herget (17466921),Jimmy Herget,17466921,P,4000,SEA@TEX 05/08/2021 07:05PM ET,TEX,0
RP,Josh Sborz (17466929),Josh Sborz,17466929,P,4000,SEA@TEX 05/08/2021 07:05PM ET,TEX,3.80
SP,Hans Crouse (17466930),Hans Crouse,17466930,P,4000,SEA@TEX 05/08/2021 07:05PM ET,TEX,0
RP,Ken Giles (17466944),Ken Giles,17466944,P,4000,SEA@TEX 05/08/2021 07:05PM ET,SEA,0
RP,Jimmy Yacabonis (17466946),Jimmy Yacabonis,17466946,P,4000,SEA@TEX 05/08/2021 07:05PM ET,SEA,0
SP,Jharel Cotton (17466947),Jharel Cotton,17466947,P,4000,SEA@TEX 05/08/2021 07:05PM ET,TEX,0
RP,JT Chargois (17466951),JT Chargois,17466951,P,4000,SEA@TEX 05/08/2021 07:05PM ET,SEA,0
RP,Nick Vincent (17466956),Nick Vincent,17466956,P,4000,SEA@TEX 05/08/2021 07:05PM ET,TEX,0
RP,Domingo Tapia (17466957),Domingo Tapia,17466957,P,4000,SEA@TEX 05/08/2021 07:05PM ET,SEA,1.75
RP,Joe Palumbo (17466976),Joe Palumbo,17466976,P,4000,SEA@TEX 05/08/2021 07:05PM ET,TEX,0
RP,Drew Steckenrider (17466992),Drew Steckenrider,17466992,P,4000,SEA@TEX 05/08/2021 07:05PM ET,SEA,4.84
SP,Logan Gilbert (17466993),Logan Gilbert,17466993,P,4000,SEA@TEX 05/08/2021 07:05PM ET,SEA,0
RP,Yohan Ramirez (17466996),Yohan Ramirez,17466996,P,4000,SEA@TEX 05/08/2021 07:05PM ET,SEA,0
RP,Taylor Hearn (17467010),Taylor Hearn,17467010,P,4000,SEA@TEX 05/08/2021 07:05PM ET,TEX,4.43
RP,Joely Rodriguez (17467016),Joely Rodriguez,17467016,P,4000,SEA@TEX 05/08/2021 07:05PM ET,TEX,3.94
RP,Taylor Guerrieri (17467029),Taylor Guerrieri,17467029,P,4000,SEA@TEX 05/08/2021 07:05PM ET,SEA,0
RP,Paul Sewald (17467031),Paul Sewald,17467031,P,4000,SEA@TEX 05/08/2021 07:05PM ET,SEA,0
SP,Anthony Misiewicz (17467032),Anthony Misiewicz,17467032,P,4000,SEA@TEX 05/08/2021 07:05PM ET,SEA,2.18
RP,John King (17467039),John King,17467039,P,4000,SEA@TEX 05/08/2021 07:05PM ET,TEX,4.86
RP,Keynan Middleton (17467041),Keynan Middleton,17467041,P,4000,SEA@TEX 05/08/2021 07:05PM ET,SEA,2.46
RP,Brady Lail (17467042),Brady Lail,17467042,P,4000,SEA@TEX 05/08/2021 07:05PM ET,SEA,0
SP,Alex Speas (17467047),Alex Speas,17467047,P,4000,SEA@TEX 05/08/2021 07:05PM ET,TEX,0
RP,Aaron Fletcher (17467048),Aaron Fletcher,17467048,P,4000,SEA@TEX 05/08/2021 07:05PM ET,SEA,-5.55
RP,Luis Ortiz (17467062),Luis Ortiz,17467062,P,4000,SEA@TEX 05/08/2021 07:05PM ET,TEX,0
RP,Brett de Geus (17467074),Brett de Geus,17467074,P,4000,SEA@TEX 05/08/2021 07:05PM ET,TEX,2.75
SP,Jason Bahr (17467087),Jason Bahr,17467087,P,4000,SEA@TEX 05/08/2021 07:05PM ET,TEX,0
SP,Sam Gaviglio (17467088),Sam Gaviglio,17467088,P,4000,SEA@TEX 05/08/2021 07:05PM ET,TEX,0
RP,Brett Martin (17467092),Brett Martin,17467092,P,4000,SEA@TEX 05/08/2021 07:05PM ET,TEX,1.71
SP,Tyler Phillips (17467096),Tyler Phillips,17467096,P,4000,SEA@TEX 05/08/2021 07:05PM ET,TEX,0
RP,Joe Gatto (17467099),Joe Gatto,17467099,P,4000,SEA@TEX 05/08/2021 07:05PM ET,TEX,0
RP,Spencer Patton (17467113),Spencer Patton,17467113,P,4000,SEA@TEX 05/08/2021 07:05PM ET,TEX,0
SP,Ian Kennedy (17467119),Ian Kennedy,17467119,P,4000,SEA@TEX 05/08/2021 07:05PM ET,TEX,4.21
RP,Casey Sadler (17467123),Casey Sadler,17467123,P,4000,SEA@TEX 05/08/2021 07:05PM ET,SEA,2.94
RP,Yerry Rodriguez (17467127),Yerry Rodriguez,17467127,P,4000,SEA@TEX 05/08/2021 07:05PM ET,TEX,0
RP,Will Vest (17467136),Will Vest,17467136,P,4000,SEA@TEX 05/08/2021 07:05PM ET,SEA,3.08
RP,Joey Gerber (17467137),Joey Gerber,17467137,P,4000,SEA@TEX 05/08/2021 07:05PM ET,SEA,0
RP,Matt Bush (17467138),Matt Bush,17467138,P,4000,SEA@TEX 05/08/2021 07:05PM ET,TEX,1.92
SP,A.J. Alexy (17467150),A.J. Alexy,17467150,P,4000,SEA@TEX 05/08/2021 07:05PM ET,TEX,0
RP,Rafael Montero (17467169),Rafael Montero,17467169,P,4000,SEA@TEX 05/08/2021 07:05PM ET,SEA,2.74
RP,Drew Anderson (17467175),Drew Anderson,17467175,P,4000,SEA@TEX 05/08/2021 07:05PM ET,TEX,0
RP,Jose Leclerc (17467181),Jose Leclerc,17467181,P,4000,SEA@TEX 05/08/2021 07:05PM ET,TEX,0
RP,Hunter Wood (17467196),Hunter Wood,17467196,P,4000,SEA@TEX 05/08/2021 07:05PM ET,TEX,0
RP,Jonathan Hernandez (17467198),Jonathan Hernandez,17467198,P,4000,SEA@TEX 05/08/2021 07:05PM ET,TEX,0
RP,Andres Munoz (17467204),Andres Munoz,17467204,P,4000,SEA@TEX 05/08/2021 07:05PM ET,SEA,0
RP,Wyatt Mills (17467207),Wyatt Mills,17467207,P,4000,SEA@TEX 05/08/2021 07:05PM ET,SEA,2.1
3B,Austin Riley (17466395),Austin Riley,17466395,3B,3900,PHI@ATL 05/08/2021 07:20PM ET,ATL,5.84
OF,Adam Eaton (17466390),Adam Eaton,17466390,OF,3900,CWS@KC 05/08/2021 07:10PM ET,CWS,8
1B/OF,Jared Walsh (17466391),Jared Walsh,17466391,1B/OF,3900,LAD@LAA 05/08/2021 09:07PM ET,LAA,8.57
2B/OF,Dylan Moore (17466393),Dylan Moore,17466393,2B/OF,3900,SEA@TEX 05/08/2021 07:05PM ET,SEA,5.45
SS,J.P. Crawford (17466396),J.P. Crawford,17466396,SS,3900,SEA@TEX 05/08/2021 07:05PM ET,SEA,5.38
C,Jose Trevino (17466397),Jose Trevino,17466397,C,3900,SEA@TEX 05/08/2021 07:05PM ET,TEX,4.25
OF,Andrew McCutchen (17466404),Andrew McCutchen,17466404,OF,3800,PHI@ATL 05/08/2021 07:20PM ET,PHI,6.69
2B,Jean Segura (17466406),Jean Segura,17466406,2B,3800,PHI@ATL 05/08/2021 07:20PM ET,PHI,7.22
SS,Dansby Swanson (17466407),Dansby Swanson,17466407,SS,3800,PHI@ATL 05/08/2021 07:20PM ET,ATL,5.5
1B/3B,Asdrubal Cabrera (17466398),Asdrubal Cabrera,17466398,1B/3B,3800,ARI@NYM 05/08/2021 07:10PM ET,ARI,6.86
C,James McCann (17466400),James McCann,17466400,C,3800,ARI@NYM 05/08/2021 07:10PM ET,NYM,4.05
OF,Austin Hays (17466402),Austin Hays,17466402,OF,3800,BOS@BAL 05/08/2021 07:05PM ET,BAL,8.05
OF,Teoscar Hernandez (17466401),Teoscar Hernandez,17466401,OF,3800,TOR@HOU 05/08/2021 07:10PM ET,TOR,8.2
OF,Joey Gallo (17466403),Joey Gallo,17466403,OF,3800,SEA@TEX 05/08/2021 07:05PM ET,TEX,7.15
OF,Kyle Lewis (17466405),Kyle Lewis,17466405,OF,3800,SEA@TEX 05/08/2021 07:05PM ET,SEA,6.07
3B,J.D. Davis (17466530),J.D. Davis,17466530,3B,3700,ARI@NYM 05/08/2021 07:10PM ET,NYM,7.57
2B/SS,Pat Valaika (17466409),Pat Valaika,17466409,2B/SS,3700,BOS@BAL 05/08/2021 07:05PM ET,BAL,3.46
3B,Hunter Dozier (17466413),Hunter Dozier,17466413,3B,3700,CWS@KC 05/08/2021 07:10PM ET,KC,6.22
C,Austin Barnes (17466411),Austin Barnes,17466411,C,3700,LAD@LAA 05/08/2021 09:07PM ET,LAD,3.68
OF,Matt Beaty (17466412),Matt Beaty,17466412,OF,3700,LAD@LAA 05/08/2021 09:07PM ET,LAD,4.24
OF,Willie Calhoun (17466408),Willie Calhoun,17466408,OF,3700,SEA@TEX 05/08/2021 07:05PM ET,TEX,8.18
OF,Brandon Nimmo (17466532),Brandon Nimmo,17466532,OF,3600,ARI@NYM 05/08/2021 07:10PM ET,NYM,6.95
3B,Maikel Franco (17466414),Maikel Franco,17466414,3B,3600,BOS@BAL 05/08/2021 07:05PM ET,BAL,6.17
SS,Freddy Galvis (17466418),Freddy Galvis,17466418,SS,3600,BOS@BAL 05/08/2021 07:05PM ET,BAL,6.85
OF,Anthony Santander (17466531),Anthony Santander,17466531,OF,3600,BOS@BAL 05/08/2021 07:05PM ET,BAL,5.2
OF,Andrew Benintendi (17466420),Andrew Benintendi,17466420,OF,3600,CWS@KC 05/08/2021 07:10PM ET,KC,7.72
2B,David Fletcher (17466416),David Fletcher,17466416,2B,3600,LAD@LAA 05/08/2021 09:07PM ET,LAA,6.45
2B,Gavin Lux (17466417),Gavin Lux,17466417,2B,3600,LAD@LAA 05/08/2021 09:07PM ET,LAD,4.44
OF,Adolis Garcia (17466415),Adolis Garcia,17466415,OF,3600,SEA@TEX 05/08/2021 07:05PM ET,TEX,9.08
C,Luis Torrens (17466419),Luis Torrens,17466419,C,3600,SEA@TEX 05/08/2021 07:05PM ET,SEA,4.09
2B/3B,Jonathan Villar (17466425),Jonathan Villar,17466425,2B/3B,3500,ARI@NYM 05/08/2021 07:10PM ET,NYM,4.56
3B/OF,Andrew Young (17466533),Andrew Young,17466533,3B/OF,3500,ARI@NYM 05/08/2021 07:10PM ET,ARI,5
2B/OF,Aledmys Diaz (17466421),Aledmys Diaz,17466421,2B/OF,3500,TOR@HOU 05/08/2021 07:10PM ET,HOU,6.47
C,Jason Castro (17466423),Jason Castro,17466423,C,3500,TOR@HOU 05/08/2021 07:10PM ET,HOU,6
SS,Adalberto Mondesi (17466535),Adalberto Mondesi,17466535,SS,3500,CWS@KC 05/08/2021 07:10PM ET,KC,0
3B,Charlie Culberson (17466424),Charlie Culberson,17466424,3B,3500,SEA@TEX 05/08/2021 07:05PM ET,TEX,5.68
3B/OF,Ehire Adrianza (17466427),Ehire Adrianza,17466427,3B/OF,3400,PHI@ATL 05/08/2021 07:20PM ET,ATL,4.23
SS,Didi Gregorius (17466429),Didi Gregorius,17466429,SS,3400,PHI@ATL 05/08/2021 07:20PM ET,PHI,6.86
1B/OF,Wyatt Mathisen (17466537),Wyatt Mathisen,17466537,1B/OF,3400,ARI@NYM 05/08/2021 07:10PM ET,ARI,2.61
1B/2B,Marwin Gonzalez (17466431),Marwin Gonzalez,17466431,1B/2B,3400,BOS@BAL 05/08/2021 07:05PM ET,BOS,5.85
C,Zack Collins (17466430),Zack Collins,17466430,C,3400,CWS@KC 05/08/2021 07:10PM ET,CWS,5.69
OF,Khris Davis (17466536),Khris Davis,17466536,OF,3400,SEA@TEX 05/08/2021 07:05PM ET,TEX,0
C,William Contreras (17466437),William Contreras,17466437,C,3300,PHI@ATL 05/08/2021 07:20PM ET,ATL,8.75
1B,Bobby Dalbec (17466433),Bobby Dalbec,17466433,1B,3300,BOS@BAL 05/08/2021 07:05PM ET,BOS,4.44
3B/OF,Cavan Biggio (17466434),Cavan Biggio,17466434,3B/OF,3300,TOR@HOU 05/08/2021 07:10PM ET,TOR,4.96
C,Keibert Ruiz (17466436),Keibert Ruiz,17466436,C,3300,LAD@LAA 05/08/2021 09:07PM ET,LAD,4.67
3B,Alec Bohm (17466446),Alec Bohm,17466446,3B,3200,PHI@ATL 05/08/2021 07:20PM ET,PHI,6.15
C/OF,Daulton Varsho (17466438),Daulton Varsho,17466438,C/OF,3200,ARI@NYM 05/08/2021 07:10PM ET,ARI,3.33
2B/3B,Luis Guillorme (17466539),Luis Guillorme,17466539,2B/3B,3200,ARI@NYM 05/08/2021 07:10PM ET,NYM,2.29
OF,Kyle Tucker (17466442),Kyle Tucker,17466442,OF,3200,TOR@HOU 05/08/2021 07:10PM ET,HOU,6.16
OF,Lourdes Gurriel Jr. (17466443),Lourdes Gurriel Jr.,17466443,OF,3200,TOR@HOU 05/08/2021 07:10PM ET,TOR,4.82
OF,Taylor Trammell (17466440),Taylor Trammell,17466440,OF,3200,SEA@TEX 05/08/2021 07:05PM ET,SEA,6.04
OF,Sam Haggerty (17466441),Sam Haggerty,17466441,OF,3200,SEA@TEX 05/08/2021 07:05PM ET,SEA,5.22
1B,Evan White (17466444),Evan White,17466444,1B,3200,SEA@TEX 05/08/2021 07:05PM ET,SEA,3.17
C,Tom Murphy (17466445),Tom Murphy,17466445,C,3200,SEA@TEX 05/08/2021 07:05PM ET,SEA,3.63
1B,Pablo Sandoval (17466450),Pablo Sandoval,17466450,1B,3100,PHI@ATL 05/08/2021 07:20PM ET,ATL,3.46
SS,Nick Ahmed (17466448),Nick Ahmed,17466448,SS,3100,ARI@NYM 05/08/2021 07:10PM ET,ARI,3.54
1B,Danny Santana (17466544),Danny Santana,17466544,1B,3100,BOS@BAL 05/08/2021 07:05PM ET,BOS,0
3B,Abraham Toro (17466543),Abraham Toro,17466543,3B,3100,TOR@HOU 05/08/2021 07:10PM ET,HOU,0.83
C,Alejandro Kirk (17466545),Alejandro Kirk,17466545,C,3100,TOR@HOU 05/08/2021 07:10PM ET,TOR,5.41
OF,Jorge Soler (17466449),Jorge Soler,17466449,OF,3100,CWS@KC 05/08/2021 07:10PM ET,KC,5.48
1B,Matt Thaiss (17466542),Matt Thaiss,17466542,1B,3100,LAD@LAA 05/08/2021 09:07PM ET,LAA,0
C,Jonah Heim (17466447),Jonah Heim,17466447,C,3100,SEA@TEX 05/08/2021 07:05PM ET,TEX,5.33
3B,Brock Holt (17466541),Brock Holt,17466541,3B,3100,SEA@TEX 05/08/2021 07:05PM ET,TEX,5.27
OF,Tim Locastro (17466457),Tim Locastro,17466457,OF,3000,ARI@NYM 05/08/2021 07:10PM ET,ARI,5.94
2B,Josh VanMeter (17466458),Josh VanMeter,17466458,2B,3000,ARI@NYM 05/08/2021 07:10PM ET,ARI,3
OF,Hunter Renfroe (17466453),Hunter Renfroe,17466453,OF,3000,BOS@BAL 05/08/2021 07:05PM ET,BOS,5.88
2B,Christian Arroyo (17466456),Christian Arroyo,17466456,2B,3000,BOS@BAL 05/08/2021 07:05PM ET,BOS,5.04
C,Chance Sisco (17466459),Chance Sisco,17466459,C,3000,BOS@BAL 05/08/2021 07:05PM ET,BAL,2.62
3B/SS,Santiago Espinal (17466451),Santiago Espinal,17466451,3B/SS,3000,TOR@HOU 05/08/2021 07:10PM ET,TOR,3.23
C,Martin Maldonado (17466460),Martin Maldonado,17466460,C,3000,TOR@HOU 05/08/2021 07:10PM ET,HOU,3.22
OF,Zach McKinstry (17466546),Zach McKinstry,17466546,OF,3000,LAD@LAA 05/08/2021 09:07PM ET,LAD,7.47
1B/OF,Jose Marmolejos (17466454),Jose Marmolejos,17466454,1B/OF,3000,SEA@TEX 05/08/2021 07:05PM ET,SEA,4.64
1B/OF,Brad Miller (17466469),Brad Miller,17466469,1B/OF,2900,PHI@ATL 05/08/2021 07:20PM ET,PHI,4.86
OF,Kevin Pillar (17466466),Kevin Pillar,17466466,OF,2900,ARI@NYM 05/08/2021 07:10PM ET,NYM,4.68
OF,Kole Calhoun (17466549),Kole Calhoun,17466549,OF,2900,ARI@NYM 05/08/2021 07:10PM ET,ARI,7.31
2B/3B,Rio Ruiz (17466467),Rio Ruiz,17466467,2B/3B,2900,BOS@BAL 05/08/2021 07:05PM ET,BAL,4.68
C,Kevin Plawecki (17466472),Kevin Plawecki,17466472,C,2900,BOS@BAL 05/08/2021 07:05PM ET,BOS,4.46
OF,Chas McCormick (17466462),Chas McCormick,17466462,OF,2900,TOR@HOU 05/08/2021 07:10PM ET,HOU,3.88
OF,Myles Straw (17466463),Myles Straw,17466463,OF,2900,TOR@HOU 05/08/2021 07:10PM ET,HOU,5.55
3B/OF,Jake Lamb (17466464),Jake Lamb,17466464,3B/OF,2900,CWS@KC 05/08/2021 07:10PM ET,CWS,2.89
SS,Danny Mendick (17466471),Danny Mendick,17466471,SS,2900,CWS@KC 05/08/2021 07:10PM ET,CWS,4.22
OF,Adam Engel (17466550),Adam Engel,17466550,OF,2900,CWS@KC 05/08/2021 07:10PM ET,CWS,0
1B,Matt Davidson (17466551),Matt Davidson,17466551,1B,2900,LAD@LAA 05/08/2021 09:07PM ET,LAD,0
OF,David Dahl (17466461),David Dahl,17466461,OF,2900,SEA@TEX 05/08/2021 07:05PM ET,TEX,4.72
3B/SS,Anderson Tejeda (17466547),Anderson Tejeda,17466547,3B/SS,2900,SEA@TEX 05/08/2021 07:05PM ET,TEX,2.4
2B,Jose Peraza (17466477),Jose Peraza,17466477,2B,2800,ARI@NYM 05/08/2021 07:10PM ET,NYM,1.25
1B,Ryan Mountcastle (17466473),Ryan Mountcastle,17466473,1B,2800,BOS@BAL 05/08/2021 07:05PM ET,BAL,5.3
2B/OF,Leury Garcia (17466474),Leury Garcia,17466474,2B/OF,2800,CWS@KC 05/08/2021 07:10PM ET,CWS,4.68
OF,Billy Hamilton (17466476),Billy Hamilton,17466476,OF,2800,CWS@KC 05/08/2021 07:10PM ET,CWS,2.38
SS,Nicky Lopez (17466478),Nicky Lopez,17466478,SS,2800,CWS@KC 05/08/2021 07:10PM ET,KC,4.68
C,Kurt Suzuki (17466479),Kurt Suzuki,17466479,C,2800,LAD@LAA 05/08/2021 09:07PM ET,LAA,4.12
2B/SS,Donovan Walton (17466552),Donovan Walton,17466552,2B/SS,2800,SEA@TEX 05/08/2021 07:05PM ET,SEA,0
1B/OF,Ronald Guzman (17466554),Ronald Guzman,17466554,1B/OF,2800,SEA@TEX 05/08/2021 07:05PM ET,TEX,2.29
2B,Jason Kipnis (17466562),Jason Kipnis,17466562,2B,2700,PHI@ATL 05/08/2021 07:20PM ET,ATL,0
2B/SS,Ramon Urias (17466483),Ramon Urias,17466483,2B/SS,2700,BOS@BAL 05/08/2021 07:05PM ET,BAL,2.6
3B/OF,Yairo Munoz (17466556),Yairo Munoz,17466556,3B/OF,2700,BOS@BAL 05/08/2021 07:05PM ET,BOS,0
2B/SS,Jonathan Arauz (17466563),Jonathan Arauz,17466563,2B/SS,2700,BOS@BAL 05/08/2021 07:05PM ET,BOS,0
C,Reese McGuire (17466485),Reese McGuire,17466485,C,2700,TOR@HOU 05/08/2021 07:10PM ET,TOR,2
1B/3B,Taylor Jones (17466559),Taylor Jones,17466559,1B/3B,2700,TOR@HOU 05/08/2021 07:10PM ET,HOU,4.67
OF,Josh Palacios (17466561),Josh Palacios,17466561,OF,2700,TOR@HOU 05/08/2021 07:10PM ET,TOR,5.3
2B,Nick Madrigal (17466480),Nick Madrigal,17466480,2B,2700,CWS@KC 05/08/2021 07:10PM ET,CWS,6.81
OF,Ryan McBroom (17466565),Ryan McBroom,17466565,OF,2700,CWS@KC 05/08/2021 07:10PM ET,KC,1.4
OF,Justin Upton (17466482),Justin Upton,17466482,OF,2700,LAD@LAA 05/08/2021 09:07PM ET,LAA,7.15
2B,Andy Ibanez (17466481),Andy Ibanez,17466481,2B,2700,SEA@TEX 05/08/2021 07:05PM ET,TEX,2.67
OF,Jake Fraley (17466558),Jake Fraley,17466558,OF,2700,SEA@TEX 05/08/2021 07:05PM ET,SEA,6.8
C,Sam Huff (17466566),Sam Huff,17466566,C,2700,SEA@TEX 05/08/2021 07:05PM ET,TEX,0
C,Andrew Knapp (17466490),Andrew Knapp,17466490,C,2600,PHI@ATL 05/08/2021 07:20PM ET,PHI,2.59
OF,Guillermo Heredia (17466568),Guillermo Heredia,17466568,OF,2600,PHI@ATL 05/08/2021 07:20PM ET,ATL,8.31
OF,DJ Stewart (17466488),DJ Stewart,17466488,OF,2600,BOS@BAL 05/08/2021 07:05PM ET,BAL,5.05
OF,Ronnie Dawson (17466567),Ronnie Dawson,17466567,OF,2600,TOR@HOU 05/08/2021 07:10PM ET,HOU,3
OF,Andrew Vaughn (17466486),Andrew Vaughn,17466486,OF,2600,CWS@KC 05/08/2021 07:10PM ET,CWS,4.84
OF,Brian Goodwin (17466571),Brian Goodwin,17466571,OF,2600,CWS@KC 05/08/2021 07:10PM ET,CWS,0
SS,Jose Iglesias (17466487),Jose Iglesias,17466487,SS,2600,LAD@LAA 05/08/2021 09:07PM ET,LAA,5.52
OF,Luke Raley (17466572),Luke Raley,17466572,OF,2600,LAD@LAA 05/08/2021 09:07PM ET,LAD,3.43
OF,Eli White (17466489),Eli White,17466489,OF,2600,SEA@TEX 05/08/2021 07:05PM ET,TEX,3
3B/SS,Jack Mayfield (17466569),Jack Mayfield,17466569,3B/SS,2600,SEA@TEX 05/08/2021 07:05PM ET,SEA,0
2B/SS,Nick Maton (17466491),Nick Maton,17466491,2B/SS,2500,PHI@ATL 05/08/2021 07:20PM ET,PHI,4.17
C,Caleb Joseph (17466575),Caleb Joseph,17466575,C,2500,ARI@NYM 05/08/2021 07:10PM ET,NYM,0
SS,Geraldo Perdomo (17466577),Geraldo Perdomo,17466577,SS,2500,ARI@NYM 05/08/2021 07:10PM ET,ARI,2.75
2B/3B,Joe Panik (17466496),Joe Panik,17466496,2B/3B,2500,TOR@HOU 05/08/2021 07:10PM ET,TOR,3.05
C,Danny Jansen (17466498),Danny Jansen,17466498,C,2500,TOR@HOU 05/08/2021 07:10PM ET,TOR,2.96
1B,Rowdy Tellez (17466576),Rowdy Tellez,17466576,1B,2500,TOR@HOU 05/08/2021 07:10PM ET,TOR,3.47
1B,Ryan O'Hearn (17466493),Ryan O'Hearn,17466493,1B,2500,CWS@KC 05/08/2021 07:10PM ET,KC,5.2
3B,Hanser Alberto (17466494),Hanser Alberto,17466494,3B,2500,CWS@KC 05/08/2021 07:10PM ET,KC,3.29
OF,Michael A. Taylor (17466495),Michael A. Taylor,17466495,OF,2500,CWS@KC 05/08/2021 07:10PM ET,KC,5.5
OF,Delino DeShields (17466573),Delino DeShields,17466573,OF,2500,SEA@TEX 05/08/2021 07:05PM ET,TEX,0
OF,Jason Martin (17466574),Jason Martin,17466574,OF,2500,SEA@TEX 05/08/2021 07:05PM ET,TEX,0
C,Tomas Nido (17466499),Tomas Nido,17466499,C,2400,ARI@NYM 05/08/2021 07:10PM ET,NYM,5
1B/3B,Brandon Drury (17466579),Brandon Drury,17466579,1B/3B,2400,ARI@NYM 05/08/2021 07:10PM ET,NYM,0
1B,Gavin Sheets (17466578),Gavin Sheets,17466578,1B,2400,CWS@KC 05/08/2021 07:10PM ET,CWS,0
1B,Albert Pujols (17466581),Albert Pujols,17466581,1B,2400,LAD@LAA 05/08/2021 09:07PM ET,LAA,6.04
2B/OF,Scott Kingery (17466501),Scott Kingery,17466501,2B/OF,2300,PHI@ATL 05/08/2021 07:20PM ET,PHI,0.3
3B/SS,Orlando Arcia (17466582),Orlando Arcia,17466582,3B/SS,2300,PHI@ATL 05/08/2021 07:20PM ET,ATL,1.25
3B/SS,Ronald Torreyes (17466588),Ronald Torreyes,17466588,3B/SS,2300,PHI@ATL 05/08/2021 07:20PM ET,PHI,1
OF,Mickey Moniak (17466591),Mickey Moniak,17466591,OF,2300,PHI@ATL 05/08/2021 07:20PM ET,PHI,3.09
OF,Nick Heath (17466586),Nick Heath,17466586,OF,2300,ARI@NYM 05/08/2021 07:10PM ET,ARI,3.1
2B,Jahmai Jones (17466587),Jahmai Jones,17466587,2B,2300,BOS@BAL 05/08/2021 07:05PM ET,BAL,0
C,Meibrys Viloria (17466585),Meibrys Viloria,17466585,C,2300,CWS@KC 05/08/2021 07:10PM ET,KC,0
3B,Jose Rojas (17466500),Jose Rojas,17466500,3B,2300,LAD@LAA 05/08/2021 09:07PM ET,LAA,3.3
1B/3B,Phil Gosselin (17466503),Phil Gosselin,17466503,1B/3B,2300,LAD@LAA 05/08/2021 09:07PM ET,LAA,2.5
C,Max Stassi (17466590),Max Stassi,17466590,C,2300,LAD@LAA 05/08/2021 09:07PM ET,LAA,4
2B,Shed Long Jr. (17466584),Shed Long Jr.,17466584,2B,2300,SEA@TEX 05/08/2021 07:05PM ET,SEA,0
C,Alex Jackson (17466592),Alex Jackson,17466592,C,2200,PHI@ATL 05/08/2021 07:20PM ET,ATL,1.7
OF,Roman Quinn (17466596),Roman Quinn,17466596,OF,2200,PHI@ATL 05/08/2021 07:20PM ET,PHI,3.42
OF,Albert Almora Jr. (17466506),Albert Almora Jr.,17466506,OF,2200,ARI@NYM 05/08/2021 07:10PM ET,NYM,0.44
OF,Franchy Cordero (17466507),Franchy Cordero,17466507,OF,2200,BOS@BAL 05/08/2021 07:05PM ET,BOS,3.4
1B,Michael Chavis (17466593),Michael Chavis,17466593,1B,2200,BOS@BAL 05/08/2021 07:05PM ET,BOS,2
OF,Ryan McKenna (17466595),Ryan McKenna,17466595,OF,2200,BOS@BAL 05/08/2021 07:05PM ET,BAL,2.31
OF,Jarrod Dyson (17466505),Jarrod Dyson,17466505,OF,2200,CWS@KC 05/08/2021 07:10PM ET,KC,2.75
3B,Erick Mejia (17466594),Erick Mejia,17466594,3B,2200,CWS@KC 05/08/2021 07:10PM ET,KC,0
OF,Cristian Pache (17466508),Cristian Pache,17466508,OF,2100,PHI@ATL 05/08/2021 07:20PM ET,ATL,2.94
OF,Jonathan Davis (17466509),Jonathan Davis,17466509,OF,2100,TOR@HOU 05/08/2021 07:10PM ET,TOR,2.61
3B,Matt Reynolds (17466597),Matt Reynolds,17466597,3B,2100,CWS@KC 05/08/2021 07:10PM ET,CWS,0
C,Drew Butera (17466624),Drew Butera,17466624,C,2000,LAD@LAA 05/08/2021 09:07PM ET,LAA,7
C,Jeff Mathis (17466510),Jeff Mathis,17466510,C,2000,PHI@ATL 05/08/2021 07:20PM ET,ATL,0
OF,Odubel Herrera (17466512),Odubel Herrera,17466512,OF,2000,PHI@ATL 05/08/2021 07:20PM ET,PHI,3.42
1B/SS,Sean Kazmar Jr. (17466519),Sean Kazmar Jr.,17466519,1B/SS,2000,PHI@ATL 05/08/2021 07:20PM ET,ATL,0
C,Rafael Marchan (17466598),Rafael Marchan,17466598,C,2000,PHI@ATL 05/08/2021 07:20PM ET,PHI,0
3B/SS,Johan Camargo (17466603),Johan Camargo,17466603,3B/SS,2000,PHI@ATL 05/08/2021 07:20PM ET,ATL,0.22
OF,Ender Inciarte (17466605),Ender Inciarte,17466605,OF,2000,PHI@ATL 05/08/2021 07:20PM ET,ATL,2.25
2B/3B,Yolmer Sanchez (17466606),Yolmer Sanchez,17466606,2B/3B,2000,PHI@ATL 05/08/2021 07:20PM ET,ATL,0
SS,Ryan Goins (17466608),Ryan Goins,17466608,SS,2000,PHI@ATL 05/08/2021 07:20PM ET,ATL,0
OF,Abraham Almonte (17466610),Abraham Almonte,17466610,OF,2000,PHI@ATL 05/08/2021 07:20PM ET,ATL,0
OF,Travis Jankowski (17466620),Travis Jankowski,17466620,OF,2000,PHI@ATL 05/08/2021 07:20PM ET,PHI,0
OF,Adam Haseley (17466630),Adam Haseley,17466630,OF,2000,PHI@ATL 05/08/2021 07:20PM ET,PHI,2
OF,Matt Joyce (17466633),Matt Joyce,17466633,OF,2000,PHI@ATL 05/08/2021 07:20PM ET,PHI,1.72
OF,Travis Demeritte (17466635),Travis Demeritte,17466635,OF,2000,PHI@ATL 05/08/2021 07:20PM ET,ATL,0
OF,Phillip Ervin (17466636),Phillip Ervin,17466636,OF,2000,PHI@ATL 05/08/2021 07:20PM ET,ATL,0
C,Jonathan Morales (17466641),Jonathan Morales,17466641,C,2000,PHI@ATL 05/08/2021 07:20PM ET,ATL,0
3B/SS,C.J. Chatham (17466674),C.J. Chatham,17466674,3B/SS,2000,PHI@ATL 05/08/2021 07:20PM ET,PHI,0
OF,Trey Harris (17466676),Trey Harris,17466676,OF,2000,PHI@ATL 05/08/2021 07:20PM ET,ATL,0
SS,Bryson Stott (17466678),Bryson Stott,17466678,SS,2000,PHI@ATL 05/08/2021 07:20PM ET,PHI,0
C,Logan O'Hoppe (17466698),Logan O'Hoppe,17466698,C,2000,PHI@ATL 05/08/2021 07:20PM ET,PHI,0
OF,Drew Waters (17466702),Drew Waters,17466702,OF,2000,PHI@ATL 05/08/2021 07:20PM ET,ATL,0
1B,Bryce Ball (17466706),Bryce Ball,17466706,1B,2000,PHI@ATL 05/08/2021 07:20PM ET,ATL,0
C,Logan Brown (17466714),Logan Brown,17466714,C,2000,PHI@ATL 05/08/2021 07:20PM ET,ATL,0
SS,Braden Shewmake (17466726),Braden Shewmake,17466726,SS,2000,PHI@ATL 05/08/2021 07:20PM ET,ATL,0
OF,Michael Harris (17466737),Michael Harris,17466737,OF,2000,PHI@ATL 05/08/2021 07:20PM ET,ATL,0
C,Rodolfo Duran (17466763),Rodolfo Duran,17466763,C,2000,PHI@ATL 05/08/2021 07:20PM ET,PHI,0
C,Shea Langeliers (17466782),Shea Langeliers,17466782,C,2000,PHI@ATL 05/08/2021 07:20PM ET,ATL,0
C,Patrick Mazeika (17466518),Patrick Mazeika,17466518,C,2000,ARI@NYM 05/08/2021 07:10PM ET,NYM,1
OF,Mallex Smith (17466611),Mallex Smith,17466611,OF,2000,ARI@NYM 05/08/2021 07:10PM ET,NYM,0
1B,Jose Martinez (17466612),Jose Martinez,17466612,1B,2000,ARI@NYM 05/08/2021 07:10PM ET,NYM,0
C,Bryan Holaday (17466634),Bryan Holaday,17466634,C,2000,ARI@NYM 05/08/2021 07:10PM ET,ARI,0
C,Bruce Maxwell (17466649),Bruce Maxwell,17466649,C,2000,ARI@NYM 05/08/2021 07:10PM ET,NYM,0
OF,Johneshwy Fargas (17466654),Johneshwy Fargas,17466654,OF,2000,ARI@NYM 05/08/2021 07:10PM ET,NYM,0
OF,Alek Thomas (17466657),Alek Thomas,17466657,OF,2000,ARI@NYM 05/08/2021 07:10PM ET,ARI,0
SS,Ronny Mauricio (17466658),Ronny Mauricio,17466658,SS,2000,ARI@NYM 05/08/2021 07:10PM ET,NYM,0
OF,Seth Beer (17466668),Seth Beer,17466668,OF,2000,ARI@NYM 05/08/2021 07:10PM ET,ARI,0
C,David Rodriguez (17466671),David Rodriguez,17466671,C,2000,ARI@NYM 05/08/2021 07:10PM ET,NYM,0
C,Deivy Grullon (17466679),Deivy Grullon,17466679,C,2000,ARI@NYM 05/08/2021 07:10PM ET,NYM,0
OF,Jake McCarthy (17466687),Jake McCarthy,17466687,OF,2000,ARI@NYM 05/08/2021 07:10PM ET,ARI,0
C,Jamie Ritchie (17466691),Jamie Ritchie,17466691,C,2000,ARI@NYM 05/08/2021 07:10PM ET,ARI,0
1B/2B,Jake Hager (17466694),Jake Hager,17466694,1B/2B,2000,ARI@NYM 05/08/2021 07:10PM ET,NYM,0
OF,Trayce Thompson (17466700),Trayce Thompson,17466700,OF,2000,ARI@NYM 05/08/2021 07:10PM ET,ARI,0
3B/SS,Juniel Querecuto (17466709),Juniel Querecuto,17466709,3B/SS,2000,ARI@NYM 05/08/2021 07:10PM ET,ARI,0
3B,Brett Baty (17466715),Brett Baty,17466715,3B,2000,ARI@NYM 05/08/2021 07:10PM ET,NYM,0
3B,Drew Ellis (17466718),Drew Ellis,17466718,3B,2000,ARI@NYM 05/08/2021 07:10PM ET,ARI,0
OF,Stuart Fairchild (17466719),Stuart Fairchild,17466719,OF,2000,ARI@NYM 05/08/2021 07:10PM ET,ARI,0
OF,Pete Crow-Armstrong (17466738),Pete Crow-Armstrong,17466738,OF,2000,ARI@NYM 05/08/2021 07:10PM ET,NYM,0
OF,Corbin Carroll (17466741),Corbin Carroll,17466741,OF,2000,ARI@NYM 05/08/2021 07:10PM ET,ARI,0
3B/SS,Mark Vientos (17466756),Mark Vientos,17466756,3B/SS,2000,ARI@NYM 05/08/2021 07:10PM ET,NYM,0
OF,Khalil Lee (17466768),Khalil Lee,17466768,OF,2000,ARI@NYM 05/08/2021 07:10PM ET,NYM,0
OF,Drew Ferguson (17466774),Drew Ferguson,17466774,OF,2000,ARI@NYM 05/08/2021 07:10PM ET,NYM,0
C,Francisco Alvarez (17466777),Francisco Alvarez,17466777,C,2000,ARI@NYM 05/08/2021 07:10PM ET,NYM,0
SS,Domingo Leyba (17466778),Domingo Leyba,17466778,SS,2000,ARI@NYM 05/08/2021 07:10PM ET,ARI,0
SS,Wilfredo Tovar (17466781),Wilfredo Tovar,17466781,SS,2000,ARI@NYM 05/08/2021 07:10PM ET,NYM,0
OF,Cesar Puello (17466609),Cesar Puello,17466609,OF,2000,BOS@BAL 05/08/2021 07:05PM ET,BOS,0
1B,Chris Davis (17466613),Chris Davis,17466613,1B,2000,BOS@BAL 05/08/2021 07:05PM ET,BAL,0
OF,Michael Gettys (17466640),Michael Gettys,17466640,OF,2000,BOS@BAL 05/08/2021 07:05PM ET,BOS,0
SS,Jordan Westburg (17466642),Jordan Westburg,17466642,SS,2000,BOS@BAL 05/08/2021 07:05PM ET,BAL,0
1B/C,Taylor Davis (17466645),Taylor Davis,17466645,C/1B,2000,BOS@BAL 05/08/2021 07:05PM ET,BAL,0
C,Nick Ciuffo (17466650),Nick Ciuffo,17466650,C,2000,BOS@BAL 05/08/2021 07:05PM ET,BAL,0
3B,Rylan Bannon (17466655),Rylan Bannon,17466655,3B,2000,BOS@BAL 05/08/2021 07:05PM ET,BAL,0
OF,Gilberto Jimenez (17466656),Gilberto Jimenez,17466656,OF,2000,BOS@BAL 05/08/2021 07:05PM ET,BOS,0
OF,Jeisson Rosario (17466660),Jeisson Rosario,17466660,OF,2000,BOS@BAL 05/08/2021 07:05PM ET,BOS,0
OF,Marcus Wilson (17466669),Marcus Wilson,17466669,OF,2000,BOS@BAL 05/08/2021 07:05PM ET,BOS,0
C,Ronaldo Hernandez (17466672),Ronaldo Hernandez,17466672,C,2000,BOS@BAL 05/08/2021 07:05PM ET,BOS,0
2B,Nick Yorke (17466680),Nick Yorke,17466680,2B,2000,BOS@BAL 05/08/2021 07:05PM ET,BOS,0
SS,Richie Martin (17466685),Richie Martin,17466685,SS,2000,BOS@BAL 05/08/2021 07:05PM ET,BAL,0
3B/SS,Seth Mejias-Brean (17466688),Seth Mejias-Brean,17466688,3B/SS,2000,BOS@BAL 05/08/2021 07:05PM ET,BAL,0
SS,Jeter Downs (17466690),Jeter Downs,17466690,SS,2000,BOS@BAL 05/08/2021 07:05PM ET,BOS,0
C,Adley Rutschman (17466692),Adley Rutschman,17466692,C,2000,BOS@BAL 05/08/2021 07:05PM ET,BAL,0
1B,Stevie Wilkerson (17466699),Stevie Wilkerson,17466699,1B,2000,BOS@BAL 05/08/2021 07:05PM ET,BAL,0
SS,Terrin Vavra (17466707),Terrin Vavra,17466707,SS,2000,BOS@BAL 05/08/2021 07:05PM ET,BAL,0
OF,Jarren Duran (17466713),Jarren Duran,17466713,OF,2000,BOS@BAL 05/08/2021 07:05PM ET,BOS,0
C,Jett Bandy (17466716),Jett Bandy,17466716,C,2000,BOS@BAL 05/08/2021 07:05PM ET,BOS,0
C,Connor Wong (17466720),Connor Wong,17466720,C,2000,BOS@BAL 05/08/2021 07:05PM ET,BOS,0
1B,Josh Ockimey (17466723),Josh Ockimey,17466723,1B,2000,BOS@BAL 05/08/2021 07:05PM ET,BOS,0
OF,Yusniel Diaz (17466729),Yusniel Diaz,17466729,OF,2000,BOS@BAL 05/08/2021 07:05PM ET,BAL,0
SS,Gunnar Henderson (17466731),Gunnar Henderson,17466731,SS,2000,BOS@BAL 05/08/2021 07:05PM ET,BAL,0
SS,Adam Hall (17466739),Adam Hall,17466739,SS,2000,BOS@BAL 05/08/2021 07:05PM ET,BAL,0
C,Austin Wynns (17466758),Austin Wynns,17466758,C,2000,BOS@BAL 05/08/2021 07:05PM ET,BAL,0
1B/3B,Tyler Nevin (17466760),Tyler Nevin,17466760,1B/3B,2000,BOS@BAL 05/08/2021 07:05PM ET,BAL,0
3B,Triston Casas (17466765),Triston Casas,17466765,3B,2000,BOS@BAL 05/08/2021 07:05PM ET,BOS,0
C,Chris Herrmann (17466769),Chris Herrmann,17466769,C,2000,BOS@BAL 05/08/2021 07:05PM ET,BOS,0
1B,Chris Shaw (17466773),Chris Shaw,17466773,1B,2000,BOS@BAL 05/08/2021 07:05PM ET,BAL,0
2B/3B,Robel Garcia (17466515),Robel Garcia,17466515,2B/3B,2000,TOR@HOU 05/08/2021 07:10PM ET,HOU,1.2
OF,Logan Warmoth (17466643),Logan Warmoth,17466643,OF,2000,TOR@HOU 05/08/2021 07:10PM ET,TOR,0
1B,Tyler White (17466644),Tyler White,17466644,1B,2000,TOR@HOU 05/08/2021 07:10PM ET,TOR,0
SS,Orelvis Martinez (17466647),Orelvis Martinez,17466647,SS,2000,TOR@HOU 05/08/2021 07:10PM ET,TOR,0
3B,Miguel Hiraldo (17466661),Miguel Hiraldo,17466661,3B,2000,TOR@HOU 05/08/2021 07:10PM ET,TOR,0
SS,Jeremy Pena (17466662),Jeremy Pena,17466662,SS,2000,TOR@HOU 05/08/2021 07:10PM ET,HOU,0
C,Juan Graterol (17466665),Juan Graterol,17466665,C,2000,TOR@HOU 05/08/2021 07:10PM ET,TOR,0
C,Korey Lee (17466670),Korey Lee,17466670,C,2000,TOR@HOU 05/08/2021 07:10PM ET,HOU,0
OF,Jake Meyers (17466673),Jake Meyers,17466673,OF,2000,TOR@HOU 05/08/2021 07:10PM ET,HOU,0
SS,Grae Kessinger (17466677),Grae Kessinger,17466677,SS,2000,TOR@HOU 05/08/2021 07:10PM ET,HOU,0
C,Garrett Stubbs (17466684),Garrett Stubbs,17466684,C,2000,TOR@HOU 05/08/2021 07:10PM ET,HOU,0
C,Colton Shaver (17466697),Colton Shaver,17466697,C,2000,TOR@HOU 05/08/2021 07:10PM ET,HOU,0
SS,Richard Urena (17466704),Richard Urena,17466704,SS,2000,TOR@HOU 05/08/2021 07:10PM ET,TOR,0
3B,Kevin Smith (17466727),Kevin Smith,17466727,3B,2000,TOR@HOU 05/08/2021 07:10PM ET,TOR,0
2B,Leonardo Jimenez (17466728),Leonardo Jimenez,17466728,2B,2000,TOR@HOU 05/08/2021 07:10PM ET,TOR,0
OF,Colin Barber (17466730),Colin Barber,17466730,OF,2000,TOR@HOU 05/08/2021 07:10PM ET,HOU,0
2B,Freudis Nova (17466732),Freudis Nova,17466732,2B,2000,TOR@HOU 05/08/2021 07:10PM ET,HOU,0
OF,Zach Daniels (17466735),Zach Daniels,17466735,OF,2000,TOR@HOU 05/08/2021 07:10PM ET,HOU,0
SS,Otto Lopez (17466740),Otto Lopez,17466740,SS,2000,TOR@HOU 05/08/2021 07:10PM ET,TOR,0
C,Michael Papierski (17466743),Michael Papierski,17466743,C,2000,TOR@HOU 05/08/2021 07:10PM ET,HOU,0
1B,Breyvic Valera (17466747),Breyvic Valera,17466747,1B,2000,TOR@HOU 05/08/2021 07:10PM ET,TOR,0
C,Gabriel Moreno (17466753),Gabriel Moreno,17466753,C,2000,TOR@HOU 05/08/2021 07:10PM ET,TOR,0
3B,Jordan Groshans (17466754),Jordan Groshans,17466754,3B,2000,TOR@HOU 05/08/2021 07:10PM ET,TOR,0
C,Riley Adams (17466759),Riley Adams,17466759,C,2000,TOR@HOU 05/08/2021 07:10PM ET,TOR,0
OF,Forrest Wall (17466767),Forrest Wall,17466767,OF,2000,TOR@HOU 05/08/2021 07:10PM ET,TOR,0
3B,Austin Martin (17466771),Austin Martin,17466771,3B,2000,TOR@HOU 05/08/2021 07:10PM ET,TOR,0
OF,Jose Siri (17466783),Jose Siri,17466783,OF,2000,TOR@HOU 05/08/2021 07:10PM ET,HOU,0
C,Sebastian Rivero (17466517),Sebastian Rivero,17466517,C,2000,CWS@KC 05/08/2021 07:10PM ET,KC,0
OF,Kyle Isbel (17466619),Kyle Isbel,17466619,OF,2000,CWS@KC 05/08/2021 07:10PM ET,KC,4.75
3B,Kelvin Gutierrez (17466629),Kelvin Gutierrez,17466629,3B,2000,CWS@KC 05/08/2021 07:10PM ET,KC,0
OF,Edward Olivares (17466631),Edward Olivares,17466631,OF,2000,CWS@KC 05/08/2021 07:10PM ET,KC,0
C,Cam Gallagher (17466632),Cam Gallagher,17466632,C,2000,CWS@KC 05/08/2021 07:10PM ET,KC,1.11
OF,Nick Williams (17466637),Nick Williams,17466637,OF,2000,CWS@KC 05/08/2021 07:10PM ET,CWS,2.5
OF,Bubba Starling (17466639),Bubba Starling,17466639,OF,2000,CWS@KC 05/08/2021 07:10PM ET,KC,0
OF,Seuly Matias (17466663),Seuly Matias,17466663,OF,2000,CWS@KC 05/08/2021 07:10PM ET,KC,0
SS,Yolbert Sanchez (17466664),Yolbert Sanchez,17466664,SS,2000,CWS@KC 05/08/2021 07:10PM ET,CWS,0
OF,Erick Pena (17466666),Erick Pena,17466666,OF,2000,CWS@KC 05/08/2021 07:10PM ET,KC,0
SS,Tim Beckham (17466667),Tim Beckham,17466667,SS,2000,CWS@KC 05/08/2021 07:10PM ET,CWS,0
SS,Nick Loftin (17466681),Nick Loftin,17466681,SS,2000,CWS@KC 05/08/2021 07:10PM ET,KC,0
OF,Micker Adolfo (17466686),Micker Adolfo,17466686,OF,2000,CWS@KC 05/08/2021 07:10PM ET,CWS,0
C,Seby Zavala (17466711),Seby Zavala,17466711,C,2000,CWS@KC 05/08/2021 07:10PM ET,CWS,0
3B,Jake Burger (17466712),Jake Burger,17466712,3B,2000,CWS@KC 05/08/2021 07:10PM ET,CWS,0
2B,Marco Hernandez (17466721),Marco Hernandez,17466721,2B,2000,CWS@KC 05/08/2021 07:10PM ET,CWS,0
C,MJ Melendez (17466722),MJ Melendez,17466722,C,2000,CWS@KC 05/08/2021 07:10PM ET,KC,0
C,Nick Dini (17466724),Nick Dini,17466724,C,2000,CWS@KC 05/08/2021 07:10PM ET,KC,0
3B,Emmanuel Rivera (17466733),Emmanuel Rivera,17466733,3B,2000,CWS@KC 05/08/2021 07:10PM ET,KC,0
2B,Bobby Witt Jr. (17466736),Bobby Witt Jr.,17466736,2B,2000,CWS@KC 05/08/2021 07:10PM ET,KC,0
SS,Jeison Guzman (17466745),Jeison Guzman,17466745,SS,2000,CWS@KC 05/08/2021 07:10PM ET,KC,0
1B,Nick Pratto (17466746),Nick Pratto,17466746,1B,2000,CWS@KC 05/08/2021 07:10PM ET,KC,0
OF,Blake Rutherford (17466762),Blake Rutherford,17466762,OF,2000,CWS@KC 05/08/2021 07:10PM ET,CWS,0
C,Freddy Fermin (17466764),Freddy Fermin,17466764,C,2000,CWS@KC 05/08/2021 07:10PM ET,KC,0
OF,Luis Gonzalez (17466770),Luis Gonzalez,17466770,OF,2000,CWS@KC 05/08/2021 07:10PM ET,CWS,0
SS,Lucius Fox (17466780),Lucius Fox,17466780,SS,2000,CWS@KC 05/08/2021 07:10PM ET,KC,0
OF,Mikie Mahtook (17466785),Mikie Mahtook,17466785,OF,2000,CWS@KC 05/08/2021 07:10PM ET,CWS,0
OF,Taylor Ward (17466511),Taylor Ward,17466511,OF,2000,LAD@LAA 05/08/2021 09:07PM ET,LAA,5.33
OF,Jon Jay (17466513),Jon Jay,17466513,OF,2000,LAD@LAA 05/08/2021 09:07PM ET,LAA,1
OF,Juan Lagares (17466514),Juan Lagares,17466514,OF,2000,LAD@LAA 05/08/2021 09:07PM ET,LAA,2.4
C,Jack Kruger (17466521),Jack Kruger,17466521,C,2000,LAD@LAA 05/08/2021 09:07PM ET,LAA,0
1B/3B,Edwin Rios (17466599),Edwin Rios,17466599,1B/3B,2000,LAD@LAA 05/08/2021 09:07PM ET,LAD,1.88
OF,Rangel Ravelo (17466601),Rangel Ravelo,17466601,OF,2000,LAD@LAA 05/08/2021 09:07PM ET,LAD,0
C,Anthony Bemboom (17466602),Anthony Bemboom,17466602,C,2000,LAD@LAA 05/08/2021 09:07PM ET,LAA,3.5
OF,Dexter Fowler (17466616),Dexter Fowler,17466616,OF,2000,LAD@LAA 05/08/2021 09:07PM ET,LAA,4.29
2B/3B,Luis Rengifo (17466617),Luis Rengifo,17466617,2B/3B,2000,LAD@LAA 05/08/2021 09:07PM ET,LAA,1.75
OF,Jo Adell (17466621),Jo Adell,17466621,OF,2000,LAD@LAA 05/08/2021 09:07PM ET,LAA,0
2B/3B,Franklin Barreto (17466622),Franklin Barreto,17466622,2B/3B,2000,LAD@LAA 05/08/2021 09:07PM ET,LAA,0
OF,Scott Schebler (17466625),Scott Schebler,17466625,OF,2000,LAD@LAA 05/08/2021 09:07PM ET,LAA,2
SS,Elliot Soto (17466627),Elliot Soto,17466627,SS,2000,LAD@LAA 05/08/2021 09:07PM ET,LAD,0
OF,Steven Souza Jr. (17466628),Steven Souza Jr.,17466628,OF,2000,LAD@LAA 05/08/2021 09:07PM ET,LAD,0
OF,DJ Peters (17466638),DJ Peters,17466638,OF,2000,LAD@LAA 05/08/2021 09:07PM ET,LAD,0
2B,Andy Burns (17466648),Andy Burns,17466648,2B,2000,LAD@LAA 05/08/2021 09:07PM ET,LAD,0
2B,Kean Wong (17466651),Kean Wong,17466651,2B,2000,LAD@LAA 05/08/2021 09:07PM ET,LAA,0
OF,Andy Pages (17466659),Andy Pages,17466659,OF,2000,LAD@LAA 05/08/2021 09:07PM ET,LAD,0
SS,Livan Soto (17466682),Livan Soto,17466682,SS,2000,LAD@LAA 05/08/2021 09:07PM ET,LAA,0
SS,Omar Estevez (17466693),Omar Estevez,17466693,SS,2000,LAD@LAA 05/08/2021 09:07PM ET,LAD,0
OF,Jordyn Adams (17466696),Jordyn Adams,17466696,OF,2000,LAD@LAA 05/08/2021 09:07PM ET,LAA,0
OF,Zach Reks (17466703),Zach Reks,17466703,OF,2000,LAD@LAA 05/08/2021 09:07PM ET,LAD,0
2B,Michael Busch (17466717),Michael Busch,17466717,2B,2000,LAD@LAA 05/08/2021 09:07PM ET,LAD,0
2B,Devin Mann (17466734),Devin Mann,17466734,2B,2000,LAD@LAA 05/08/2021 09:07PM ET,LAD,0
OF,Brandon Marsh (17466748),Brandon Marsh,17466748,OF,2000,LAD@LAA 05/08/2021 09:07PM ET,LAA,0
C,Tim Federowicz (17466752),Tim Federowicz,17466752,C,2000,LAD@LAA 05/08/2021 09:07PM ET,LAD,0
3B,Kody Hoese (17466772),Kody Hoese,17466772,3B,2000,LAD@LAA 05/08/2021 09:07PM ET,LAD,0
SS,Jeremiah Jackson (17466779),Jeremiah Jackson,17466779,SS,2000,LAD@LAA 05/08/2021 09:07PM ET,LAA,0
OF,Brennon Lund (17466784),Brennon Lund,17466784,OF,2000,LAD@LAA 05/08/2021 09:07PM ET,LAA,0
SS,Jacob Amaya (17466786),Jacob Amaya,17466786,SS,2000,LAD@LAA 05/08/2021 09:07PM ET,LAD,0
3B,Miguel Vargas (17466787),Miguel Vargas,17466787,3B,2000,LAD@LAA 05/08/2021 09:07PM ET,LAD,0
OF,Leody Taveras (17466614),Leody Taveras,17466614,OF,2000,SEA@TEX 05/08/2021 07:05PM ET,TEX,2.4
1B,Sherten Apostel (17466615),Sherten Apostel,17466615,1B,2000,SEA@TEX 05/08/2021 07:05PM ET,TEX,0
OF,Braden Bishop (17466626),Braden Bishop,17466626,OF,2000,SEA@TEX 05/08/2021 07:05PM ET,SEA,0.71
1B/OF,Sam Travis (17466652),Sam Travis,17466652,1B/OF,2000,SEA@TEX 05/08/2021 07:05PM ET,SEA,0
3B,Josh Jung (17466683),Josh Jung,17466683,3B,2000,SEA@TEX 05/08/2021 07:05PM ET,TEX,0
C,Jose Godoy (17466701),Jose Godoy,17466701,C,2000,SEA@TEX 05/08/2021 07:05PM ET,SEA,0
C,Brian O'Keefe (17466705),Brian O'Keefe,17466705,C,2000,SEA@TEX 05/08/2021 07:05PM ET,SEA,0
OF,Jarred Kelenic (17466708),Jarred Kelenic,17466708,OF,2000,SEA@TEX 05/08/2021 07:05PM ET,SEA,0
SS,Jack Reinheimer (17466725),Jack Reinheimer,17466725,SS,2000,SEA@TEX 05/08/2021 07:05PM ET,SEA,0
2B,Justin Foscue (17466742),Justin Foscue,17466742,2B,2000,SEA@TEX 05/08/2021 07:05PM ET,TEX,0
OF,Bubba Thompson (17466744),Bubba Thompson,17466744,OF,2000,SEA@TEX 05/08/2021 07:05PM ET,TEX,0
1B/C,John Hicks (17466749),John Hicks,17466749,C/1B,2000,SEA@TEX 05/08/2021 07:05PM ET,TEX,0
3B,Davis Wendzel (17466751),Davis Wendzel,17466751,3B,2000,SEA@TEX 05/08/2021 07:05PM ET,TEX,0
OF,Julio Rodriguez (17466755),Julio Rodriguez,17466755,OF,2000,SEA@TEX 05/08/2021 07:05PM ET,SEA,0
C,David Garcia (17466766),David Garcia,17466766,C,2000,SEA@TEX 05/08/2021 07:05PM ET,TEX,0
C,Cal Raleigh (17466775),Cal Raleigh,17466775,C,2000,SEA@TEX 05/08/2021 07:05PM ET,SEA,0
OF,Steele Walker (17466776),Steele Walker,17466776,OF,2000,SEA@TEX 05/08/2021 07:05PM ET,TEX,0
3B,Jonathan Ornelas (17466788),Jonathan Ornelas,17466788,3B,2000,SEA@TEX 05/08/2021 07:05PM ET,TEX,0
