Rk,Name,Age,Tm,Lg,G,PA,AB,R,H,2B,3B,HR,RBI,SB,CS,BB,SO,BA,OBP,SLG,OPS,OPS+,TB,GDP,HBP,SH,SF,IBB,Pos Summary
1,Bryan Abreu\abreubr01,24,HOU,AL,1,0,0,0,0,0,0,0,0,0,0,0,0,,,,,,0,0,0,0,0,0,1
2,José Abreu\abreujo02,34,CHW,AL,38,162,137,22,35,5,1,8,33,1,0,16,42,.255,.346,.482,.827,133,66,4,5,0,4,0,*3/D
3,Ronald Acuna Jr.\acunaro01,23,ATL,NL,37,158,134,33,39,7,1,12,24,6,1,19,25,.291,.386,.627,1.013,164,84,0,3,0,2,1,*9/8H
4,Jason Adam\adamja01,29,CHC,NL,9,0,0,0,0,0,0,0,0,0,0,0,0,,,,,,0,0,0,0,0,0,/1
5,Willy Adames\adamewi01,25,TBR,AL,39,134,126,14,25,5,1,5,15,1,2,8,48,.198,.246,.373,.619,78,47,1,0,0,0,0,*6/H
6,Austin Adams\adamsau02,30,SDP,NL,15,0,0,0,0,0,0,0,0,0,0,0,0,,,,,,0,0,0,0,0,0,1
7,Matt Adams*\adamsma01,32,COL,NL,12,21,19,1,2,0,0,0,0,0,0,2,5,.105,.190,.105,.296,-19,2,1,0,0,0,0,/H3
8,Ehire Adrianza#\adriaeh01,31,ATL,NL,31,74,65,11,15,2,1,2,13,0,0,5,12,.231,.274,.385,.659,73,25,2,0,1,3,0,H/95468D
9,Jesus Aguilar\aguilje01,31,MIA,NL,38,153,131,18,37,8,0,9,32,0,0,18,24,.282,.366,.550,.916,151,72,3,1,0,3,3,*3/H
10,Nick Ahmed\ahmedni01,31,ARI,NL,33,119,110,9,20,4,0,1,5,2,1,8,27,.182,.237,.245,.483,33,27,4,0,1,0,0,*6/H
11,Keegan Akin*\akinke01,26,BAL,AL,1,0,0,0,0,0,0,0,0,0,0,0,0,,,,,,0,0,0,0,0,0,/1
12,Shogo Akiyama*\akiyash01,33,CIN,NL,10,23,22,2,6,0,0,0,2,0,1,1,3,.273,.304,.273,.577,54,6,0,0,0,0,0,/7H89
13,Hanser Alberto\alberha01,28,KCR,AL,33,81,79,6,18,5,2,0,5,0,1,0,11,.228,.238,.342,.579,59,27,0,1,1,0,0,5/H46D1
14,Ozzie Albies#\albieoz01,24,ATL,NL,39,166,148,22,35,12,2,6,18,2,0,14,25,.236,.307,.466,.773,102,69,0,2,0,2,0,*4
15,Jorge Alcala\alcaljo01,25,MIN,AL,1,0,0,0,0,0,0,0,0,0,0,0,0,,,,,,0,0,0,0,0,0,1
16,Sandy Alcantara\alcansa01,25,MIA,NL,9,17,16,0,1,0,0,0,0,0,0,1,13,.063,.118,.063,.180,-48,1,0,0,0,0,0,/1
17,Scott Alexander*\alexasc02,31,LAD,NL,11,0,0,0,0,0,0,0,0,0,0,0,0,,,,,,0,0,0,0,0,0,1
18,Jorge Alfaro\alfarjo01,28,MIA,NL,10,36,35,1,8,1,0,0,3,1,0,1,12,.229,.250,.257,.507,42,9,0,0,0,0,0,/2H
19,Anthony Alford\alforan01,26,PIT,NL,11,29,24,2,2,0,0,0,0,1,1,4,16,.083,.241,.083,.325,-5,2,1,1,0,0,0,/8H9
20,Austin Allen*\allenau01,27,OAK,AL,2,6,6,1,1,0,0,1,1,0,0,0,2,.167,.167,.667,.833,126,4,0,0,0,0,0,/2
21,Logan Allen\allenlo01,24,CLE,AL,1,1,1,0,0,0,0,0,0,0,0,0,1,.000,.000,.000,.000,-100,0,0,0,0,0,0,/1
22,Yency Almonte#\almonye01,27,COL,NL,15,1,1,0,0,0,0,0,0,0,0,0,1,.000,.000,.000,.000,-100,0,0,0,0,0,0,1
23,Albert Almora\almoral01,27,NYM,NL,20,22,21,1,1,0,0,0,0,0,0,1,8,.048,.091,.048,.139,-59,1,0,0,0,0,0,8H
24,Pete Alonso\alonspe01,26,NYM,NL,35,145,124,21,30,7,0,6,18,0,0,18,37,.242,.345,.444,.788,121,55,2,2,0,1,0,*3
25,Dan Altavilla\altavda01,28,SDP,NL,2,0,0,0,0,0,0,0,0,0,0,0,0,,,,,,0,0,0,0,0,0,/1
26,Jose Altuve\altuvjo01,31,HOU,AL,30,138,122,21,37,6,0,4,17,1,1,13,18,.303,.362,.451,.813,128,55,2,0,0,3,1,*4
27,Jose Alvarado*\alvarjo03,26,PHI,NL,14,0,0,0,0,0,0,0,0,0,0,0,0,,,,,,0,0,0,0,0,0,1
28,Jose Alvarez*\alvarjo02,32,SFG,NL,10,0,0,0,0,0,0,0,0,0,0,0,0,,,,,,0,0,0,0,0,0,1
29,Yordan Álvarez*\alvaryo01,24,HOU,AL,33,141,132,25,46,10,1,7,22,0,0,4,34,.348,.376,.598,.974,169,79,3,3,0,2,1,*D/H
30,Adbert Alzolay\alzolad01,26,CHC,NL,6,10,10,0,1,0,0,0,0,0,0,0,2,.100,.100,.100,.200,-43,1,0,0,0,0,0,/1
31,Brett Anderson*\anderbr04,33,MIL,NL,6,9,8,0,0,0,0,0,1,0,0,1,3,.000,.111,.000,.111,-66,0,2,0,0,0,0,/1
32,Brian Anderson\anderbr06,28,MIA,NL,28,110,103,7,21,4,0,2,10,2,0,7,32,.204,.255,.301,.556,54,31,1,0,0,0,1,*5/H
33,Chase Anderson\anderch01,33,PHI,NL,7,11,10,0,0,0,0,0,0,0,0,0,5,.000,.000,.000,.000,-100,0,0,0,1,0,0,/1
34,Ian Anderson\anderia01,23,ATL,NL,6,12,11,0,1,1,0,0,0,0,0,0,9,.091,.091,.182,.273,-30,2,0,0,1,0,0,/1
35,Tim Anderson\anderti01,28,CHW,AL,30,134,127,27,42,5,0,5,15,7,2,6,36,.331,.366,.488,.854,141,62,0,1,0,0,1,*6
36,Tyler Anderson*\anderty01,31,PIT,NL,7,16,16,0,2,0,0,0,0,0,0,0,12,.125,.125,.125,.250,-30,2,0,0,0,0,0,/1
37,John Andreoli\andrejo03,31,SDP,NL,7,7,6,2,1,1,0,0,0,0,0,1,3,.167,.286,.333,.619,77,2,0,0,0,0,0,/789H
38,Matt Andriese\andrima01,31,BOS,AL,2,0,0,0,0,0,0,0,0,0,0,0,0,,,,,,0,0,0,0,0,0,1
39,Elvis Andrus\andruel01,32,OAK,AL,40,142,131,9,24,5,1,0,6,3,1,9,26,.183,.232,.237,.469,37,31,2,0,0,2,1,*6/H
40,Miguel Andujar\andujmi01,26,NYY,AL,7,25,25,2,3,0,0,0,0,0,0,0,5,.120,.120,.120,.240,-31,3,0,0,0,0,0,/573H
41,Tejay Antone\antonte01,27,CIN,NL,13,4,2,1,0,0,0,0,0,0,0,1,2,.000,.333,.000,.333,-2,0,0,0,1,0,0,1
42,Aristides Aquino\aquinar01,27,CIN,NL,10,14,13,2,3,1,0,2,3,0,0,1,5,.231,.286,.769,1.055,166,10,0,0,0,0,1,/H978
43,Jonathan Arauz#\arauzjo01,22,BOS,AL,4,10,8,2,2,1,0,0,1,0,0,2,3,.250,.400,.375,.775,118,3,1,0,0,0,0,/6H
44,Chris Archer\archech01,32,TBR,AL,1,0,0,0,0,0,0,0,0,0,0,0,0,,,,,,0,0,0,0,0,0,/1
45,Orlando Arcia\arciaor01,26,MIL,NL,4,11,11,0,1,0,0,0,1,0,0,0,3,.091,.091,.091,.182,-50,1,0,0,0,0,0,/56
46,Nolan Arenado\arenano01,30,STL,NL,41,173,160,23,48,13,1,9,28,0,0,12,22,.300,.353,.563,.915,155,90,6,1,0,0,2,*5
47,Shawn Armstrong\armstsh01,30,BAL,AL,2,0,0,0,0,0,0,0,0,0,0,0,0,,,,,,0,0,0,0,0,0,1
48,Randy Arozarena\arozara01,26,TBR,AL,38,164,143,21,37,6,0,4,16,4,0,16,50,.259,.354,.385,.738,117,55,3,5,0,0,0,*79/D8H
49,Luis Arraez*\arraelu01,24,MIN,AL,32,131,113,17,31,2,1,1,14,0,0,14,14,.274,.359,.336,.695,103,38,1,2,0,2,0,475/H
50,Jake Arrieta\arrieja01,35,CHC,NL,7,11,9,0,0,0,0,0,0,0,0,1,8,.000,.100,.000,.100,-69,0,0,0,1,0,0,/1H
51,Christian Arroyo\arroych01,26,BOS,AL,23,76,69,9,19,7,0,0,5,1,0,3,18,.275,.333,.377,.710,98,26,1,3,0,0,0,4/HD6
52,Willians Astudillo\astudwi01,29,MIN,AL,26,82,80,6,24,4,0,3,11,0,0,0,8,.300,.305,.463,.767,118,37,1,1,0,1,0,3/5241H
53,Alex Avila*\avilaal01,34,WSN,NL,9,34,27,0,4,2,1,0,3,0,0,6,9,.148,.324,.296,.620,77,8,2,1,0,0,0,/2
54,Luis Avilan*\avilalu01,31,WSN,NL,4,0,0,0,0,0,0,0,0,0,0,0,0,,,,,,0,0,0,0,0,0,/1
55,Akil Baddoo*\baddoak01,22,DET,AL,31,97,86,10,19,5,3,4,16,3,0,9,37,.221,.289,.488,.777,115,42,0,0,0,2,0,*78/9HD
56,Harrison Bader\baderha01,27,STL,NL,16,61,53,6,15,1,0,4,9,2,1,7,8,.283,.361,.528,.889,149,28,1,0,0,1,5,8
57,Javier Baez\baezja01,28,CHC,NL,35,142,131,21,34,4,1,9,27,6,0,4,54,.260,.298,.511,.809,123,67,1,4,0,2,1,*6/H
58,Caleb Baragar\baragca01,27,SFG,NL,16,0,0,0,0,0,0,0,0,0,0,0,0,,,,,,0,0,0,0,0,0,1
59,Daniel Bard\bardda01,36,COL,NL,15,0,0,0,0,0,0,0,0,0,0,0,0,,,,,,0,0,0,0,0,0,1
60,Scott Barlow\barlosc01,28,KCR,AL,1,0,0,0,0,0,0,0,0,0,0,0,0,,,,,,0,0,0,0,0,0,1
61,Austin Barnes\barneau01,31,LAD,NL,22,71,59,6,14,3,0,0,8,0,0,11,14,.237,.366,.288,.654,87,17,3,1,0,0,0,2/H4D
62,Jacob Barnes\barneja01,31,NYM,NL,9,0,0,0,0,0,0,0,0,0,0,0,0,,,,,,0,0,0,0,0,0,1
63,Matt Barnes\barnema01,31,BOS,AL,2,0,0,0,0,0,0,0,0,0,0,0,0,,,,,,0,0,0,0,0,0,1
64,Tucker Barnhart*\barnhtu01,30,CIN,NL,32,107,97,19,29,8,0,3,14,0,0,8,37,.299,.364,.474,.839,120,46,2,2,0,0,0,*2/H3
65,Tres Barrera\barretr01,26,WSN,NL,1,2,2,0,0,0,0,0,0,0,0,0,1,.000,.000,.000,.000,-100,0,0,0,0,0,0,/2
66,Joey Bart\bartjo01,24,SFG,NL,1,1,1,0,0,0,0,0,0,0,0,0,0,.000,.000,.000,.000,-100,0,0,0,0,0,0,/H
67,Anthony Bass\bassan01,33,MIA,NL,17,0,0,0,0,0,0,0,0,0,0,0,0,,,,,,0,0,0,0,0,0,1
68,Chris Bassitt\bassich01,32,OAK,AL,1,2,2,0,0,0,0,0,0,0,0,0,2,.000,.000,.000,.000,-100,0,0,0,0,0,0,/1
69,Trevor Bauer\bauertr01,30,LAD,NL,7,18,14,0,0,0,0,0,1,0,0,1,6,.000,.067,.000,.067,-79,0,0,0,3,0,0,/1
70,Jake Bauers*\bauerja01,25,CLE,AL,32,80,71,4,14,3,0,1,5,0,1,8,21,.197,.278,.282,.560,58,20,0,0,0,0,1,*3/H
71,Matt Beaty*\beatyma01,28,LAD,NL,29,63,53,9,17,2,0,1,18,0,0,7,10,.321,.429,.415,.844,138,22,0,3,0,0,0,H/793D
72,David Bednar*\bednada01,26,PIT,NL,16,0,0,0,0,0,0,0,0,0,0,0,0,,,,,,0,0,0,0,0,0,1
73,Cam Bedrosian\bedroca01,29,CIN,NL,6,0,0,0,0,0,0,0,0,0,0,0,0,,,,,,0,0,0,0,0,0,/1
74,Josh Bell#\belljo02,28,WSN,NL,27,109,99,21,17,5,0,4,15,0,0,8,30,.172,.239,.343,.582,62,34,2,1,0,1,0,3/DH
75,Cody Bellinger*\bellico01,25,LAD,NL,4,21,19,2,4,1,1,0,2,0,0,2,5,.211,.286,.368,.654,82,7,0,0,0,0,0,/8
76,Brandon Belt*\beltbr01,33,SFG,NL,37,125,103,17,24,3,0,8,21,2,1,20,40,.233,.360,.495,.855,140,51,3,1,0,1,0,*3/H
77,Anthony Bemboom*\bemboan01,31,LAA,AL,6,20,19,1,5,0,0,0,1,0,0,1,6,.263,.300,.263,.563,59,5,1,0,0,0,0,/271
78,Anthony Bender\bendean01,26,MIA,NL,5,0,0,0,0,0,0,0,0,0,0,0,0,,,,,,0,0,0,0,0,0,/1
79,Andrew Benintendi*\beninan01,26,KCR,AL,37,153,138,19,39,5,0,3,11,5,4,14,29,.283,.346,.384,.730,104,53,2,0,0,1,0,*7
80,Travis Bergen*\bergetr01,27,TOR,AL,1,0,0,0,0,0,0,0,0,0,0,0,0,,,,,,0,0,0,0,0,0,/1
81,Jose Berrios\berrijo01,27,MIN,AL,1,2,2,0,0,0,0,0,0,0,0,0,2,.000,.000,.000,.000,-100,0,0,0,0,0,0,/1
82,Jon Berti\bertijo01,31,MIA,NL,35,106,90,13,15,4,1,2,8,1,2,14,25,.167,.283,.300,.583,63,27,3,1,0,1,0,54/H786
83,Dellin Betances\betande01,33,NYM,NL,1,0,0,0,0,0,0,0,0,0,0,0,0,,,,,,0,0,0,0,0,0,/1
84,Alec Bettinger\bettial01,25,MIL,NL,2,1,1,0,0,0,0,0,0,0,0,0,1,.000,.000,.000,.000,-100,0,0,0,0,0,0,/1
85,Mookie Betts\bettsmo01,28,LAD,NL,34,165,139,22,35,13,0,4,14,5,2,21,25,.252,.364,.432,.795,122,60,0,4,0,1,1,*98
86,Bo Bichette\bichebo01,23,TOR,AL,39,172,160,33,44,8,0,9,25,7,0,9,46,.275,.320,.494,.814,125,79,5,2,0,1,0,*6/D
87,Phil Bickford\bickfph01,25,MIL,NL,1,0,0,0,0,0,0,0,0,0,0,0,0,,,,,,0,0,0,0,0,0,/1
88,Jesse Biddle*\biddlje01,29,ATL,NL,8,0,0,0,0,0,0,0,0,0,0,0,0,,,,,,0,0,0,0,0,0,/1
89,Shane Bieber\biebesh01,26,CLE,AL,1,3,3,0,0,0,0,0,0,0,0,0,1,.000,.000,.000,.000,-100,0,0,0,0,0,0,/1
90,Brandon Bielak*\bielabr01,25,HOU,AL,1,0,0,0,0,0,0,0,0,0,0,0,0,,,,,,0,0,0,0,0,0,/1
91,Cavan Biggio*\biggica01,26,TOR,AL,35,136,112,14,24,3,1,3,10,2,1,20,40,.214,.336,.339,.675,92,38,2,1,1,1,1,5/9H34D
92,Braden Bishop\bishobr01,27,SEA,AL,8,5,4,1,1,0,0,0,0,0,0,0,2,.250,.250,.250,.500,47,1,0,0,1,0,0,/7H
93,Charlie Blackmon*\blackch02,34,COL,NL,38,143,125,14,30,7,0,2,21,0,0,15,19,.240,.336,.344,.680,80,43,1,3,0,0,1,*9/H
94,Alex Blandino\blandal01,28,CIN,NL,30,54,43,7,10,3,0,0,5,1,0,8,16,.233,.389,.302,.691,86,13,0,3,0,0,0,H/35471
95,Travis Blankenhorn*\blanktr01,24,MIN,AL,1,0,0,1,0,0,0,0,0,0,0,0,0,,,,,,0,0,0,0,0,0,/4H
96,Richard Bleier*\bleieri01,34,MIA,NL,17,1,0,0,0,0,0,0,0,0,0,0,0,,,,,,0,0,0,1,0,0,1
97,Xander Bogaerts\bogaexa01,28,BOS,AL,40,166,151,24,52,13,0,9,26,2,0,13,28,.344,.404,.609,1.013,177,92,3,2,0,0,1,*6/D
98,Alec Bohm\bohmal01,24,PHI,NL,41,164,152,17,34,6,0,4,22,3,0,8,43,.224,.256,.342,.598,66,52,10,0,0,4,0,*5/3H
99,Skye Bolt#\boltsk01,27,SFG,NL,2,1,1,0,0,0,0,0,0,0,0,0,1,.000,.000,.000,.000,-100,0,0,0,0,0,0,/7H
100,David Bote\boteda01,28,CHC,NL,38,123,110,8,20,5,0,2,16,0,1,9,29,.182,.254,.282,.536,51,31,3,2,1,1,0,45/HD
101,Ben Bowden*\bowdebe01,26,COL,NL,15,0,0,0,0,0,0,0,0,0,0,0,0,,,,,,0,0,0,0,0,0,1
102,Brad Boxberger\boxbebr01,33,MIL,NL,16,0,0,0,0,0,0,0,0,0,0,0,0,,,,,,0,0,0,0,0,0,1
103,Archie Bradley\bradlar01,28,PHI,NL,4,0,0,0,0,0,0,0,0,0,0,0,0,,,,,,0,0,0,0,0,0,/1
104,Jackie Bradley Jr.*\bradlja02,31,MIL,NL,36,140,128,13,20,3,2,3,6,2,1,6,44,.156,.229,.281,.510,39,36,1,6,0,0,0,*8/79H
105,Michael Brantley*\brantmi02,34,HOU,AL,35,148,138,22,41,13,1,3,11,0,0,8,18,.297,.338,.471,.809,125,65,5,1,0,1,0,*7/D
106,Alex Bregman\bregmal01,27,HOU,AL,34,147,132,22,41,7,0,5,22,0,0,14,23,.311,.381,.477,.858,140,63,5,1,0,0,3,*5
107,Jake Brentz*\brentja01,26,KCR,AL,2,0,0,0,0,0,0,0,0,0,0,0,0,,,,,,0,0,0,0,0,0,1
108,Lewis Brinson\brinsle01,27,MIA,NL,24,59,58,3,13,2,0,2,5,0,0,1,18,.224,.237,.362,.599,64,21,2,0,0,0,0,8/H79
109,Connor Brogdon\brogdco01,26,PHI,NL,16,0,0,0,0,0,0,0,0,0,0,0,0,,,,,,0,0,0,0,0,0,1
110,Mike Brosseau\brossmi01,27,TBR,AL,30,90,84,12,13,4,0,3,9,0,0,4,33,.155,.211,.310,.521,50,26,1,2,0,0,0,4/53H79
111,Rex Brothers*\brothre01,33,CHC,NL,15,0,0,0,0,0,0,0,0,0,0,0,0,,,,,,0,0,0,0,0,0,1
112,Seth Brown*\brownse01,28,OAK,AL,30,84,76,12,16,3,0,5,13,0,0,8,20,.211,.286,.447,.733,109,34,1,0,0,0,0,9/7H3D
113,JT Brubaker\brubajt01,27,PIT,NL,6,11,9,0,2,0,0,0,3,0,0,1,5,.222,.300,.222,.522,48,2,0,0,1,0,0,/1
114,Jay Bruce*\bruceja01,34,NYY,AL,10,39,34,3,4,1,0,1,3,0,0,5,13,.118,.231,.235,.466,34,8,2,0,0,0,0,3
115,Kris Bryant\bryankr01,29,CHC,NL,38,158,136,31,41,14,0,10,25,1,1,19,39,.301,.392,.625,1.017,181,85,2,2,0,1,1,57/893H
116,Walker Buehler\buehlwa01,26,LAD,NL,8,19,18,0,1,0,0,0,0,0,0,0,11,.056,.056,.056,.111,-69,1,0,0,1,0,0,/1
117,J.B. Bukauskas\bukaujb01,24,ARI,NL,11,0,0,0,0,0,0,0,0,0,0,0,0,,,,,,0,0,0,0,0,0,1
118,Madison Bumgarner\bumgama01,31,ARI,NL,10,20,15,1,2,1,0,0,1,0,0,3,10,.133,.300,.200,.500,41,3,0,1,0,1,0,/1H
119,Corbin Burnes\burneco01,26,MIL,NL,6,13,12,1,3,0,0,0,2,0,0,0,6,.250,.250,.250,.500,38,3,0,0,1,0,0,/1
120,Drew Butera\buterdr01,37,LAA,AL,6,20,17,1,2,1,0,0,4,0,0,0,9,.118,.111,.176,.288,-22,3,0,0,2,1,0,/2
121,Byron Buxton\buxtoby01,27,MIN,AL,24,98,92,19,34,10,0,9,17,5,0,4,23,.370,.408,.772,1.180,231,71,0,2,0,0,0,8
122,Asdrubal Cabrera#\cabreas01,35,ARI,NL,34,135,114,18,33,9,0,4,18,1,0,19,25,.289,.393,.474,.866,137,54,0,1,0,1,1,*5/3H1
123,Genesis Cabrera*\cabrege01,24,STL,NL,19,0,0,0,0,0,0,0,0,0,0,0,0,,,,,,0,0,0,0,0,0,1
124,Miguel Cabrera\cabremi01,38,DET,AL,26,106,94,5,17,1,0,2,10,0,0,12,27,.181,.274,.255,.529,52,24,5,0,0,0,0,3D
125,Trevor Cahill\cahiltr01,33,PIT,NL,6,8,8,0,1,0,0,0,0,0,0,0,3,.125,.125,.125,.250,-30,1,0,0,0,0,0,/1
126,Lorenzo Cain\cainlo01,35,MIL,NL,20,74,63,14,14,2,0,3,8,3,0,10,14,.222,.338,.397,.735,101,25,1,1,0,0,0,8/H
127,Kole Calhoun*\calhoko01,33,ARI,NL,13,51,48,6,14,3,0,2,5,1,0,3,13,.292,.333,.479,.812,120,23,1,0,0,0,0,9/H
128,Willie Calhoun*\calhowi01,26,TEX,AL,25,103,94,12,27,3,0,5,11,0,0,8,14,.287,.350,.479,.828,130,45,2,1,0,0,0,D7/H
129,Johan Camargo#\camarjo01,27,ATL,NL,11,14,13,0,0,0,0,0,0,0,0,1,5,.000,.071,.000,.071,-79,0,0,0,0,0,0,H/345D
130,Paul Campbell*\campbpa02,25,MIA,NL,5,2,2,0,0,0,0,0,0,0,0,0,2,.000,.000,.000,.000,-100,0,0,0,0,0,0,/1
131,Luis Campusano\campulu01,22,SDP,NL,11,38,34,0,3,0,0,0,1,0,0,4,11,.088,.184,.088,.272,-18,3,2,0,0,0,0,/2H
132,Jeimer Candelario#\candeje01,27,DET,AL,39,161,144,19,41,6,0,3,13,0,0,16,40,.285,.360,.389,.749,113,56,3,1,0,0,0,*5/D
133,Mark Canha\canhama01,32,OAK,AL,41,179,150,32,37,6,1,7,11,6,1,20,35,.247,.369,.440,.809,134,66,2,9,0,0,0,*7/8D93H
134,Victor Caratini#\caratvi01,27,SDP,NL,30,99,85,10,21,4,0,3,19,1,0,12,28,.247,.343,.400,.743,113,34,5,1,0,1,1,*2/H
135,Dylan Carlson#\carlsdy01,22,STL,NL,41,164,139,24,39,7,2,3,17,0,0,18,42,.281,.372,.424,.796,126,59,3,4,0,3,1,*89/H
136,Matt Carpenter*\carpema01,35,STL,NL,37,78,64,7,7,0,0,3,10,0,0,11,25,.109,.256,.250,.506,45,16,0,2,0,1,1,H4/31
137,Curt Casali\casalcu01,32,SFG,NL,20,59,50,3,5,1,0,0,5,0,0,9,16,.100,.237,.120,.357,6,6,1,0,0,0,0,2/H3
138,Daniel Castano*\castada01,26,MIA,NL,4,4,4,0,0,0,0,0,0,0,0,0,2,.000,.000,.000,.000,-100,0,0,0,0,0,0,/1
139,Ryan Castellani\castery01,25,COL,NL,1,1,1,0,0,0,0,0,0,0,0,0,0,.000,.000,.000,.000,-100,0,0,0,0,0,0,/1
140,Nick Castellanos\casteni01,29,CIN,NL,35,156,142,29,47,10,1,10,25,1,0,13,29,.331,.391,.627,1.018,163,89,2,1,0,0,0,*9
141,Diego Castillo\castidi01,27,TBR,AL,2,0,0,0,0,0,0,0,0,0,0,0,0,,,,,,0,0,0,0,0,0,1
142,Ivan Castillo#\castiiv01,26,SDP,NL,3,4,3,0,1,0,0,0,1,0,0,1,0,.333,.500,.333,.833,146,1,0,0,0,0,0,/H45
143,Luis Castillo\castilu02,28,CIN,NL,7,11,9,1,2,1,0,0,0,0,0,1,3,.222,.300,.333,.633,67,3,0,0,1,0,0,/1
144,Harold Castro*\castrha01,27,DET,AL,23,66,61,4,18,0,0,0,7,0,0,4,15,.295,.338,.295,.634,83,18,1,0,1,0,0,3/4H5768D1
145,Jason Castro*\castrja01,34,HOU,AL,16,50,39,8,9,3,0,2,7,0,0,9,14,.231,.388,.462,.849,139,18,2,1,1,0,0,2/H
146,Miguel Castro\castrmi01,26,NYM,NL,13,0,0,0,0,0,0,0,0,0,0,0,0,,,,,,0,0,0,0,0,0,1
147,Rodolfo Castro#\castrro01,22,PIT,NL,1,3,3,0,0,0,0,0,0,0,0,0,1,.000,.000,.000,.000,-100,0,0,0,0,0,0,/5
148,Starlin Castro\castrst01,31,WSN,NL,37,155,141,7,38,8,0,1,16,0,0,12,25,.270,.323,.348,.670,89,49,2,0,0,2,0,*5
149,Willi Castro#\castrwi01,24,DET,AL,34,137,127,14,26,2,2,2,10,1,0,7,42,.205,.263,.299,.562,60,38,1,3,0,0,0,46
150,Jake Cave*\caveja01,28,MIN,AL,31,93,84,8,14,5,0,1,2,1,0,6,35,.167,.239,.262,.501,45,22,0,2,1,0,0,*78/9DH
151,Dylan Cease\ceasedy01,25,CHW,AL,1,3,3,1,3,1,0,0,0,0,0,0,0,1.000,1.000,1.333,2.333,559,4,0,0,0,0,0,/1
152,Jhoulys Chacin\chacijh01,33,COL,NL,7,6,5,0,0,0,0,0,0,0,0,0,1,.000,.000,.000,.000,-100,0,0,0,1,0,0,/1
153,Andrew Chafin\chafian01,31,CHC,NL,18,0,0,0,0,0,0,0,0,0,0,0,0,,,,,,0,0,0,0,0,0,1
154,Yu Chang\changyu01,25,CLE,AL,24,55,52,5,7,2,0,0,5,0,0,3,13,.135,.182,.173,.355,0,9,1,0,0,0,0,3/H54
155,Matt Chapman\chapmma01,28,OAK,AL,42,168,142,17,32,4,2,5,18,1,0,22,56,.225,.327,.387,.715,107,55,3,1,0,3,0,*5/H
156,JT Chargois#\chargjt01,30,SEA,AL,1,0,0,0,0,0,0,0,0,0,0,0,0,,,,,,0,0,0,0,0,0,/1
157,Tyler Chatwood\chatwty01,31,TOR,AL,2,0,0,0,0,0,0,0,0,0,0,0,0,,,,,,0,0,0,0,0,0,1
158,Michael Chavis\chavimi01,25,BOS,AL,7,27,27,5,7,3,0,1,2,0,0,0,12,.259,.259,.481,.741,100,13,1,0,0,0,0,/43H
159,Jazz Chisholm*\chishja01,23,MIA,NL,22,85,74,12,22,4,1,4,7,8,0,9,27,.297,.376,.541,.917,152,40,0,1,0,1,0,4/6
160,Ji-Man Choi*\choiji01,30,TBR,AL,1,4,4,1,3,1,0,0,1,0,0,0,0,.750,.750,1.000,1.750,408,4,1,0,0,0,0,/3
161,Adam Cimber\cimbead01,30,MIA,NL,19,0,0,0,0,0,0,0,0,0,0,0,0,,,,,,0,0,0,0,0,0,1
162,Steve Cishek\cishest01,35,LAA,AL,1,0,0,0,0,0,0,0,0,0,0,0,0,,,,,,0,0,0,0,0,0,1
163,Taylor Clarke\clarkta01,28,ARI,NL,17,3,3,0,1,0,0,0,0,0,0,0,2,.333,.333,.333,.667,84,1,0,0,0,0,0,1
164,Emmanuel Clase\claseem01,23,CLE,AL,2,0,0,0,0,0,0,0,0,0,0,0,0,,,,,,0,0,0,0,0,0,1
165,Alex Claudio*\claudal01,29,LAA,AL,2,0,0,0,0,0,0,0,0,0,0,0,0,,,,,,0,0,0,0,0,0,1
166,Sam Clay*\claysa01,28,WSN,NL,13,0,0,0,0,0,0,0,0,0,0,0,0,,,,,,0,0,0,0,0,0,1
167,Garrett Cleavinger\cleavga01,27,LAD,NL,7,1,1,0,0,0,0,0,0,0,0,0,1,.000,.000,.000,.000,-100,0,0,0,0,0,0,/1
168,A.J. Cole\coleaj01,29,TOR,AL,1,0,0,0,0,0,0,0,0,0,0,0,0,,,,,,0,0,0,0,0,0,/1
169,Zack Collins*\colliza01,26,CHW,AL,19,62,54,7,11,4,0,2,6,0,0,8,18,.204,.306,.389,.695,97,21,1,0,0,0,0,2/DH
170,Alex Colome\colomal01,32,MIN,AL,2,0,0,0,0,0,0,0,0,0,0,0,0,,,,,,0,0,0,0,0,0,1
171,Michael Conforto*\confomi01,28,NYM,NL,33,135,113,10,26,6,0,2,13,0,0,18,27,.230,.356,.336,.692,98,38,3,4,0,0,0,*9
172,William Contreras\contrwi02,23,ATL,NL,12,44,38,8,10,1,1,3,9,0,0,5,12,.263,.364,.579,.943,146,22,1,1,0,0,0,2
173,Willson Contreras\contrwi01,29,CHC,NL,37,143,122,21,31,3,0,8,19,2,1,13,42,.254,.350,.475,.825,130,58,4,6,0,2,1,*2/H
174,Sam Coonrod\coonrsa01,28,PHI,NL,15,0,0,0,0,0,0,0,0,0,0,0,0,,,,,,0,0,0,0,0,0,1
175,Garrett Cooper\coopega03,30,MIA,NL,37,127,115,10,24,5,0,2,12,0,0,9,40,.209,.283,.304,.588,64,35,2,3,0,0,0,9/H3
176,Patrick Corbin*\corbipa01,31,WSN,NL,6,13,12,0,2,0,0,0,0,0,0,1,6,.167,.231,.167,.397,15,2,0,0,0,0,0,/1
177,Franchy Cordero*\cordefr02,26,BOS,AL,31,91,84,8,14,5,0,0,8,1,0,6,34,.167,.222,.226,.448,26,19,0,0,1,0,0,*7/HD
178,Carlos Correa\correca01,26,HOU,AL,39,167,151,26,39,8,0,6,19,0,0,14,28,.258,.323,.430,.754,110,65,7,1,0,1,0,*6
179,Will Craig\craigwi01,26,PIT,NL,4,16,15,2,3,0,0,1,1,0,0,1,8,.200,.250,.400,.650,77,6,0,0,0,0,1,/3
180,Brandon Crawford*\crawfbr01,34,SFG,NL,35,124,109,20,26,3,0,9,22,3,0,13,28,.239,.323,.514,.836,133,56,4,1,0,1,1,*6/H
181,J.P. Crawford*\crawfjp01,26,SEA,AL,42,154,139,18,34,6,0,1,14,1,2,14,26,.245,.318,.309,.628,85,43,3,1,0,0,0,*6
182,Stefan Crichton\crichst01,29,ARI,NL,15,0,0,0,0,0,0,0,0,0,0,0,0,,,,,,0,0,0,0,0,0,1
183,Kyle Crick*\crickky01,28,PIT,NL,10,0,0,0,0,0,0,0,0,0,0,0,0,,,,,,0,0,0,0,0,0,1
184,Nabil Crismatt\crismna01,26,SDP,NL,8,2,2,0,0,0,0,0,0,0,0,0,1,.000,.000,.000,.000,-100,0,0,0,0,0,0,/1
185,C.J. Cron\croncj01,31,COL,NL,29,109,93,17,27,4,0,5,15,0,0,14,27,.290,.394,.495,.889,133,46,1,2,0,0,0,*3/H
186,Jake Cronenworth*\croneja01,27,SDP,NL,42,179,156,26,46,8,1,3,11,3,1,17,24,.295,.373,.417,.790,127,65,4,3,1,1,2,*4/36H1
187,Wil Crowe\crowewi01,26,PIT,NL,4,6,4,0,1,0,0,0,0,0,0,1,3,.250,.400,.250,.650,86,1,0,0,1,0,0,/1
188,Nelson Cruz\cruzne02,40,MIN,AL,38,154,137,23,39,3,1,9,23,0,0,10,31,.285,.336,.518,.854,142,71,3,2,0,3,2,*D/H
189,Johnny Cueto\cuetojo01,35,SFG,NL,4,7,4,0,0,0,0,0,0,0,0,0,2,.000,.000,.000,.000,-100,0,0,0,3,0,0,/1
190,Charlie Culberson\culbech01,32,TEX,AL,29,96,88,8,24,6,0,3,11,2,0,6,27,.273,.319,.443,.762,111,39,1,0,2,0,1,*5/H476
191,John Curtiss\curtijo02,28,MIA,NL,16,2,2,0,0,0,0,0,0,0,0,0,1,.000,.000,.000,.000,-100,0,0,0,0,0,0,1
192,Travis d'Arnaud\darnatr01,32,ATL,NL,23,87,82,5,18,4,0,2,11,0,0,4,20,.220,.253,.341,.594,56,28,4,0,0,1,0,2/DH
193,David Dahl*\dahlda01,27,TEX,AL,36,137,127,16,28,7,0,4,12,1,1,6,36,.220,.257,.370,.627,73,47,2,1,1,2,0,7D/H98
194,Bobby Dalbec\dalbebo01,26,BOS,AL,34,122,114,9,24,7,1,4,17,1,0,7,39,.211,.262,.395,.657,80,45,1,1,0,0,0,*3/H5
195,Yu Darvish\darviyu01,34,SDP,NL,9,20,20,1,1,1,0,0,0,0,0,0,10,.050,.050,.100,.150,-58,2,0,0,0,0,0,/1
196,Zach Davies\davieza02,28,CHC,NL,7,9,6,1,1,0,0,0,1,0,0,0,3,.167,.167,.167,.333,-5,1,0,0,3,0,0,/1
197,J.D. Davis\davisjd01,28,NYM,NL,14,48,41,5,16,3,0,2,7,0,0,4,15,.390,.479,.610,1.089,206,25,1,3,0,0,1,5/H
198,Jonathan Davis\davisjo05,29,TOR,AL,22,39,33,8,5,1,0,1,2,2,1,4,10,.152,.282,.273,.555,58,9,0,2,0,0,0,8/HD
199,Khris Davis\daviskh01,33,TEX,AL,8,20,17,3,4,0,1,0,1,0,0,2,4,.235,.300,.353,.653,83,6,2,0,0,1,0,/DH7
200,Wade Davis\daviswa01,35,KCR,AL,1,0,0,0,0,0,0,0,0,0,0,0,0,,,,,,0,0,0,0,0,0,1
201,Ronnie Dawson*\dawsoro01,26,HOU,AL,3,6,5,2,1,0,0,0,0,0,0,1,0,.200,.333,.200,.533,56,1,1,0,0,0,0,/DH
202,Grant Dayton*\daytogr01,33,ATL,NL,9,0,0,0,0,0,0,0,0,0,0,0,0,,,,,,0,0,0,0,0,0,/1
203,Yonathan Daza\dazayo01,27,COL,NL,36,104,98,9,33,5,0,1,9,2,0,4,21,.337,.359,.418,.778,105,41,2,0,1,1,0,8H/97
204,Brett de Geus\degeubr01,23,TEX,AL,1,0,0,0,0,0,0,0,0,0,0,0,0,,,,,,0,0,0,0,0,0,1
205,Alex De Goti\degotal01,26,HOU,AL,2,7,6,2,2,0,0,0,1,0,0,1,2,.333,.429,.333,.762,120,2,0,0,0,0,0,/4
206,Jose De Leon\deleojo03,28,CIN,NL,9,5,4,0,1,0,0,0,1,0,0,0,2,.250,.250,.250,.500,33,1,0,0,1,0,0,/1
207,Enyel De Los Santos\delosen01,25,PHI,NL,3,0,0,0,0,0,0,0,0,0,0,0,0,,,,,,0,0,0,0,0,0,/1
208,Austin Dean\deanau01,27,STL,NL,18,34,27,4,6,2,0,1,7,0,0,5,9,.222,.324,.407,.731,107,11,0,0,0,2,0,H/79
209,Jacob deGrom*\degroja01,33,NYM,NL,6,15,15,4,7,1,0,0,2,0,0,0,4,.467,.467,.533,1.000,183,8,0,0,0,0,0,/1
210,Paul DeJong\dejonpa01,27,STL,NL,35,141,124,18,22,3,0,7,17,2,0,15,32,.177,.277,.371,.648,82,46,2,2,0,0,0,*6
211,Anthony DeSclafani\desclan01,31,SFG,NL,10,19,16,1,0,0,0,0,0,0,0,1,9,.000,.059,.000,.059,-81,0,0,0,2,0,0,/1H
212,Ross Detwiler\detwiro01,35,MIA,NL,16,1,1,0,0,0,0,0,0,0,0,0,1,.000,.000,.000,.000,-100,0,0,0,0,0,0,1
213,Chris Devenski\devench02,30,ARI,NL,8,0,0,0,0,0,0,0,0,0,0,0,0,,,,,,0,0,0,0,0,0,/1
214,Jose Devers*\deverjo01,21,MIA,NL,8,13,12,2,2,0,0,0,1,0,0,0,5,.167,.154,.167,.321,-11,2,0,0,0,1,0,/H46
215,Rafael Devers*\deverra01,24,BOS,AL,39,164,144,26,40,11,0,11,34,2,3,17,40,.278,.354,.583,.937,155,84,2,1,0,2,1,*5/D
216,Aledmys Díaz\diazal02,30,HOU,AL,25,88,81,10,22,6,0,1,12,0,0,3,15,.272,.330,.383,.712,100,31,3,4,0,0,1,/7453HD96
217,Edwin Diaz\diazed04,27,NYM,NL,15,0,0,0,0,0,0,0,0,0,0,0,0,,,,,,0,0,0,0,0,0,1
218,Elias Diaz\diazel01,30,COL,NL,22,71,65,5,8,2,0,0,3,0,0,5,19,.123,.183,.154,.337,-10,10,3,0,0,1,0,2/H
219,Isan Diaz*\diazis01,25,MIA,NL,16,53,44,3,6,0,0,2,8,0,0,6,12,.136,.250,.273,.523,46,12,0,1,0,1,3,4/H
220,Miguel Diaz\diazmi02,26,SDP,NL,3,1,1,0,0,0,0,0,0,0,0,0,1,.000,.000,.000,.000,-100,0,0,0,0,0,0,/1
221,Yandy Díaz\diazya01,29,TBR,AL,39,157,128,13,35,7,0,0,13,0,0,27,21,.273,.408,.328,.736,120,42,0,2,0,0,0,*3/5DH
222,Alex Dickerson*\dickeal01,31,SFG,NL,32,90,83,9,17,1,0,3,13,0,0,5,20,.205,.267,.325,.592,68,27,4,2,0,0,0,*7/H
223,Corey Dickerson*\dickeco01,32,MIA,NL,37,130,117,17,33,7,1,1,8,1,3,10,27,.282,.354,.385,.738,106,45,3,3,0,0,0,*7/H
224,Jake Diekman\diekmja01,34,OAK,AL,1,1,1,0,0,0,0,0,0,0,0,0,1,.000,.000,.000,.000,-100,0,0,0,0,0,0,1
225,Wilmer Difo#\difowi01,29,PIT,NL,30,61,59,5,14,2,2,1,6,0,0,2,19,.237,.262,.390,.652,78,23,0,0,0,0,0,H/5849
226,Randy Dobnak\dobnara01,26,MIN,AL,1,0,0,0,0,0,0,0,0,0,0,0,0,,,,,,0,0,0,0,0,0,/1
227,Josh Donaldson\donaljo02,35,MIN,AL,28,111,95,13,26,7,0,5,16,0,0,15,17,.274,.369,.505,.875,150,48,5,0,0,1,0,5/H
228,Sean Doolittle*\doolise01,34,CIN,NL,17,0,0,0,0,0,0,0,0,0,0,0,0,,,,,,0,0,0,0,0,0,1
229,Camilo Doval\dovalca01,23,SFG,NL,12,0,0,0,0,0,0,0,0,0,0,0,0,,,,,,0,0,0,0,0,0,1
230,Hunter Dozier\doziehu01,29,KCR,AL,33,124,115,10,16,4,2,5,14,1,1,9,37,.139,.202,.339,.541,47,39,5,0,0,0,0,59/7
231,Mauricio Dubon\dubonma01,26,SFG,NL,36,90,83,5,20,4,0,2,10,1,1,5,20,.241,.289,.361,.650,84,30,2,1,0,1,2,86/4H
232,Tyler Duffey\duffety01,30,MIN,AL,2,0,0,0,0,0,0,0,0,0,0,0,0,,,,,,0,0,0,0,0,0,1
233,Matt Duffy\duffyma01,30,CHC,NL,35,99,85,15,24,4,0,1,12,3,0,9,16,.282,.374,.365,.738,110,31,7,4,0,1,0,5H/3741
234,Steven Duggar*\duggast01,27,SFG,NL,16,40,36,5,9,2,1,1,4,0,0,4,13,.250,.325,.444,.769,116,16,2,0,0,0,0,8/H9
235,Justin Dunn\dunnju01,25,SEA,AL,1,1,1,0,0,0,0,0,0,0,0,0,1,.000,.000,.000,.000,-100,0,0,0,0,0,0,/1
236,Adam Duvall\duvalad01,32,MIA,NL,37,137,130,15,29,4,1,8,28,2,0,6,44,.223,.263,.454,.717,95,59,2,1,0,0,0,*97/8H
237,Jarrod Dyson*\dysonja01,36,KCR,AL,23,34,29,4,7,1,2,0,0,2,1,4,7,.241,.333,.414,.747,108,12,0,0,1,0,0,/9H8D7
238,Adam Eaton*\eatonad02,32,CHW,AL,33,134,114,19,25,6,1,4,22,1,0,13,33,.219,.321,.395,.715,103,45,3,4,3,0,0,*9/H
239,Tommy Edman#\edmanto01,26,STL,NL,41,184,170,20,45,6,2,2,6,7,1,12,19,.265,.321,.359,.679,93,61,1,2,0,0,0,*49/6
240,Carl Edwards Jr.\edwarca01,29,ATL,NL,1,0,0,0,0,0,0,0,0,0,0,0,0,,,,,,0,0,0,0,0,0,/1
241,Zach Eflin\eflinza01,27,PHI,NL,8,19,15,1,0,0,0,0,1,0,0,1,8,.000,.118,.000,.118,-63,0,0,1,2,0,0,/1
242,Seth Elledge\elledse01,25,STL,NL,3,0,0,0,0,0,0,0,0,0,0,0,0,,,,,,0,0,0,0,0,0,/1
243,Eduardo Escobar#\escobed01,32,ARI,NL,41,170,158,22,34,6,1,9,28,1,0,11,39,.215,.265,.437,.701,89,69,1,0,0,1,0,45/H6
244,Santiago Espinal\espinsa01,26,TOR,AL,16,31,30,6,9,2,1,0,2,1,0,1,3,.300,.323,.433,.756,111,13,1,0,0,0,0,5/HD
245,Paolo Espino\espinpa01,34,WSN,NL,7,2,2,0,0,0,0,0,0,0,0,0,1,.000,.000,.000,.000,-100,0,0,0,0,0,0,/1
246,Carlos Estevez\estevca01,28,COL,NL,10,0,0,0,0,0,0,0,0,0,0,0,0,,,,,,0,0,0,0,0,0,1
247,Phillip Evans\evansph01,28,PIT,NL,32,129,111,14,24,3,0,4,8,1,0,14,29,.216,.326,.351,.677,88,39,2,4,0,0,0,5/793HD1
248,Pete Fairbanks\fairbpe01,27,TBR,AL,2,0,0,0,0,0,0,0,0,0,0,0,0,,,,,,0,0,0,0,0,0,/1
249,Bailey Falter\falteba01,24,PHI,NL,1,0,0,0,0,0,0,0,0,0,0,0,0,,,,,,0,0,0,0,0,0,/1
250,Jeurys Familia\familje01,31,NYM,NL,13,0,0,0,0,0,0,0,0,0,0,0,0,,,,,,0,0,0,0,0,0,1
251,Johneshwy Fargas\fargajo01,26,NYM,NL,1,4,3,0,1,1,0,0,1,0,0,0,2,.333,.333,.667,1.000,175,2,0,0,1,0,0,/8
252,Kyle Farmer\farmeky01,30,CIN,NL,37,102,90,11,20,2,0,2,9,1,1,8,16,.222,.314,.311,.625,66,28,3,4,0,0,0,65/4H37
253,Erick Fedde\feddeer01,28,WSN,NL,7,10,7,0,0,0,0,0,0,0,0,1,5,.000,.125,.000,.125,-61,0,0,0,2,0,0,/1
254,Mario Feliciano\felicma01,22,MIL,NL,1,1,0,1,0,0,0,0,0,0,0,1,0,,1.000,,,,0,0,0,0,0,0,/H
255,Michael Feliz\felizmi01,28,TOT,NL,8,0,0,0,0,0,0,0,0,0,0,0,0,,,,,,0,0,0,0,0,0,/1
256,Michael Feliz\felizmi01,28,PIT,NL,7,0,0,0,0,0,0,0,0,0,0,0,0,,,,,,0,0,0,0,0,0,/1
257,Michael Feliz\felizmi01,28,CIN,NL,1,0,0,0,0,0,0,0,0,0,0,0,0,,,,,,0,0,0,0,0,0,/1
258,Junior Fernandez\fernaju01,24,STL,NL,1,0,0,0,0,0,0,0,0,0,0,0,0,,,,,,0,0,0,0,0,0,/1
259,J.P. Feyereisen\feyerjo01,28,MIL,NL,20,0,0,0,0,0,0,0,0,0,0,0,0,,,,,,0,0,0,0,0,0,1
260,Kyle Finnegan\finneky01,29,WSN,NL,15,0,0,0,0,0,0,0,0,0,0,0,0,,,,,,0,0,0,0,0,0,1
261,Jack Flaherty\flaheja01,25,STL,NL,8,19,14,2,2,0,0,1,2,0,0,2,6,.143,.250,.357,.607,70,5,0,0,3,0,0,/1
262,Aaron Fletcher*\fletcaa01,25,SEA,AL,1,0,0,0,0,0,0,0,0,0,0,0,0,,,,,,0,0,0,0,0,0,/1
263,David Fletcher\fletcda02,27,LAA,AL,37,168,160,21,40,4,0,0,13,2,0,5,20,.250,.271,.275,.546,53,44,2,0,2,1,0,*4/6
264,Bernardo Flores Jr.*\florebe01,25,STL,NL,1,0,0,0,0,0,0,0,0,0,0,0,0,,,,,,0,0,0,0,0,0,/1
265,Wilmer Flores\florewi01,29,SFG,NL,41,119,105,12,23,4,0,3,14,1,0,12,17,.219,.303,.343,.645,83,36,5,1,0,1,0,4H3/5D
266,Dylan Floro*\florody01,30,MIA,NL,20,0,0,0,0,0,0,0,0,0,0,0,0,,,,,,0,0,0,0,0,0,1
267,Mike Ford*\fordmi01,28,NYY,AL,16,52,44,4,4,0,0,2,4,0,0,8,16,.091,.231,.227,.458,32,10,1,0,0,0,1,3/H
268,Dexter Fowler#\fowlede01,35,LAA,AL,7,21,20,3,5,0,0,0,1,1,0,1,6,.250,.286,.250,.536,51,5,0,0,0,0,0,/9
269,Dustin Fowler*\fowledu01,26,PIT,NL,18,46,41,3,7,1,0,0,2,1,0,3,20,.171,.239,.195,.434,22,8,0,1,0,1,0,8/H9
270,Jake Fraley*\fraleja01,26,SEA,AL,5,19,10,2,1,1,0,0,1,1,0,8,3,.100,.526,.200,.726,125,2,0,1,0,0,0,/79
271,Ty France\francty01,26,SEA,AL,37,153,131,21,30,9,0,3,14,0,0,16,32,.229,.333,.366,.700,105,48,3,5,0,1,0,D4/35H
272,Maikel Franco\francma02,28,BAL,AL,37,154,142,11,30,8,0,4,21,0,0,12,27,.211,.273,.352,.625,75,50,3,0,0,0,0,*5/D
273,Seth Frankoff\frankse01,32,ARI,NL,1,2,2,0,0,0,0,0,0,0,0,0,1,.000,.000,.000,.000,-100,0,0,0,0,0,0,/1
274,Adam Frazier*\fraziad01,29,PIT,NL,39,177,158,20,51,13,3,1,13,3,2,15,19,.323,.390,.462,.852,135,73,3,3,0,1,0,*4/7H
275,Clint Frazier\frazicl01,26,NYY,AL,36,125,106,11,16,4,0,4,7,0,0,18,34,.151,.280,.302,.582,67,32,5,1,0,0,0,*79/H
276,Todd Frazier\frazito01,35,PIT,NL,13,40,35,3,3,1,0,0,4,0,0,3,6,.086,.200,.114,.314,-10,4,1,2,0,0,0,/3H5D
277,Freddie Freeman*\freemfr01,31,ATL,NL,40,176,147,25,32,3,0,11,27,1,1,27,28,.218,.347,.463,.809,113,68,3,2,0,0,6,*3
278,Max Fried*\friedma01,27,ATL,NL,7,12,10,2,4,1,0,0,1,0,0,0,3,.400,.400,.500,.900,138,5,0,0,2,0,0,/1H
279,Paul Fry*\frypa01,28,BAL,AL,1,0,0,0,0,0,0,0,0,0,0,0,0,,,,,,0,0,0,0,0,0,1
280,Josh Fuentes\fuentjo01,28,COL,NL,39,123,119,16,30,4,0,4,23,0,0,3,28,.252,.268,.387,.655,70,46,3,0,0,1,0,*5/3H1
281,Carson Fulmer\fulmeca01,27,CIN,NL,17,2,2,0,0,0,0,0,0,0,0,0,0,.000,.000,.000,.000,-100,0,0,0,0,0,0,1
282,Cam Gallagher\gallaca01,28,KCR,AL,12,27,25,1,4,2,0,0,1,0,0,1,6,.160,.185,.240,.425,18,6,0,0,0,1,0,2/H
283,Giovanny Gallegos\gallegi01,29,STL,NL,19,0,0,0,0,0,0,0,0,0,0,0,0,,,,,,0,0,0,0,0,0,1
284,Zac Gallen\galleza01,25,ARI,NL,5,12,8,1,1,0,0,0,1,0,0,1,4,.125,.222,.125,.347,-1,1,0,0,3,0,0,/1
285,Joey Gallo*\gallojo01,27,TEX,AL,41,172,141,21,31,3,0,7,21,2,0,28,60,.220,.360,.390,.751,111,55,2,3,0,0,1,*9/D
286,Freddy Galvis#\galvifr01,31,BAL,AL,35,127,115,15,30,7,1,4,13,1,0,9,26,.261,.317,.443,.761,113,51,2,1,1,1,0,*6
287,Ben Gamel*\gamelbe01,29,TOT,MLB,17,32,28,2,3,2,0,0,0,0,0,4,11,.107,.219,.179,.397,13,5,1,0,0,0,0,8/H73
288,Ben Gamel*\gamelbe01,29,CLE,AL,11,17,14,1,1,1,0,0,0,0,0,3,6,.071,.235,.143,.378,10,2,1,0,0,0,0,/8H7
289,Ben Gamel*\gamelbe01,29,PIT,NL,6,15,14,1,2,1,0,0,0,0,0,1,5,.143,.200,.214,.414,15,3,0,0,0,0,0,/7H38
290,John Gant\gantjo01,28,STL,NL,7,11,7,0,0,0,0,0,0,0,0,0,3,.000,.000,.000,.000,-100,0,0,0,4,0,0,/1
291,Adolis García\garciad02,28,TEX,AL,33,135,125,20,37,2,1,11,28,4,3,8,39,.296,.341,.592,.933,155,74,2,1,0,1,0,*8/79DH
292,Aramis Garcia\garciar01,28,OAK,AL,15,44,40,3,7,1,0,1,2,0,0,1,14,.175,.214,.275,.489,41,11,1,1,2,0,0,2/DH
293,Avisail Garcia\garciav01,30,MIL,NL,38,145,128,19,33,4,0,6,22,3,2,13,38,.258,.338,.430,.768,109,55,3,3,0,1,1,*9/H
294,Jarlin Garcia*\garcija04,28,SFG,NL,7,0,0,0,0,0,0,0,0,0,0,0,0,,,,,,0,0,0,0,0,0,/1
295,Leury Garcia#\garcile02,30,CHW,AL,32,117,107,16,25,4,1,0,16,2,1,6,28,.234,.272,.290,.562,61,31,4,0,3,1,0,78/9465H
296,Luis Garcia*\garcilu04,21,WSN,NL,6,8,7,1,1,0,0,0,0,0,0,1,3,.143,.250,.143,.393,15,1,0,0,0,0,0,/4H
297,Luis Garcia\garcilu05,24,HOU,AL,1,2,2,0,0,0,0,0,0,0,0,0,0,.000,.000,.000,.000,-100,0,0,0,0,0,0,/1
298,Robel Garcia#\garciro02,28,HOU,AL,12,23,21,1,4,0,0,0,2,0,0,2,7,.190,.261,.190,.451,31,4,1,0,0,0,0,/H456
299,Yimi Garcia\garciyi01,30,MIA,NL,17,0,0,0,0,0,0,0,0,0,0,0,0,,,,,,0,0,0,0,0,0,1
300,Brett Gardner*\gardnbr01,37,NYY,AL,31,93,80,8,15,3,1,0,3,0,0,9,23,.188,.272,.250,.522,51,20,0,1,1,2,0,*7/8H
301,Kyle Garlick\garliky01,29,MIN,AL,22,63,60,9,16,8,0,1,4,0,0,1,19,.267,.286,.450,.736,108,27,2,1,0,1,0,7/9HD
302,Amir Garrett\garream01,29,CIN,NL,13,0,0,0,0,0,0,0,0,0,0,0,0,,,,,,0,0,0,0,0,0,1
303,Braxton Garrett*\garrebr01,23,MIA,NL,1,1,1,0,0,0,0,0,0,0,0,0,0,.000,.000,.000,.000,-100,0,0,0,0,0,0,/1
304,Mitch Garver\garvemi01,30,MIN,AL,31,99,91,10,18,4,0,6,13,0,0,8,36,.198,.263,.440,.702,98,40,3,0,0,0,0,2/H3D
305,Kevin Gausman*\gausmke01,30,SFG,NL,7,16,15,2,2,0,0,0,0,0,0,0,10,.133,.133,.133,.267,-24,2,0,0,1,0,0,/1
306,Kyle Gibson\gibsoky01,33,TEX,AL,1,2,2,0,0,0,0,0,0,0,0,0,1,.000,.000,.000,.000,-100,0,0,0,0,0,0,/1
307,Lucas Gilbreath*\gilbrlu01,25,COL,NL,6,0,0,0,0,0,0,0,0,0,0,0,0,,,,,,0,0,0,0,0,0,/1
308,Andres Gimenez*\gimenan01,22,CLE,AL,29,85,78,10,14,4,0,2,5,4,0,3,25,.179,.226,.308,.534,47,24,1,2,1,1,0,*6/H
309,Kevin Ginkel*\ginkeke01,27,ARI,NL,20,0,0,0,0,0,0,0,0,0,0,0,0,,,,,,0,0,0,0,0,0,1
310,Mychal Givens\givenmy01,31,COL,NL,17,0,0,0,0,0,0,0,0,0,0,0,0,,,,,,0,0,0,0,0,0,1
311,Tyler Glasnow*\glasnty01,27,TBR,AL,1,2,2,0,0,0,0,0,0,0,0,0,2,.000,.000,.000,.000,-100,0,0,0,0,0,0,/1
312,Zack Godley\godleza01,31,MIL,NL,1,1,0,0,0,0,0,0,0,0,0,0,0,,,,,,0,0,0,1,0,0,/1
313,Paul Goldschmidt\goldspa01,33,STL,NL,39,169,157,25,39,7,0,6,22,2,0,12,41,.248,.302,.408,.709,100,64,3,0,0,0,0,*3
314,Austin Gomber*\gombeau01,27,COL,NL,9,16,13,0,1,0,0,0,0,0,0,1,6,.077,.143,.077,.220,-40,1,0,0,2,0,0,/1H
315,Yan Gomes\gomesya01,33,WSN,NL,25,92,88,11,24,3,1,4,13,0,0,3,15,.273,.304,.466,.770,113,41,4,1,0,0,2,2/H
316,Chi Chi Gonzalez\gonzach01,29,COL,NL,8,14,11,2,2,0,0,0,0,0,0,1,5,.182,.250,.182,.432,17,2,0,0,2,0,0,/1
317,Erik Gonzalez\gonzaer01,29,PIT,NL,37,131,128,10,27,5,0,2,15,2,0,3,24,.211,.229,.297,.526,44,38,3,0,0,0,0,56/H3
318,Luis Gonzalez*\gonzalu03,25,CHW,AL,1,0,0,0,0,0,0,0,0,0,0,0,0,,,,,,0,0,0,0,0,0,/7
319,Marwin Gonzalez#\gonzama01,32,BOS,AL,35,142,124,15,27,9,0,1,9,2,0,11,33,.218,.310,.315,.624,75,39,3,6,0,1,0,4/37569H
320,Victor Gonzalez*\gonzavi02,25,LAD,NL,14,0,0,0,0,0,0,0,0,0,0,0,0,,,,,,0,0,0,0,0,0,1
321,Niko Goodrum#\goodrni01,29,DET,AL,34,131,115,18,26,3,1,4,10,7,3,14,52,.226,.321,.374,.695,97,43,2,2,0,0,0,6/47H
322,Nick Gordon*\gordoni01,25,MIN,AL,1,3,2,0,1,0,0,0,0,2,0,1,1,.500,.667,.500,1.167,246,1,0,0,0,0,0,/4
323,Phil Gosselin\gosseph01,32,LAA,AL,12,41,38,4,12,4,0,0,3,0,1,3,9,.316,.366,.421,.787,119,16,1,0,0,0,0,/534D7
324,Yasmani Grandal#\grandya01,32,CHW,AL,28,112,76,19,10,2,0,4,15,0,0,33,27,.132,.387,.316,.703,105,24,5,0,1,2,0,*2/3
325,Brusdar Graterol\gratebr01,22,LAD,NL,3,0,0,0,0,0,0,0,0,0,0,0,0,,,,,,0,0,0,0,0,0,/1
326,Jon Gray\grayjo02,29,COL,NL,9,19,19,1,4,0,0,0,2,0,0,0,12,.211,.211,.211,.421,12,4,0,0,0,0,0,/1
327,Sonny Gray\grayso01,31,CIN,NL,6,10,9,0,0,0,0,0,0,0,0,1,3,.000,.100,.000,.100,-71,0,0,0,0,0,0,/1
328,Didi Gregorius*\gregodi01,31,PHI,NL,32,128,118,10,27,4,0,4,22,1,0,5,26,.229,.266,.364,.630,74,43,3,2,0,3,1,*6/H
329,Grayson Greiner\greingr01,28,DET,AL,14,39,38,1,9,1,0,1,5,0,0,1,16,.237,.256,.342,.599,68,13,0,0,0,0,0,2
330,Randal Grichuk\grichra01,29,TOR,AL,39,153,143,17,39,8,0,6,30,0,2,8,29,.273,.314,.455,.768,113,65,4,1,0,1,0,*89/DH
331,Trent Grisham*\grishtr01,24,SDP,NL,33,143,126,20,38,6,2,5,13,7,1,17,35,.302,.385,.500,.885,152,63,1,0,0,0,0,*8/H
332,Robbie Grossman#\grossro01,31,DET,AL,40,173,139,19,34,7,2,4,18,7,0,29,40,.245,.382,.410,.792,126,57,1,3,0,2,1,*79/D
333,Robert Gsellman\gsellro01,27,NYM,NL,8,2,2,0,0,0,0,0,0,0,0,0,2,.000,.000,.000,.000,-100,0,0,0,0,0,0,/1
334,Deolis Guerra\guerrde01,32,OAK,AL,1,0,0,0,0,0,0,0,0,0,0,0,0,,,,,,0,0,0,0,0,0,1
335,Vladimir Guerrero Jr.\guerrvl02,22,TOR,AL,39,168,138,29,44,7,0,11,30,1,0,27,26,.319,.440,.609,1.049,192,84,3,3,0,0,3,*3/D5
336,Luis Guillorme*\guilllu01,26,NYM,NL,14,23,18,2,6,0,0,0,0,0,0,5,1,.333,.478,.333,.812,135,6,0,0,0,0,0,5/H1
337,Lourdes Gurriel Jr.\gurrilo01,27,TOR,AL,36,143,136,11,30,6,0,2,11,1,1,3,29,.221,.238,.309,.547,53,42,2,1,0,3,0,*7/3D
338,Yuli Gurriel\gourryu01,37,HOU,AL,39,165,143,20,46,12,0,7,31,0,0,20,19,.322,.400,.552,.952,165,79,3,0,0,2,0,*3
339,Kelvin Gutierrez\gutieke01,26,KCR,AL,3,9,9,0,2,0,0,0,0,0,0,0,1,.222,.222,.222,.444,25,2,0,0,0,0,0,/5H
340,Ronald Guzman*\guzmaro01,26,TEX,AL,7,17,16,1,1,0,0,1,1,0,0,1,6,.063,.118,.250,.368,-1,4,0,0,0,0,0,/37HD
341,Eric Haase\haaseer01,28,DET,AL,4,16,16,3,5,2,0,2,2,0,0,0,5,.313,.313,.813,1.125,204,13,1,0,0,0,0,/27
342,Josh Hader*\haderjo01,27,MIL,NL,16,0,0,0,0,0,0,0,0,0,0,0,0,,,,,,0,0,0,0,0,0,1
343,Jake Hager\hagerja01,28,NYM,NL,3,5,5,0,0,0,0,0,0,0,0,0,2,.000,.000,.000,.000,-100,0,0,0,0,0,0,/H9
344,Sam Haggerty#\haggesa01,27,SEA,AL,30,81,75,13,15,2,0,2,5,5,1,5,24,.200,.250,.307,.557,62,23,1,0,1,0,0,7/H948D
345,David Hale\haleda02,33,PHI,NL,10,0,0,0,0,0,0,0,0,0,0,0,0,,,,,,0,0,0,0,0,0,1
346,Billy Hamilton#\hamilbi02,30,CHW,AL,21,44,40,8,9,1,2,0,5,4,0,2,10,.225,.256,.350,.606,71,14,0,0,1,1,0,8/7H9
347,Garrett Hampson\hampsga01,26,COL,NL,39,157,139,28,36,8,3,5,13,8,1,14,33,.259,.327,.468,.795,107,65,3,1,1,2,1,*84/H6
348,Brad Hand*\handbr01,31,WSN,NL,10,0,0,0,0,0,0,0,0,0,0,0,0,,,,,,0,0,0,0,0,0,1
349,Mitch Haniger\hanigmi01,30,SEA,AL,40,173,156,30,42,9,1,12,30,0,0,14,39,.269,.324,.571,.894,154,89,2,0,0,3,0,*9D
350,Ian Happ#\happia01,26,CHC,NL,29,114,96,11,18,3,0,3,6,1,1,15,37,.188,.310,.313,.622,76,30,0,2,1,0,0,*87/H9
351,Bryce Harper*\harpebr03,28,PHI,NL,33,140,114,25,35,8,0,7,11,4,0,24,35,.307,.436,.561,.997,176,64,3,2,0,0,3,*9/3
352,Ryne Harper\harpery01,32,WSN,NL,2,0,0,0,0,0,0,0,0,0,0,0,0,,,,,,0,0,0,0,0,0,/1
353,Will Harris\harriwi10,36,WSN,NL,4,0,0,0,0,0,0,0,0,0,0,0,0,,,,,,0,0,0,0,0,0,/1
354,Josh Harrison\harrijo05,33,WSN,NL,28,122,108,13,32,5,0,3,13,1,2,10,17,.296,.377,.426,.803,126,46,1,4,0,0,0,*4/79
355,Monte Harrison\harrimo01,25,MIA,NL,3,6,5,0,1,0,0,0,0,0,1,0,1,.200,.200,.200,.400,12,1,0,0,1,0,0,/8H
356,Geoff Hartlieb\hartlge01,27,PIT,NL,1,0,0,0,0,0,0,0,0,0,0,0,0,,,,,,0,0,0,0,0,0,/1
357,Matt Harvey\harvema01,32,BAL,AL,2,4,4,0,0,0,0,0,0,0,0,0,2,.000,.000,.000,.000,-100,0,0,0,0,0,0,/1
358,Adam Haseley*\haselad01,25,PHI,NL,9,21,21,2,4,1,0,0,0,0,0,0,4,.190,.190,.238,.429,19,5,0,0,0,0,0,/87H
359,Ke'Bryan Hayes\hayeske01,24,PIT,NL,2,7,5,2,1,0,0,1,2,0,0,2,1,.200,.429,.800,1.229,231,4,0,0,0,0,0,/5
360,Austin Hays\haysau01,25,BAL,AL,27,115,104,22,27,6,1,5,13,0,0,8,24,.260,.325,.481,.805,124,50,1,2,1,0,0,*7/98H
361,Nick Heath*\heathni01,27,ARI,NL,13,35,31,3,5,1,0,0,1,0,1,4,11,.161,.257,.194,.451,26,6,0,0,0,0,1,8/H
362,Austin Hedges\hedgeau01,28,CLE,AL,17,56,51,4,7,0,0,2,4,0,0,3,21,.137,.185,.255,.440,21,13,1,0,2,0,1,2/H
363,Jonah Heim#\heimjo01,26,TEX,AL,17,57,52,6,9,3,0,2,5,1,0,4,11,.173,.228,.346,.574,58,18,5,0,0,1,0,2
364,Ryan Helsley\helslry01,26,STL,NL,19,0,0,0,0,0,0,0,0,0,0,0,0,,,,,,0,0,0,0,0,0,1
365,Heath Hembree\hembrhe01,32,CIN,NL,9,1,1,0,0,0,0,0,0,0,0,0,1,.000,.000,.000,.000,-100,0,0,0,0,0,0,/1
366,Kyle Hendricks\hendrky01,31,CHC,NL,7,11,10,0,0,0,0,0,0,0,0,0,6,.000,.000,.000,.000,-100,0,0,0,1,0,0,/1
367,Liam Hendriks\hendrli01,32,CHW,AL,2,0,0,0,0,0,0,0,0,0,0,0,0,,,,,,0,0,0,0,0,0,1
368,Ryan Hendrix\hendrry01,26,CIN,NL,9,0,0,0,0,0,0,0,0,0,0,0,0,,,,,,0,0,0,0,0,0,1
369,Guillermo Heredia\heredgu01,30,ATL,NL,15,56,47,7,14,7,0,2,8,0,0,8,14,.298,.411,.574,.985,159,27,1,1,0,0,1,8/7H
370,Cesar Hernandez#\hernace02,31,CLE,AL,38,170,152,20,34,7,1,4,11,0,0,18,30,.224,.306,.362,.668,86,55,2,0,0,0,0,*4
371,Elieser Hernandez\hernael01,26,MIA,NL,1,1,1,0,0,0,0,0,0,0,0,0,1,.000,.000,.000,.000,-100,0,0,0,0,0,0,/1
372,Enrique Hernandez\hernaen02,29,BOS,AL,30,124,113,19,27,7,1,4,10,0,0,8,28,.239,.298,.425,.723,98,48,1,2,0,1,0,8/4H6
373,Teoscar Hernandez\hernate01,28,TOR,AL,23,98,90,13,26,2,0,5,18,2,1,8,24,.289,.347,.478,.825,130,43,0,0,0,0,0,9/7
374,Yadiel Hernández*\hernaya01,33,WSN,NL,24,58,52,6,15,1,0,2,4,2,0,4,14,.288,.345,.423,.768,115,22,3,1,0,1,0,H9/7
375,Odubel Herrera*\herreod01,29,PHI,NL,20,71,64,6,16,2,0,2,6,1,0,6,15,.250,.314,.375,.689,92,24,1,0,0,0,0,8/79
376,Jason Heyward*\heywaja01,31,CHC,NL,37,135,123,15,23,6,1,4,13,3,0,11,33,.187,.259,.350,.609,70,43,0,1,0,0,0,*9/H
377,Aaron Hicks#\hicksaa01,31,NYY,AL,32,126,108,13,21,3,0,4,14,0,0,14,30,.194,.294,.333,.627,80,36,3,2,0,2,0,*8/H
378,Jordan Hicks\hicksjo03,24,STL,NL,10,0,0,0,0,0,0,0,0,0,0,0,0,,,,,,0,0,0,0,0,0,1
379,Kyle Higashioka\higasky01,31,NYY,AL,20,62,54,9,10,3,0,5,8,0,0,8,17,.185,.290,.519,.809,125,28,2,0,0,0,0,2
380,Trevor Hildenberger\hildetr01,30,NYM,NL,2,0,0,0,0,0,0,0,0,0,0,0,0,,,,,,0,0,0,0,0,0,/1
381,Derek Hill\hillde01,25,DET,AL,2,1,1,0,0,0,0,0,0,0,0,0,1,.000,.000,.000,.000,-100,0,0,0,0,0,0,/8H
382,Rich Hill*\hillri01,41,TBR,AL,1,1,1,0,0,0,0,0,0,0,0,0,1,.000,.000,.000,.000,-100,0,0,0,0,0,0,/1
383,Tim Hill\hillti01,31,SDP,NL,18,0,0,0,0,0,0,0,0,0,0,0,0,,,,,,0,0,0,0,0,0,1
384,Sam Hilliard*\hillisa01,27,COL,NL,20,39,37,6,4,0,1,2,4,0,0,2,19,.108,.154,.324,.478,22,12,0,0,0,0,1,H/89
385,Keston Hiura\hiurake01,24,MIL,NL,26,89,79,8,12,4,1,1,5,1,0,6,32,.152,.247,.266,.513,41,21,4,4,0,0,0,3/4H
386,Nico Hoerner\hoernni01,24,CHC,NL,14,56,47,4,15,6,0,0,8,3,1,8,7,.319,.411,.447,.858,142,21,1,0,0,1,2,/4678H
387,Jeff Hoffman\hoffmje02,28,CIN,NL,9,10,9,1,2,0,0,0,1,0,0,0,2,.222,.222,.222,.444,18,2,0,0,1,0,0,/1H
388,Greg Holland\hollagr01,35,KCR,AL,1,0,0,0,0,0,0,0,0,0,0,0,0,,,,,,0,0,0,0,0,0,1
389,Jordan Holloway\hollojo01,25,MIA,NL,7,4,4,0,1,0,0,0,0,0,0,0,2,.250,.250,.250,.500,40,1,0,0,0,0,0,/1
390,Clay Holmes\holmecl01,28,PIT,NL,16,1,1,0,0,0,0,0,0,0,0,0,1,.000,.000,.000,.000,-100,0,0,0,0,0,0,1
391,Brock Holt*\holtbr01,33,TEX,AL,15,53,44,2,11,2,0,0,5,2,0,8,11,.250,.377,.295,.673,93,13,1,1,0,0,0,5/HD
392,Rhys Hoskins\hoskirh01,28,PHI,NL,41,170,155,25,39,11,0,8,23,1,0,13,50,.252,.318,.477,.795,119,74,3,2,0,0,0,*3/H
393,Eric Hosmer*\hosmeer01,31,SDP,NL,35,146,131,12,40,6,0,4,21,3,1,13,19,.305,.370,.443,.813,132,58,2,1,0,1,1,*3/HD
394,Adrian Houser\housead01,28,MIL,NL,8,14,13,2,3,0,0,2,2,0,0,0,9,.231,.231,.692,.923,141,9,0,0,1,0,0,/1
395,Sam Howard\howarsa01,28,PIT,NL,16,0,0,0,0,0,0,0,0,0,0,0,0,,,,,,0,0,0,0,0,0,1
396,Spencer Howard\howarsp01,24,PHI,NL,3,0,0,0,0,0,0,0,0,0,0,0,0,,,,,,0,0,0,0,0,0,/1
397,Daniel Hudson\hudsoda01,34,WSN,NL,11,0,0,0,0,0,0,0,0,0,0,0,0,,,,,,0,0,0,0,0,0,1
398,Tommy Hunter\hunteto02,34,NYM,NL,2,0,0,0,0,0,0,0,0,0,0,0,0,,,,,,0,0,0,0,0,0,/1
399,Scott Hurst*\hurstsc01,25,STL,NL,7,5,5,0,0,0,0,0,0,0,0,0,1,.000,.000,.000,.000,-100,0,0,0,0,0,0,/8H
400,Andy Ibáñez\ibanean01,28,TEX,AL,8,19,17,0,2,0,0,0,2,0,0,1,4,.118,.158,.118,.276,-21,2,1,0,0,1,0,/5HD
401,José Iglesias\iglesjo01,31,LAA,AL,37,140,136,16,37,4,0,2,10,1,1,2,20,.272,.293,.346,.638,77,47,4,2,0,0,0,*6/H
402,Raisel Iglesias\iglesra01,31,LAA,AL,1,0,0,0,0,0,0,0,0,0,0,0,0,,,,,,0,0,0,0,0,0,1
403,Ender Inciarte*\inciaen01,30,ATL,NL,14,28,24,4,7,1,0,0,3,0,0,2,5,.292,.346,.333,.679,82,8,1,0,2,0,0,/87H
404,Jonathan India\indiajo01,24,CIN,NL,31,113,94,13,21,2,2,3,19,1,1,10,25,.223,.327,.383,.710,87,36,3,6,0,3,1,*4/H
405,Kyle Isbel*\isbelky01,24,KCR,AL,12,36,34,5,9,0,1,0,3,1,0,2,15,.265,.306,.324,.629,77,11,0,0,0,0,0,9/7DH
406,Alex Jackson\jacksal02,25,ATL,NL,10,28,23,2,1,0,0,0,0,0,0,2,13,.043,.214,.043,.258,-26,1,0,3,0,0,1,/2H
407,Luke Jackson\jackslu01,29,ATL,NL,15,0,0,0,0,0,0,0,0,0,0,0,0,,,,,,0,0,0,0,0,0,1
408,Danny Jansen\janseda01,26,TOR,AL,30,88,81,10,10,1,0,3,6,0,0,6,24,.123,.193,.247,.440,23,20,2,1,0,0,0,*2/H
409,Kenley Jansen#\janseke01,33,LAD,NL,13,1,1,0,0,0,0,0,0,0,0,0,1,.000,.000,.000,.000,-100,0,0,0,0,0,0,1
410,Jon Jay*\jayjo02,36,LAA,AL,5,14,14,2,5,0,0,0,1,0,0,0,2,.357,.357,.357,.714,100,5,0,0,0,0,0,/7
411,Ryan Jeffers\jeffery01,24,MIN,AL,11,37,34,3,5,1,0,0,1,0,0,3,18,.147,.216,.176,.393,16,6,0,0,0,0,0,2/H
412,Connor Joe\joeco01,28,COL,NL,11,42,33,2,9,2,0,0,3,0,0,9,8,.273,.429,.333,.762,105,11,1,0,0,0,0,3/7H
413,Daniel Johnson*\johnsda07,25,CLE,AL,2,9,9,0,0,0,0,0,0,0,0,0,5,.000,.000,.000,.000,-100,0,0,0,0,0,0,/79
414,Pierce Johnson\johnspi01,30,SDP,NL,14,0,0,0,0,0,0,0,0,0,0,0,0,,,,,,0,0,0,0,0,0,1
415,JaCoby Jones\jonesja07,29,DET,AL,32,95,91,8,15,2,0,2,9,2,2,4,39,.165,.200,.253,.453,28,23,2,0,0,0,0,*8/H7D
416,Nate Jones\jonesna01,35,ATL,NL,10,0,0,0,0,0,0,0,0,0,0,0,0,,,,,,0,0,0,0,0,0,1
417,Taylor Jones\jonesta01,27,HOU,AL,3,10,9,2,2,0,0,0,1,0,0,1,1,.222,.300,.222,.522,51,2,0,0,0,0,0,/D
418,Matt Joyce*\joycema01,36,PHI,NL,18,38,30,2,3,1,0,0,0,0,0,7,6,.100,.289,.133,.423,23,4,1,1,0,0,0,/H79
419,Aaron Judge\judgeaa01,29,NYY,AL,38,157,134,20,39,5,0,12,24,0,0,22,41,.291,.395,.597,.992,179,80,4,1,0,0,0,*9/DH
420,Jakob Junis\junisja01,28,KCR,AL,1,2,1,0,0,0,0,0,0,0,0,0,1,.000,.000,.000,.000,-100,0,0,0,1,0,0,1
421,James Karinchak\karinja01,25,CLE,AL,1,0,0,0,0,0,0,0,0,0,0,0,0,,,,,,0,0,0,0,0,0,1
422,Sean Kazmar Jr.\kazmase01,36,ATL,NL,3,2,2,0,0,0,0,0,0,0,0,0,0,.000,.000,.000,.000,-100,0,1,0,0,0,0,/HD
423,Keone Kela\kelake01,28,SDP,NL,11,0,0,0,0,0,0,0,0,0,0,0,0,,,,,,0,0,0,0,0,0,1
424,Jarred Kelenic*\kelenja01,21,SEA,AL,5,22,22,2,4,2,0,1,3,0,0,0,6,.182,.182,.409,.591,66,9,0,0,0,0,0,/7
425,Kyle Keller\kelleky01,28,PIT,NL,1,0,0,0,0,0,0,0,0,0,0,0,0,,,,,,0,0,0,0,0,0,/1
426,Mitch Keller\kellemi03,25,PIT,NL,7,9,9,1,1,0,0,0,0,0,0,0,3,.111,.111,.111,.222,-38,1,0,0,0,0,0,/1
427,Carson Kelly\kellyca02,26,ARI,NL,28,110,80,16,27,4,0,6,19,0,0,23,16,.338,.491,.613,1.103,201,49,5,4,0,3,1,2/H
428,Joe Kelly\kellyjo05,33,LAD,NL,2,0,0,0,0,0,0,0,0,0,0,0,0,,,,,,0,0,0,0,0,0,/1
429,Merrill Kelly\kellyme01,32,ARI,NL,8,17,15,0,0,0,0,0,0,0,0,0,5,.000,.000,.000,.000,-100,0,0,0,2,0,0,/1
430,Tony Kemp*\kempto01,29,OAK,AL,25,62,49,6,11,2,0,0,1,3,0,11,14,.224,.377,.265,.642,92,13,0,1,1,0,0,47/HD
431,Max Kepler*\keplema01,28,MIN,AL,28,115,99,14,21,6,1,4,17,5,0,12,18,.212,.304,.414,.718,105,41,0,2,0,2,1,*9/8H
432,Clayton Kershaw*\kershcl01,33,LAD,NL,9,14,13,2,4,0,0,0,2,0,0,1,6,.308,.357,.308,.665,89,4,0,0,0,0,0,/1H
433,Dallas Keuchel*\keuchda01,33,CHW,AL,1,2,2,0,0,0,0,0,0,0,0,0,1,.000,.000,.000,.000,-100,0,0,0,0,0,0,/1
434,Mike Kickham*\kickhmi01,32,LAD,NL,1,0,0,0,0,0,0,0,0,0,0,0,0,,,,,,0,0,0,0,0,0,/1
435,Carter Kieboom\kieboca01,23,WSN,NL,2,2,1,0,0,0,0,0,0,0,0,1,1,.000,.500,.000,.500,57,0,0,0,0,0,0,/H
436,Kevin Kiermaier*\kiermke01,31,TBR,AL,23,77,69,8,15,3,1,0,5,3,1,7,27,.217,.299,.290,.589,74,20,2,1,0,0,1,8/H
437,Yusei Kikuchi*\kikucyu01,30,SEA,AL,1,2,2,0,0,0,0,0,0,0,0,0,2,.000,.000,.000,.000,-100,0,0,0,0,0,0,/1
438,Ha-Seong Kim\kimha01,25,SDP,NL,34,97,87,8,17,2,0,2,10,3,1,6,23,.195,.258,.287,.545,56,25,3,2,0,2,0,6H/54
439,Kwang Hyun Kim*\kimkw01,32,STL,NL,6,9,9,0,1,0,0,0,0,0,0,0,3,.111,.111,.111,.222,-36,1,0,0,0,0,0,/1
440,Craig Kimbrel\kimbrcr01,33,CHC,NL,14,0,0,0,0,0,0,0,0,0,0,0,0,,,,,,0,0,0,0,0,0,1
441,Isiah Kiner-Falefa\kineris01,26,TEX,AL,43,185,171,28,50,8,2,5,18,8,1,8,32,.292,.337,.450,.787,119,77,2,4,1,1,0,*6/H
442,John King*\kingjo01,26,TEX,AL,1,0,0,0,0,0,0,0,0,0,0,0,0,,,,,,0,0,0,0,0,0,1
443,Scott Kingery\kingesc01,27,PHI,NL,15,19,19,1,1,0,0,0,0,0,0,0,12,.053,.053,.053,.105,-70,1,0,0,0,0,0,/H94587
444,Tyler Kinley\kinlety01,30,COL,NL,16,0,0,0,0,0,0,0,0,0,0,0,0,,,,,,0,0,0,0,0,0,1
445,Brandon Kintzler\kintzbr01,36,PHI,NL,12,0,0,0,0,0,0,0,0,0,0,0,0,,,,,,0,0,0,0,0,0,1
446,Alex Kirilloff*\kirilal01,23,MIN,AL,12,44,42,8,9,3,0,4,11,0,0,1,13,.214,.227,.571,.799,120,24,0,0,0,1,0,/73H9
447,Alejandro Kirk\kirkal01,22,TOR,AL,17,46,40,7,9,1,0,3,8,0,0,5,6,.225,.326,.475,.801,122,19,3,1,0,0,0,2/DH
448,Andrew Kittredge\kittran01,31,TBR,AL,1,0,0,0,0,0,0,0,0,0,0,0,0,,,,,,0,0,0,0,0,0,1
449,Patrick Kivlehan\kivlepa01,31,SDP,NL,5,8,4,3,1,0,0,0,2,0,0,2,3,.250,.500,.250,.750,124,1,0,1,0,1,0,/H9
450,Andrew Knapp#\knappan01,29,PHI,NL,23,53,48,5,9,0,0,1,9,0,0,4,23,.188,.245,.250,.495,39,12,0,0,0,1,0,2/H34
451,Corey Knebel\knebeco01,29,LAD,NL,7,0,0,0,0,0,0,0,0,0,0,0,0,,,,,,0,0,0,0,0,0,/1
452,Andrew Knizner\kniznan01,26,STL,NL,22,64,58,9,12,3,0,0,1,0,0,4,11,.207,.281,.259,.540,55,15,3,2,0,0,1,2/H
453,Adam Kolarek*\kolarad01,32,OAK,AL,1,0,0,0,0,0,0,0,0,0,0,0,0,,,,,,0,0,0,0,0,0,1
454,Michael Kopech\kopecmi01,25,CHW,AL,1,0,0,0,0,0,0,0,0,0,0,0,0,,,,,,0,0,0,0,0,0,1
455,Jack Kruger\krugeja01,26,LAA,AL,1,0,0,0,0,0,0,0,0,0,0,0,0,,,,,,0,0,0,0,0,0,/2
456,Chad Kuhl\kuhlch01,28,PIT,NL,4,6,5,0,0,0,0,0,0,0,0,0,2,.000,.000,.000,.000,-100,0,0,0,1,0,0,/1
457,Tommy La Stella*\lasteto01,32,SFG,NL,25,75,68,8,16,3,1,1,5,0,0,6,10,.235,.297,.353,.650,84,24,0,0,0,0,0,4/H5D
458,Juan Lagares\lagarju01,32,LAA,AL,10,26,24,4,5,3,0,0,3,0,0,2,5,.208,.269,.333,.603,67,8,1,0,0,0,0,/789
459,Travis Lakins\lakintr01,27,BAL,AL,1,0,0,0,0,0,0,0,0,0,0,0,0,,,,,,0,0,0,0,0,0,1
460,Ryan LaMarre\lamarry01,32,NYY,AL,1,3,3,0,0,0,0,0,0,0,0,0,1,.000,.000,.000,.000,-100,0,0,0,0,0,0,/8
461,Jake Lamb*\lambja01,30,CHW,AL,12,33,26,5,4,0,0,1,1,0,0,7,10,.154,.333,.269,.603,76,7,1,0,0,0,0,/735DH
462,Dinelson Lamet\lametdi01,28,SDP,NL,4,0,0,0,0,0,0,0,0,0,0,0,0,,,,,,0,0,0,0,0,0,/1
463,Trevor Larnach*\larnatr01,24,MIN,AL,7,24,21,4,6,3,0,0,0,0,0,2,4,.286,.375,.429,.804,132,9,0,1,0,0,0,/79H
464,Eric Lauer\lauerer01,26,MIL,NL,4,4,3,0,0,0,0,0,0,0,0,0,2,.000,.000,.000,.000,-100,0,0,0,1,0,0,/1
465,Ramon Laureano\laurera01,26,OAK,AL,38,161,146,22,35,5,2,8,17,8,3,12,43,.240,.311,.466,.776,122,68,2,3,0,0,0,*8/D
466,Justin Lawrence\lawreju01,26,COL,NL,6,0,0,0,0,0,0,0,0,0,0,0,0,,,,,,0,0,0,0,0,0,/1
467,Khalil Lee*\leekh01,23,NYM,NL,1,1,1,0,0,0,0,0,0,0,0,0,1,.000,.000,.000,.000,-100,0,0,0,0,0,0,/H9
468,DJ LeMahieu\lemahdj01,32,NYY,AL,39,177,155,28,43,5,0,3,10,2,0,21,30,.277,.367,.368,.735,112,57,4,1,0,0,0,43/5
469,Sandy Leon#\leonsa01,32,MIA,NL,20,60,57,3,11,1,0,1,2,0,0,2,14,.193,.233,.263,.496,38,15,1,1,0,0,0,2/H
470,Jon Lester*\lestejo01,37,WSN,NL,4,7,7,0,1,0,0,0,0,0,0,0,4,.143,.143,.143,.286,-19,1,0,0,0,0,0,/1
471,Kyle Lewis\lewisky01,25,SEA,AL,23,95,83,7,20,2,0,3,6,0,0,12,21,.241,.337,.373,.710,108,31,1,0,0,0,0,8/D
472,Domingo Leyba#\leybado01,25,ARI,NL,3,8,7,0,0,0,0,0,0,0,0,1,0,.000,.125,.000,.125,-62,0,1,0,0,0,0,/4
473,Tzu-Wei Lin*\lintz02,27,MIN,AL,1,0,0,0,0,0,0,0,0,0,0,0,0,,,,,,0,0,0,0,0,0,/7
474,Josh Lindblom\lindbjo01,34,MIL,NL,6,1,1,0,0,0,0,0,0,0,0,0,1,.000,.000,.000,.000,-100,0,0,0,0,0,0,/1
475,Francisco Lindor#\lindofr01,27,NYM,NL,34,150,124,17,23,2,0,3,8,3,1,20,22,.185,.304,.274,.578,66,34,1,2,2,2,1,*6
476,Zack Littell\litteza01,25,SFG,NL,8,1,1,0,0,0,0,0,0,0,0,0,1,.000,.000,.000,.000,-100,0,0,0,0,0,0,/1
477,Tim Locastro\locasti01,28,ARI,NL,25,85,76,9,17,1,0,1,3,4,1,5,16,.224,.306,.276,.582,62,21,1,4,0,0,0,8/9H7
478,Evan Longoria\longoev01,35,SFG,NL,36,130,112,18,27,8,0,4,14,0,0,18,32,.241,.346,.420,.766,117,47,4,0,0,0,2,*5/H
479,Nicky Lopez*\lopezni01,26,KCR,AL,39,132,110,19,25,2,3,0,7,4,0,16,18,.227,.323,.300,.623,76,33,1,0,5,1,0,*6
480,Pablo Lopez*\lopezpa01,25,MIA,NL,10,17,17,2,1,1,0,0,0,0,0,0,8,.059,.059,.118,.176,-52,2,0,0,0,0,0,/1H
481,Yoan López\lopezyo01,28,ARI,NL,12,0,0,0,0,0,0,0,0,0,0,0,0,,,,,,0,0,0,0,0,0,1
482,Aaron Loup*\loupaa01,33,NYM,NL,11,0,0,0,0,0,0,0,0,0,0,0,0,,,,,,0,0,0,0,0,0,1
483,Brandon Lowe*\lowebr01,26,TBR,AL,38,154,133,19,26,5,0,7,17,0,0,17,47,.195,.305,.391,.696,103,52,0,4,0,0,0,*4/7HD
484,Nate Lowe*\lowena01,25,TEX,AL,43,185,159,19,42,6,0,7,26,4,0,24,50,.264,.362,.434,.796,123,69,8,1,0,1,0,*3/D5
485,Jed Lowrie#\lowrije01,37,OAK,AL,39,154,140,17,35,11,0,3,23,0,0,14,29,.250,.318,.393,.711,105,55,3,0,0,0,0,*4/DH
486,Joey Lucchesi*\lucchjo01,28,NYM,NL,5,5,4,1,0,0,0,0,0,0,0,1,4,.000,.200,.000,.200,-37,0,0,0,0,0,0,/1
487,Jonathan Lucroy\lucrojo01,35,WSN,NL,5,14,14,0,5,1,0,0,2,0,0,0,2,.357,.357,.429,.786,121,6,0,0,0,0,0,/2H
488,Jordan Luplow\luplojo01,27,CLE,AL,30,102,83,11,15,5,0,6,17,0,2,18,23,.181,.333,.458,.791,118,38,0,1,0,0,0,*89/H7
489,Gavin Lux*\luxga01,23,LAD,NL,31,117,107,10,26,3,2,1,14,1,0,8,27,.243,.291,.336,.627,76,36,2,0,0,2,1,4/6H
490,Jesus Luzardo*\luzarje01,23,OAK,AL,1,1,1,0,0,0,0,0,0,0,0,0,0,.000,.000,.000,.000,-100,0,0,0,0,0,0,/1
491,Jordan Lyles\lylesjo01,30,TEX,AL,1,2,2,0,0,0,0,0,0,0,0,0,2,.000,.000,.000,.000,-100,0,0,0,0,0,0,/1
492,Manny Machado\machama01,28,SDP,NL,41,178,152,22,36,5,2,6,28,6,2,24,30,.237,.337,.414,.752,115,63,3,0,0,2,1,*5/DH
493,Vimael Machin*\machivi01,27,OAK,AL,9,22,20,1,1,0,0,0,1,0,0,2,7,.050,.136,.050,.186,-42,1,2,0,0,0,0,/465H
494,Luis Madero\maderlu01,24,MIA,NL,2,0,0,0,0,0,0,0,0,0,0,0,0,,,,,,0,0,0,0,0,0,/1
495,Nick Madrigal\madrini01,24,CHW,AL,35,140,131,24,37,6,2,1,13,1,1,6,8,.282,.321,.382,.703,100,50,3,2,0,1,0,*4/DH
496,Kenta Maeda\maedake01,33,MIN,AL,1,2,1,0,0,0,0,0,0,0,0,0,0,.000,.000,.000,.000,-100,0,0,0,1,0,0,/1
497,Tyler Mahle\mahlety01,26,CIN,NL,8,18,11,1,1,0,0,0,1,0,0,3,2,.091,.286,.091,.377,6,1,1,0,4,0,0,/1
498,Luke Maile\mailelu01,30,MIL,NL,8,22,19,1,4,1,0,0,1,0,0,2,6,.211,.318,.263,.581,62,5,0,1,0,0,0,/2H
499,Martin Maldonado\maldoma01,34,HOU,AL,30,107,97,7,15,2,1,2,5,0,0,9,38,.155,.234,.258,.491,39,25,1,1,0,0,0,*2/H
500,Trey Mancini\mancitr01,29,BAL,AL,40,168,152,19,39,9,0,7,32,0,0,14,35,.257,.321,.454,.775,116,69,6,1,0,1,0,*3D/H
501,Joe Mantiply\mantijo01,30,ARI,NL,2,0,0,0,0,0,0,0,0,0,0,0,0,,,,,,0,0,0,0,0,0,/1
502,Dillon Maples\mapledi01,29,CHC,NL,11,0,0,0,0,0,0,0,0,0,0,0,0,,,,,,0,0,0,0,0,0,1
503,Tucupita Marcano*\marcatu01,21,SDP,NL,17,32,28,6,6,1,0,0,3,0,1,4,4,.214,.313,.250,.563,64,7,2,0,0,0,0,/H4975
504,Rafael Marchan#\marchra01,22,PHI,NL,1,5,4,0,0,0,0,0,0,0,0,1,1,.000,.200,.000,.200,-38,0,1,0,0,0,0,/2
505,Manuel Margot\margoma01,26,TBR,AL,39,143,135,16,32,6,1,4,22,4,3,7,24,.237,.273,.385,.658,90,52,1,0,0,1,0,*97/8HD
506,Jake Marisnick\marisja01,30,CHC,NL,27,60,53,11,14,3,2,4,14,2,1,5,19,.264,.350,.623,.973,168,33,0,2,0,0,0,8/H
507,Jose Marmolejos*\marmojo01,28,SEA,AL,29,88,74,8,11,2,0,3,9,0,0,13,31,.149,.273,.297,.570,67,22,0,0,0,1,0,3/H7D9
508,German Marquez\marquge01,26,COL,NL,9,16,14,0,2,1,0,0,1,0,0,0,6,.143,.143,.214,.357,-7,3,0,0,2,0,0,/1
509,Ketel Marte#\marteke01,27,ARI,NL,6,28,26,5,12,4,0,2,5,0,0,2,4,.462,.500,.846,1.346,262,22,1,0,0,0,0,/8
510,Starling Marte\martest01,32,MIA,NL,15,69,57,15,18,2,1,2,8,3,1,8,14,.316,.420,.491,.912,153,28,1,3,0,1,0,8
511,Brett Martin*\martibr01,26,TEX,AL,1,0,0,0,0,0,0,0,0,0,0,0,0,,,,,,0,0,0,0,0,0,1
512,Chris Martin\martich02,35,ATL,NL,4,0,0,0,0,0,0,0,0,0,0,0,0,,,,,,0,0,0,0,0,0,/1
513,Carlos Martinez\martica04,29,STL,NL,7,13,13,0,1,1,0,0,0,0,0,0,6,.077,.077,.154,.231,-36,2,0,0,0,0,0,/1
514,J.D. Martinez\martijd02,33,BOS,AL,40,174,152,33,52,10,0,10,33,0,0,20,37,.342,.420,.605,1.025,181,92,8,1,0,1,2,*D/79
515,Nick Martini*\martini02,31,CHC,NL,5,5,5,0,1,0,0,0,0,0,0,0,2,.200,.200,.200,.400,13,1,0,0,0,0,0,/H7
516,Jorge Mateo\mateojo01,26,SDP,NL,23,41,37,2,10,3,0,1,5,1,0,1,10,.270,.341,.432,.774,121,16,0,3,0,0,0,H/95876
517,Jeff Mathis\mathije01,38,ATL,NL,3,9,9,0,0,0,0,0,0,0,0,0,5,.000,.000,.000,.000,-100,0,0,0,0,0,0,/2
518,Wyatt Mathisen\mathiwy01,27,ARI,NL,23,51,42,3,5,0,0,1,8,0,0,5,21,.119,.255,.190,.445,25,8,0,3,0,1,0,3H/571
519,Nick Maton*\matonni01,24,PHI,NL,25,82,79,6,25,6,0,2,7,2,0,2,25,.316,.341,.468,.810,124,37,0,1,0,0,0,46/H
520,Phil Maton\matonph01,28,CLE,AL,1,0,0,0,0,0,0,0,0,0,0,0,0,,,,,,0,0,0,0,0,0,1
521,Tyler Matzek*\matzety01,30,ATL,NL,16,0,0,0,0,0,0,0,0,0,0,0,0,,,,,,0,0,0,0,0,0,1
522,Dustin May\maydu01,23,LAD,NL,3,4,3,0,0,0,0,0,0,0,0,0,3,.000,.000,.000,.000,-100,0,0,0,1,0,0,/1
523,Trevor May\maytr01,31,NYM,NL,15,0,0,0,0,0,0,0,0,0,0,0,0,,,,,,0,0,0,0,0,0,1
524,Jack Mayfield\mayfija01,30,LAA,AL,2,3,3,0,0,0,0,0,0,0,0,0,2,.000,.000,.000,.000,-100,0,0,0,0,0,0,/5H
525,Tim Mayza*\mayzati01,29,TOR,AL,1,0,0,0,0,0,0,0,0,0,0,0,0,,,,,,0,0,0,0,0,0,1
526,Nomar Mazara*\mazarno01,26,DET,AL,18,67,61,6,13,1,1,2,7,0,0,6,13,.213,.284,.361,.644,82,22,4,0,0,0,0,9/DH
527,Patrick Mazeika*\mazeipa01,27,NYM,NL,6,8,7,1,1,0,0,1,4,0,0,1,1,.143,.250,.571,.821,124,4,0,0,0,0,0,/HD
528,Ryan McBroom\mcbrory01,29,KCR,AL,5,7,6,1,1,0,0,0,0,0,0,1,5,.167,.286,.167,.452,32,1,0,0,0,0,0,/HD
529,James McCann\mccanja02,31,NYM,NL,29,104,96,4,20,1,0,1,8,0,0,8,28,.208,.269,.250,.519,48,24,6,0,0,0,0,*2/DH
530,Chas McCormick\mccorch01,26,HOU,AL,21,39,34,9,6,2,0,2,12,1,0,2,11,.176,.256,.412,.668,84,14,0,2,0,1,0,7/H8D9
531,Andrew McCutchen\mccutan01,34,PHI,NL,37,159,130,18,29,3,1,6,17,3,0,26,39,.223,.352,.400,.752,110,52,3,1,0,2,0,*7/DH
532,Jake McGee*\mcgeeja01,34,SFG,NL,17,0,0,0,0,0,0,0,0,0,0,0,0,,,,,,0,0,0,0,0,0,1
533,Kyle McGowin\mcgowky01,29,WSN,NL,6,0,0,0,0,0,0,0,0,0,0,0,0,,,,,,0,0,0,0,0,0,/1
534,Reese McGuire*\mcguire01,26,TOR,AL,6,14,12,2,4,0,0,0,1,0,0,1,5,.333,.429,.333,.762,120,4,0,1,0,0,0,/2H
535,Collin McHugh\mchugco01,34,TBR,AL,1,0,0,0,0,0,0,0,0,0,0,0,0,,,,,,0,0,0,0,0,0,/1
536,Ryan McKenna\mckenry01,24,BAL,AL,20,26,24,5,5,0,1,0,1,0,0,2,7,.208,.269,.292,.561,59,7,0,0,0,0,0,/79H
537,Triston McKenzie\mckentr01,23,CLE,AL,1,2,2,0,1,0,0,0,0,0,0,0,0,.500,.500,.500,1.000,182,1,0,0,0,0,0,/1
538,Billy McKinney*\mckinbi01,26,MIL,NL,37,97,90,9,19,3,1,3,5,1,0,7,24,.211,.268,.367,.635,72,33,1,0,0,0,1,7H/39
539,Zach McKinstry*\mckinza01,26,LAD,NL,17,58,54,7,16,5,0,3,14,0,0,2,14,.296,.328,.556,.883,142,30,0,1,0,1,0,9/475
540,Ryan McMahon*\mcmahry01,26,COL,NL,42,172,160,28,42,10,0,9,26,2,0,11,35,.263,.308,.494,.802,108,79,3,0,0,1,1,*45/H
541,Jeff McNeil*\mcneije01,29,NYM,NL,31,113,99,13,24,4,0,3,8,1,0,12,9,.242,.336,.374,.710,101,37,2,2,0,0,0,*4/DH
542,Alex McRae\mcraeal01,28,CHW,AL,1,0,0,0,0,0,0,0,0,0,0,0,0,,,,,,0,0,0,0,0,0,/1
543,Austin Meadows*\meadoau01,26,TBR,AL,39,166,142,21,30,11,0,8,22,1,0,19,43,.211,.313,.458,.771,122,65,2,3,0,2,0,7D/H9
544,John Means*\meansjo01,28,BAL,AL,1,2,2,0,0,0,0,0,0,0,0,0,1,.000,.000,.000,.000,-100,0,0,0,0,0,0,/1
545,Trevor Megill*\megiltr01,27,CHC,NL,2,0,0,0,0,0,0,0,0,0,0,0,0,,,,,,0,0,0,0,0,0,/1
546,Francisco Mejia#\mejiafr01,25,TBR,AL,20,70,62,5,18,6,0,1,6,0,0,3,11,.290,.348,.435,.783,128,27,1,3,1,1,0,2/HD
547,Mark Melancon\melanma01,36,SDP,NL,15,0,0,0,0,0,0,0,0,0,0,0,0,,,,,,0,0,0,0,0,0,1
548,Danny Mendick\mendida01,27,CHW,AL,15,42,34,4,9,0,0,2,10,0,0,8,7,.265,.405,.441,.846,142,15,0,0,0,0,0,/69451H
549,Yermin Mercedes\merceye01,28,CHW,AL,36,139,129,15,47,7,1,6,25,0,1,10,23,.364,.410,.574,.984,177,74,1,0,0,0,1,*D/H31
550,Jordy Mercer\mercejo03,34,WSN,NL,15,35,34,2,9,2,0,0,0,0,0,1,8,.265,.286,.324,.609,72,11,0,0,0,0,0,/4H637
551,Whit Merrifield\merriwh01,32,KCR,AL,40,175,153,24,40,10,0,4,24,12,1,14,18,.261,.326,.405,.731,103,62,4,3,0,5,1,*4/9
552,Wade Miley*\mileywa01,34,CIN,NL,7,13,12,3,2,0,0,0,0,0,0,1,5,.167,.231,.167,.397,7,2,0,0,0,0,0,/1H
553,Andrew Miller*\millean01,36,STL,NL,9,0,0,0,0,0,0,0,0,0,0,0,0,,,,,,0,0,0,0,0,0,/1
554,Brad Miller*\millebr02,31,PHI,NL,29,74,68,12,20,1,0,3,9,2,0,6,25,.294,.351,.441,.793,120,30,2,0,0,0,0,H/34579D
555,Shelby Miller\millesh01,30,CHC,NL,3,0,0,0,0,0,0,0,0,0,0,0,0,,,,,,0,0,0,0,0,0,/1
556,Alec Mills\millsal02,29,CHC,NL,11,5,5,0,0,0,0,0,0,0,0,0,4,.000,.000,.000,.000,-100,0,0,0,0,0,0,1
557,Wyatt Mills\millswy01,26,SEA,AL,1,0,0,0,0,0,0,0,0,0,0,0,0,,,,,,0,0,0,0,0,0,/1
558,Hoby Milner*\milneho01,30,MIL,NL,1,0,0,0,0,0,0,0,0,0,0,0,0,,,,,,0,0,0,0,0,0,/1
559,Mike Minor\minormi01,33,KCR,AL,1,3,3,0,0,0,0,0,0,0,0,0,1,.000,.000,.000,.000,-100,0,0,0,0,0,0,/1
560,A.J. Minter*\minteaj01,27,ATL,NL,17,0,0,0,0,0,0,0,0,0,0,0,0,,,,,,0,0,0,0,0,0,1
561,Anthony Misiewicz\misiean01,26,SEA,AL,1,0,0,0,0,0,0,0,0,0,0,0,0,,,,,,0,0,0,0,0,0,1
562,Yadier Molina\molinya01,38,STL,NL,26,99,92,14,27,8,0,6,20,0,0,5,22,.293,.323,.576,.899,150,53,1,0,0,2,0,2/H
563,Yoan Moncada#\moncayo01,26,CHW,AL,38,163,135,20,38,8,0,3,24,0,0,24,45,.281,.399,.407,.806,132,55,1,3,0,1,0,*5
564,Mickey Moniak*\moniami01,23,PHI,NL,11,28,25,3,3,0,0,1,3,0,0,3,12,.120,.214,.240,.454,27,6,0,0,0,0,1,/897H
565,Rafael Montero\montera01,30,SEA,AL,1,0,0,0,0,0,0,0,0,0,0,0,0,,,,,,0,0,0,0,0,0,1
566,Dylan Moore\mooredy01,28,SEA,AL,40,134,116,14,20,7,0,5,19,8,1,16,43,.172,.276,.362,.638,85,42,3,1,0,1,0,*4/79H5
567,Matt Moore*\moorema02,32,PHI,NL,7,4,4,0,0,0,0,0,0,0,0,0,3,.000,.000,.000,.000,-100,0,0,0,0,0,0,/1
568,Colin Moran*\moranco01,28,PIT,NL,32,122,111,10,33,7,0,4,19,1,0,10,34,.297,.352,.468,.821,125,52,1,0,0,1,0,*3/DH
569,Adrián Morejón*\morejad01,22,SDP,NL,1,1,1,0,0,0,0,0,0,0,0,0,0,.000,.000,.000,.000,-100,0,0,0,0,0,0,/1
570,Mitch Moreland*\morelmi01,35,OAK,AL,31,105,93,11,22,4,0,4,15,0,0,9,23,.237,.305,.409,.713,105,38,1,1,0,2,0,D/3H
571,Max Moroff#\morofma01,28,STL,NL,3,7,7,0,0,0,0,0,0,0,0,0,3,.000,.000,.000,.000,-100,0,0,0,0,0,0,/4
572,Reyes Moronta\moronre01,28,SFG,NL,3,0,0,0,0,0,0,0,0,0,0,0,0,,,,,,0,0,0,0,0,0,/1
573,Charlie Morton\mortoch02,37,ATL,NL,6,9,9,1,1,0,0,0,0,0,0,0,5,.111,.111,.111,.222,-41,1,0,0,0,0,0,/1
574,Ryan Mountcastle\mountry01,24,BAL,AL,39,150,142,13,31,8,0,3,16,3,0,5,45,.218,.240,.338,.578,61,48,3,0,0,3,0,D37/H
575,Mike Moustakas*\moustmi01,32,CIN,NL,27,103,86,15,21,5,0,4,13,0,0,12,17,.244,.340,.442,.782,105,38,4,2,0,3,0,5/3H
576,Cedric Mullins*\mullice01,26,BAL,AL,40,174,157,22,49,12,1,6,12,5,3,16,31,.312,.374,.516,.889,149,81,0,0,0,1,1,*8/H
577,Max Muncy*\muncyma01,30,LAD,NL,39,167,126,25,32,3,1,8,23,0,0,37,40,.254,.437,.484,.921,159,61,0,4,0,0,4,*3/4D
578,Sean Murphy\murphse01,26,OAK,AL,34,125,107,12,22,6,0,5,17,0,0,12,34,.206,.320,.402,.722,108,43,3,6,0,0,0,*2/HD
579,Tom Murphy\murphto04,30,SEA,AL,24,80,73,9,10,2,0,4,6,0,0,5,26,.137,.192,.329,.521,48,24,2,0,0,0,0,2/DH
580,Joe Musgrove\musgrjo01,28,SDP,NL,11,15,13,1,1,0,0,0,0,0,0,1,7,.077,.143,.077,.220,-35,1,0,0,1,0,0,/1H7
581,Wil Myers\myerswi01,30,SDP,NL,35,120,106,15,27,5,0,4,15,4,3,14,27,.255,.342,.415,.757,116,44,4,0,0,0,1,*9/HD
582,Tommy Nance\nanceto01,30,CHC,NL,1,0,0,0,0,0,0,0,0,0,0,0,0,,,,,,0,0,0,0,0,0,/1
583,Tyler Naquin*\naquity01,30,CIN,NL,34,128,113,17,30,4,0,9,27,3,1,11,29,.265,.344,.540,.884,129,61,3,3,0,1,1,*87/9H
584,Omar Narvaez*\narvaom01,29,MIL,NL,26,93,78,7,28,3,0,3,12,0,0,11,12,.359,.452,.513,.964,165,40,1,3,0,1,0,2/H
585,Josh Naylor*\naylojo01,24,CLE,AL,36,137,128,16,33,9,0,3,11,1,0,6,30,.258,.301,.398,.700,94,51,4,2,0,0,1,*9/3DH
586,Nick Neidert\neideni01,24,MIA,NL,3,4,3,0,0,0,0,0,0,0,0,1,1,.000,.250,.000,.250,-23,0,0,0,0,0,0,/1
587,Jimmy Nelson\nelsoji02,32,LAD,NL,13,1,1,0,0,0,0,0,0,0,0,0,1,.000,.000,.000,.000,-100,0,0,0,0,0,0,1
588,Hector Neris\nerishe01,32,PHI,NL,18,0,0,0,0,0,0,0,0,0,0,0,0,,,,,,0,0,0,0,0,0,1
589,Sheldon Neuse\neusesh01,26,LAD,NL,21,46,45,5,8,1,0,2,3,0,1,1,17,.178,.196,.333,.529,45,15,1,0,0,0,0,H/457D
590,Sean Newcomb*\newcose01,28,ATL,NL,9,0,0,0,0,0,0,0,0,0,0,0,0,,,,,,0,0,0,0,0,0,1
591,Kevin Newman\newmake01,27,PIT,NL,37,144,137,11,28,2,1,1,8,1,0,6,10,.204,.236,.255,.492,36,35,0,0,0,1,0,*6/H4
592,Tomas Nido\nidoto01,27,NYM,NL,13,34,30,6,8,1,1,1,3,0,0,2,4,.267,.353,.467,.820,130,14,0,2,0,0,0,2/H
593,Brandon Nimmo*\nimmobr01,28,NYM,NL,21,80,66,7,21,5,0,1,8,2,1,12,22,.318,.430,.439,.870,147,29,0,1,1,0,0,87/H
594,John Nogowski\nogowjo01,28,STL,NL,13,14,12,2,1,0,0,0,0,0,0,1,1,.083,.214,.083,.298,-11,1,1,1,0,0,0,H/3
595,Aaron Nola\nolaaa01,28,PHI,NL,8,16,14,2,1,0,0,0,0,0,0,0,7,.071,.071,.071,.143,-60,1,0,0,2,0,0,/1
596,Austin Nola\nolaau01,31,SDP,NL,13,42,32,3,8,2,0,1,10,0,0,5,2,.250,.405,.406,.811,134,13,0,4,0,1,0,/24H3
597,Aaron Northcraft\northaa01,31,SDP,NL,4,0,0,0,0,0,0,0,0,0,0,0,0,,,,,,0,0,0,0,0,0,/1
598,Jacob Nottingham\nottija01,26,MIL,NL,5,14,14,2,3,1,0,2,4,0,0,0,8,.214,.214,.714,.929,142,10,0,0,0,0,0,/2H
599,Dom Nunez*\nunezdo01,26,COL,NL,28,93,83,13,15,4,2,5,18,0,0,10,37,.181,.269,.458,.727,87,38,0,0,0,0,3,2/H
600,Renato Nunez\nunezre01,27,DET,AL,7,29,27,5,4,2,0,2,3,0,0,1,8,.148,.207,.444,.651,78,12,1,1,0,0,0,/D3
601,Brian O'Grady*\ogradbr01,29,SDP,NL,7,20,15,3,2,1,0,0,2,0,0,4,2,.133,.300,.200,.500,47,3,1,0,0,1,0,/9H
602,Ryan O'Hearn*\ohearry01,27,KCR,AL,16,48,44,4,8,1,0,2,3,0,0,4,19,.182,.250,.341,.591,63,15,0,0,0,0,0,/D3H9
603,Tyler O'Neill\oneilty01,26,STL,NL,30,107,100,16,25,4,0,8,18,4,1,3,35,.250,.290,.530,.820,127,53,3,3,0,1,0,*7
604,Joseph Odom\odomjo01,29,TBR,AL,2,2,2,0,0,0,0,0,0,0,0,0,1,.000,.000,.000,.000,-100,0,0,0,0,0,0,/2H
605,Rougned Odor*\odorro01,27,NYY,AL,19,70,61,8,10,0,0,4,11,0,0,7,10,.164,.271,.361,.632,79,22,2,2,0,0,0,4
606,Shohei Ohtani*\ohtansh01,26,LAA,AL,38,163,152,30,40,10,2,13,32,6,2,8,48,.263,.313,.612,.925,149,93,2,3,0,0,0,*D/17H9
607,Matt Olson*\olsonma02,27,OAK,AL,36,149,131,20,35,8,0,9,25,0,1,15,29,.267,.349,.534,.883,152,70,4,2,0,1,0,*3/D
608,Adam Ottavino#\ottavad01,35,BOS,AL,1,0,0,0,0,0,0,0,0,0,0,0,0,,,,,,0,0,0,0,0,0,1
609,Johan Oviedo\oviedjo01,23,STL,NL,4,6,6,0,1,0,0,0,1,0,0,0,4,.167,.167,.167,.333,-5,1,0,0,0,0,0,/1
610,Luis Oviedo\oviedlu01,22,PIT,NL,8,0,0,0,0,0,0,0,0,0,0,0,0,,,,,,0,0,0,0,0,0,/1
611,Hunter Owen\owenhu01,27,PIT,NL,3,5,4,0,0,0,0,0,0,0,0,0,3,.000,.200,.000,.200,-38,0,0,1,0,0,0,/H9
612,Chris Owings\owingch01,29,COL,NL,7,17,15,6,8,3,3,0,3,2,0,2,2,.533,.588,1.133,1.722,341,17,0,0,0,0,0,/4H879
613,Marcell Ozuna\ozunama01,30,ATL,NL,41,179,161,17,34,3,0,6,22,0,0,17,43,.211,.291,.342,.632,68,55,4,1,0,0,0,*7
614,Cristian Pache\pachecr01,22,ATL,NL,22,68,63,6,7,3,0,1,4,0,0,2,25,.111,.152,.206,.358,-6,13,1,1,2,0,0,8/H
615,Chris Paddack\paddach01,25,SDP,NL,7,12,11,0,0,0,0,0,0,0,0,0,7,.000,.000,.000,.000,-100,0,0,0,1,0,0,/1H
616,Kevin Padlo\padloke01,24,TBR,AL,8,13,11,1,1,1,0,0,0,0,0,2,8,.091,.231,.182,.413,24,2,0,0,0,0,0,/53H
617,Emilio Pagan*\paganem01,30,SDP,NL,18,0,0,0,0,0,0,0,0,0,0,0,0,,,,,,0,0,0,0,0,0,1
618,Josh Palacios*\palacjo01,25,TOR,AL,10,35,28,7,7,0,0,0,4,0,0,3,7,.250,.353,.250,.603,75,7,0,2,1,1,0,/97DH
619,Joe Panik*\panikjo01,30,TOR,AL,19,54,53,2,12,4,0,0,4,0,0,1,8,.226,.241,.302,.543,52,16,1,0,0,0,0,/54HD3
620,Joel Payamps\payamjo01,27,TOR,AL,1,0,0,0,0,0,0,0,0,0,0,0,0,,,,,,0,0,0,0,0,0,1
621,Mark Payton*\paytoma01,29,CIN,NL,10,8,7,1,1,0,0,0,0,0,0,1,1,.143,.250,.143,.393,7,1,0,0,0,0,0,/H79
622,Matt Peacock\peacoma01,27,ARI,NL,9,2,2,1,1,0,0,0,0,0,0,0,1,.500,.500,.500,1.000,176,1,0,0,0,0,0,/1
623,Joc Pederson*\pederjo01,29,CHC,NL,26,105,91,9,23,1,2,1,9,0,2,9,31,.253,.333,.341,.674,91,31,1,3,0,2,0,7/89DH
624,David Peralta*\peralda01,33,ARI,NL,39,160,146,20,39,7,5,4,28,1,0,14,23,.267,.331,.466,.797,116,68,5,0,0,0,2,*7/1H
625,Freddy Peralta\peralfr01,25,MIL,NL,9,13,12,0,0,0,0,0,0,0,0,1,8,.000,.077,.000,.077,-76,0,0,0,0,0,0,/1
626,Wandy Peralta*\peralwa01,29,TOT,MLB,9,0,0,0,0,0,0,0,0,0,0,0,0,,,,,,0,0,0,0,0,0,1
627,Wandy Peralta*\peralwa01,29,SFG,NL,9,0,0,0,0,0,0,0,0,0,0,0,0,,,,,,0,0,0,0,0,0,1
628,Jose Peraza\perazjo01,27,NYM,NL,11,29,28,2,6,0,0,1,5,0,0,1,5,.214,.241,.321,.563,58,9,0,0,0,0,0,/4H5
629,Angel Perdomo*\perdoan01,27,MIL,NL,11,0,0,0,0,0,0,0,0,0,0,0,0,,,,,,0,0,0,0,0,0,1
630,Geraldo Perdomo#\perdoge01,21,ARI,NL,4,13,10,1,1,0,0,0,0,0,0,3,2,.100,.308,.100,.408,19,1,0,0,0,0,1,/6
631,Cionel Pérez\perezci01,25,CIN,NL,14,1,1,0,0,0,0,0,0,0,0,0,0,.000,.000,.000,.000,-100,0,0,0,0,0,0,1
632,Hernan Perez\perezhe01,30,WSN,NL,10,21,19,1,1,0,0,0,0,0,0,2,10,.053,.143,.053,.195,-42,1,0,0,0,0,0,/4H3179
633,Michael Perez*\perezmi03,28,PIT,NL,14,45,40,3,4,1,0,1,3,0,0,4,16,.100,.200,.200,.400,11,8,0,1,0,0,0,2/H
634,Oliver Perez*\perezol01,39,CLE,AL,2,0,0,0,0,0,0,0,0,0,0,0,0,,,,,,0,0,0,0,0,0,/1
635,Roberto Perez\perezro02,32,CLE,AL,19,73,61,6,8,1,0,3,9,1,0,11,28,.131,.274,.295,.569,60,18,1,1,0,0,0,2
636,Salvador Perez\perezsa02,31,KCR,AL,40,165,156,18,44,9,0,9,27,0,0,5,39,.282,.315,.513,.828,126,80,5,3,0,1,0,*2/D
637,DJ Peters\peterdj01,25,LAD,NL,9,16,12,1,2,1,0,0,2,0,0,4,8,.167,.375,.250,.625,80,3,0,0,0,0,2,/H89
638,David Peterson*\peterda01,25,NYM,NL,6,10,8,0,0,0,0,0,0,0,0,0,6,.000,.000,.000,.000,-100,0,0,0,2,0,0,/1
639,Jace Peterson*\peterja01,31,MIL,NL,10,28,24,3,5,0,0,2,4,0,0,4,9,.208,.321,.458,.780,111,11,0,0,0,0,0,/4H
640,Yusmeiro Petit\petityu01,36,OAK,AL,2,0,0,0,0,0,0,0,0,0,0,0,0,,,,,,0,0,0,0,0,0,1
641,Tommy Pham\phamth01,33,SDP,NL,39,129,106,10,20,1,0,1,8,3,1,19,24,.189,.318,.226,.544,60,24,4,2,0,2,0,*7/8H
642,Brett Phillips*\phillbr02,27,TBR,AL,31,87,76,7,17,5,0,1,8,5,2,9,36,.224,.302,.329,.631,85,25,1,0,1,1,0,*89/7H
643,Kevin Pillar\pillake01,32,NYM,NL,28,85,80,10,20,3,1,2,8,2,2,3,19,.250,.294,.388,.682,91,31,2,2,0,0,0,8/H79
644,Manny Pina\pinama01,34,MIL,NL,16,46,38,5,8,1,0,3,6,0,0,7,9,.211,.326,.474,.800,117,18,1,0,0,1,0,2/H
645,Chad Pinder\pindech01,29,OAK,AL,7,19,18,2,5,2,0,1,2,0,0,1,8,.278,.316,.556,.871,146,10,0,0,0,0,0,/97H46
646,Michael Pineda\pinedmi01,32,MIN,AL,1,2,2,0,0,0,0,0,0,0,0,0,1,.000,.000,.000,.000,-100,0,1,0,0,0,0,/1
647,Stephen Piscotty\piscost01,30,OAK,AL,32,97,88,9,19,4,0,4,10,1,0,8,27,.216,.289,.398,.686,97,35,2,1,0,0,0,*9/HD
648,Nick Pivetta\pivetni01,28,BOS,AL,1,2,2,0,0,0,0,0,0,0,0,0,2,.000,.000,.000,.000,-100,0,0,0,0,0,0,/1
649,Kevin Plawecki\plaweke01,30,BOS,AL,15,45,40,5,11,3,0,1,2,0,0,3,6,.275,.341,.425,.766,112,17,2,1,1,0,0,2/DH
650,Adam Plutko\plutkad01,29,BAL,AL,2,0,0,0,0,0,0,0,0,0,0,0,0,,,,,,0,0,0,0,0,0,1
651,Gregory Polanco*\polangr01,29,PIT,NL,30,109,97,11,20,5,0,3,7,4,0,11,32,.206,.284,.351,.635,75,34,2,0,0,1,1,9/H
652,Jorge Polanco#\polanjo01,27,MIN,AL,37,155,139,19,34,9,1,3,17,3,1,12,30,.245,.310,.388,.698,101,54,1,2,0,2,0,*46/H
653,AJ Pollock\polloaj01,33,LAD,NL,32,102,94,13,26,5,0,4,17,2,0,8,25,.277,.333,.457,.791,119,43,2,0,0,0,2,*7/H8
654,Drew Pomeranz\pomerdr01,32,SDP,NL,13,0,0,0,0,0,0,0,0,0,0,0,0,,,,,,0,0,0,0,0,0,1
655,Daniel Ponce de Leon\ponceda01,29,STL,NL,5,2,2,0,0,0,0,0,0,0,0,0,2,.000,.000,.000,.000,-100,0,0,0,0,0,0,/1
656,Zach Pop\popza01,24,MIA,NL,12,1,0,0,0,0,0,0,0,0,0,0,0,,,,,,0,0,0,1,0,0,1
657,Sean Poppen\poppese01,27,PIT,NL,3,1,1,0,0,0,0,0,0,0,0,0,1,.000,.000,.000,.000,-100,0,0,0,0,0,0,/1
658,Buster Posey\poseybu01,34,SFG,NL,27,108,94,21,34,3,0,8,12,0,0,13,18,.362,.444,.649,1.093,207,61,5,1,0,0,0,*2
659,Cody Poteet\poteeco01,26,MIA,NL,2,3,3,0,0,0,0,0,0,0,0,0,1,.000,.000,.000,.000,-100,0,0,0,0,0,0,/1H
660,David Price*\priceda01,35,LAD,NL,5,1,0,0,0,0,0,0,1,0,0,0,0,,.000,,,,0,0,0,0,1,0,/1
661,Jurickson Profar#\profaju01,28,SDP,NL,35,132,111,17,27,3,1,1,10,5,0,17,21,.243,.338,.315,.654,89,35,6,0,1,2,1,*7/934H
662,Albert Pujols\pujolal01,41,TOT,MLB,25,96,90,9,18,0,0,5,13,1,0,3,14,.200,.250,.367,.617,69,33,4,3,0,0,1,3/DH5
663,Albert Pujols\pujolal01,41,LAA,AL,24,92,86,9,17,0,0,5,12,1,0,3,13,.198,.250,.372,.622,70,32,4,3,0,0,1,3/DH5
664,Albert Pujols\pujolal01,41,LAD,NL,1,4,4,0,1,0,0,0,1,0,0,0,1,.250,.250,.250,.500,41,1,0,0,0,0,0,/3
665,Cal Quantrill*\quantca01,26,CLE,AL,1,0,0,0,0,0,0,0,0,0,0,0,0,,,,,,0,0,0,0,0,0,1
666,Roman Quinn#\quinnro01,28,PHI,NL,24,52,44,6,6,1,2,0,2,4,3,5,16,.136,.269,.250,.519,46,11,0,3,0,0,0,8/H9
667,Tanner Rainey\raineta01,28,WSN,NL,13,0,0,0,0,0,0,0,0,0,0,0,0,,,,,,0,0,0,0,0,0,1
668,Brooks Raley*\raleybr01,33,HOU,AL,1,0,0,0,0,0,0,0,0,0,0,0,0,,,,,,0,0,0,0,0,0,1
669,Luke Raley*\raleylu01,26,LAD,NL,20,47,41,3,7,1,0,1,2,0,0,2,15,.171,.277,.268,.545,54,11,1,4,0,0,1,97/H
670,Harold Ramirez\ramirha02,26,CLE,AL,13,37,36,5,10,3,0,2,4,0,0,1,4,.278,.297,.528,.825,124,19,0,0,0,0,1,/8H79
671,Jose Ramirez#\ramirjo01,28,CLE,AL,39,162,141,26,37,8,1,11,23,4,0,17,21,.262,.346,.567,.913,149,80,4,2,0,2,2,*5
672,Nick Ramirez*\ramirni01,31,SDP,NL,6,1,1,0,0,0,0,0,0,0,0,0,0,.000,.000,.000,.000,-100,0,0,0,0,0,0,/1
673,Noe Ramirez\ramirno01,31,LAA,AL,1,0,0,0,0,0,0,0,0,0,0,0,0,,,,,,0,0,0,0,0,0,/1
674,Wilson Ramos\ramoswi01,33,DET,AL,30,108,101,11,22,5,0,6,11,0,0,5,24,.218,.255,.446,.700,94,45,1,0,0,0,0,2/DH
675,Drew Rasmussen\rasmudr01,25,MIL,NL,15,1,1,0,0,0,0,0,0,0,0,0,1,.000,.000,.000,.000,-100,0,0,0,0,0,0,1
676,Corey Ray*\rayco01,26,MIL,NL,1,3,2,1,0,0,0,0,0,0,0,1,1,.000,.333,.000,.333,2,0,0,0,0,0,0,/H9
677,Robbie Ray*\rayro02,29,TOR,AL,1,2,2,0,0,0,0,0,0,0,0,0,0,.000,.000,.000,.000,-100,0,0,0,0,0,0,/1
678,J.T. Realmuto\realmjt01,30,PHI,NL,35,130,109,16,32,7,1,4,17,3,0,16,33,.294,.400,.486,.886,146,53,0,4,0,1,1,*2/H3D
679,Rob Refsnyder\refsnro01,30,MIN,AL,3,8,8,1,6,1,0,0,2,0,0,0,0,.750,.750,.875,1.625,369,7,0,0,0,0,0,/879
680,Sean Reid-Foley\reidfse01,25,NYM,NL,3,1,0,0,0,0,0,0,0,0,0,1,0,,1.000,,,,0,0,0,0,0,0,/1
681,Anthony Rendon\rendoan01,31,LAA,AL,19,83,73,11,20,2,0,3,12,0,0,8,15,.274,.349,.425,.774,114,31,3,1,0,1,0,5
682,Hunter Renfroe\renfrhu01,29,BOS,AL,34,128,120,17,27,5,0,5,19,0,1,6,30,.225,.258,.392,.649,77,47,4,0,0,2,0,*9/8
683,Luis Rengifo#\rengilu01,24,LAA,AL,4,15,14,1,1,0,0,0,0,0,0,1,2,.071,.133,.071,.205,-40,1,1,0,0,0,0,/5
684,Alex Reyes\reyesal02,26,STL,NL,19,0,0,0,0,0,0,0,0,0,0,0,0,,,,,,0,0,0,0,0,0,1
685,Franmil Reyes\reyesfr01,25,CLE,AL,36,144,132,19,33,7,2,10,26,1,0,10,45,.250,.306,.561,.866,135,74,6,1,0,1,1,*D/9
686,Pablo Reyes\reyespa01,27,MIL,NL,16,32,32,4,8,2,0,0,1,1,0,0,7,.250,.250,.313,.563,54,10,1,0,0,0,0,5/H46
687,Victor Reyes#\reyesvi01,26,DET,AL,21,65,63,6,9,3,0,1,3,2,0,2,18,.143,.169,.238,.407,14,15,1,0,0,0,0,9/8DH
688,Bryan Reynolds#\reynobr01,26,PIT,NL,38,159,137,24,41,15,0,3,15,0,1,20,33,.299,.396,.474,.871,140,65,3,2,0,0,1,*87/H
689,Garrett Richards\richaga01,33,BOS,AL,1,2,2,0,0,0,0,0,0,0,0,0,0,.000,.000,.000,.000,-100,0,0,0,0,0,0,/1
690,JT Riddle*\riddljt01,29,MIN,AL,4,6,6,1,2,0,0,0,0,0,0,0,0,.333,.333,.333,.667,94,2,0,0,0,0,0,/6DH
691,Austin Riley\rileyau01,24,ATL,NL,41,156,130,19,38,4,0,4,11,0,0,20,41,.292,.404,.415,.819,119,54,3,5,0,1,2,*5/3H9
692,Edwin Rios*\riosed01,27,LAD,NL,25,60,51,4,4,0,0,1,1,0,0,7,18,.078,.217,.137,.354,2,7,3,2,0,0,0,3H/59D
693,Rene Rivera\riverre01,37,CLE,AL,5,15,13,1,4,1,0,0,0,0,0,1,6,.308,.357,.385,.742,108,5,0,0,1,0,0,/2H
694,Sebastian Rivero\riverse01,22,KCR,AL,2,6,6,1,0,0,0,0,0,0,0,0,3,.000,.000,.000,.000,-100,0,1,0,0,0,0,/2
695,Anthony Rizzo*\rizzoan01,31,CHC,NL,40,167,138,20,35,8,2,5,16,3,0,25,21,.254,.365,.449,.815,128,62,3,1,0,3,1,*3/1
696,Luis Robert\roberlu01,23,CHW,AL,25,103,95,11,30,9,1,1,8,4,1,7,28,.316,.359,.463,.822,133,44,0,0,0,1,0,8
697,Daniel Robertson\roberda10,27,MIL,NL,18,43,38,3,4,1,0,0,0,0,0,3,13,.105,.190,.132,.322,-9,5,1,1,1,0,0,/546H1
698,Hansel Robles\robleha01,30,MIN,AL,2,0,0,0,0,0,0,0,0,0,0,0,0,,,,,,0,0,0,0,0,0,1
699,Victor Robles\roblevi01,24,WSN,NL,37,126,108,10,26,6,1,0,4,4,3,13,30,.241,.344,.315,.659,88,34,1,4,1,0,1,*8/H
700,Joely Rodriguez*\rodrijo06,29,TEX,AL,1,0,0,0,0,0,0,0,0,0,0,0,0,,,,,,0,0,0,0,0,0,1
701,Richard Rodriguez\rodriri05,31,PIT,NL,14,0,0,0,0,0,0,0,0,0,0,0,0,,,,,,0,0,0,0,0,0,1
702,Chaz Roe\roech01,34,TBR,AL,1,0,0,0,0,0,0,0,0,0,0,0,0,,,,,,0,0,0,0,0,0,/1
703,Jake Rogers\rogerja03,26,DET,AL,5,16,16,1,4,0,0,1,3,0,0,0,5,.250,.250,.438,.688,90,7,0,0,0,0,0,/2H
704,Taylor Rogers*\rogerta01,30,MIN,AL,2,0,0,0,0,0,0,0,0,0,0,0,0,,,,,,0,0,0,0,0,0,1
705,Trevor Rogers*\rogertr01,23,MIA,NL,8,15,13,0,0,0,0,0,0,0,0,0,8,.000,.000,.000,.000,-100,0,0,0,2,0,0,/1
706,Tyler Rogers\rogerty01,30,SFG,NL,22,0,0,0,0,0,0,0,0,0,0,0,0,,,,,,0,0,0,0,0,0,1
707,Jose Rojas*\rojasjo02,28,LAA,AL,27,82,76,8,14,8,0,1,4,1,0,5,22,.184,.244,.329,.573,58,25,1,1,0,0,0,5/47H93
708,Josh Rojas*\rojasjo01,27,ARI,NL,37,128,114,22,33,6,1,5,11,2,0,12,32,.289,.357,.491,.848,130,56,1,0,0,0,0,96/H47
709,Miguel Rojas\rojasmi02,32,MIA,NL,37,150,134,27,39,12,2,2,14,3,1,13,21,.291,.367,.455,.822,127,61,1,3,0,0,0,*6/H
710,Jordan Romano\romanjo03,28,TOR,AL,2,0,0,0,0,0,0,0,0,0,0,0,0,,,,,,0,0,0,0,0,0,1
711,Sal Romano*\romansa01,27,CIN,NL,13,2,2,0,0,0,0,0,0,0,0,0,1,.000,.000,.000,.000,-100,0,0,0,0,0,0,1
712,JoJo Romero*\romerjo01,24,PHI,NL,11,0,0,0,0,0,0,0,0,0,0,0,0,,,,,,0,0,0,0,0,0,1
713,Austin Romine\rominau01,32,CHC,NL,6,9,9,1,1,1,0,0,1,0,0,0,3,.111,.111,.222,.333,-9,2,0,0,0,0,0,/2H
714,Sergio Romo\romose01,38,OAK,AL,1,0,0,0,0,0,0,0,0,0,0,0,0,,,,,,0,0,0,0,0,0,1
715,Brent Rooker\rookebr01,26,MIN,AL,8,30,29,1,3,1,0,1,2,0,0,1,13,.103,.133,.241,.375,5,7,0,0,0,0,0,/97H
716,Ben Rortvedt*\rortvbe01,23,MIN,AL,10,23,20,1,3,0,0,0,2,0,0,2,9,.150,.261,.150,.411,24,3,0,1,0,0,0,2/DH
717,Amed Rosario\rosaram01,25,CLE,AL,34,122,113,15,24,3,2,2,9,2,0,9,25,.212,.270,.327,.598,66,37,5,0,0,0,0,86/H
718,Eddie Rosario*\rosared01,29,CLE,AL,37,149,135,14,28,5,1,3,21,5,0,10,27,.207,.265,.326,.591,64,44,2,1,2,1,0,*7/D
719,Joe Ross\rossjo01,28,WSN,NL,6,12,11,1,3,0,0,0,1,0,0,0,4,.273,.273,.273,.545,55,3,0,0,1,0,0,/1
720,Ramon Rosso\rossora01,25,PHI,NL,1,0,0,0,0,0,0,0,0,0,0,0,0,,,,,,0,0,0,0,0,0,/1
721,Darin Ruf\rufda01,34,SFG,NL,35,74,57,13,13,2,0,5,13,1,0,15,19,.228,.392,.526,.918,159,30,3,1,0,1,2,H7/39D1
722,Jose Ruiz\ruizjo01,26,CHW,AL,1,1,1,0,0,0,0,0,0,0,0,0,0,.000,.000,.000,.000,-100,0,0,0,0,0,0,1
723,Keibert Ruiz#\ruizke01,22,LAD,NL,6,7,7,1,1,0,0,1,1,0,0,0,5,.143,.143,.571,.714,89,4,0,0,0,0,0,/H2
724,Rio Ruiz*\ruizri01,27,BAL,AL,32,101,90,10,15,3,0,3,6,2,0,9,29,.167,.250,.300,.550,55,27,3,1,1,0,0,45/HD
725,Kyle Ryan*\ryanky01,29,CHC,NL,3,1,1,0,0,0,0,0,0,0,0,0,0,.000,.000,.000,.000,-100,0,0,0,0,0,0,/1
726,Hyun Jin Ryu\ryuhy01,34,TOR,AL,1,2,2,0,0,0,0,0,0,0,0,0,2,.000,.000,.000,.000,-100,0,0,0,0,0,0,/1
727,Aaron Sanchez\sanchaa01,28,SFG,NL,6,9,9,0,0,0,0,0,0,0,0,0,6,.000,.000,.000,.000,-100,0,0,0,0,0,0,/1
728,Ali Sanchez\sanchal04,24,STL,NL,1,3,3,0,1,1,0,0,0,0,0,0,0,.333,.333,.667,1.000,176,2,0,0,0,0,0,/2
729,Gary Sanchez\sanchga02,28,NYY,AL,28,111,92,11,17,2,0,5,10,0,0,16,28,.185,.324,.370,.694,99,34,3,3,0,0,1,2/D
730,Pablo Sandoval#\sandopa01,34,ATL,NL,30,41,34,8,9,0,0,4,10,0,0,6,13,.265,.390,.618,1.008,163,21,0,1,0,0,0,H/D35
731,Miguel Sano\sanomi01,28,MIN,AL,24,95,78,9,11,0,0,3,8,0,0,16,35,.141,.295,.256,.551,62,20,2,1,0,0,0,3/5HD
732,Carlos Santana#\santaca01,35,KCR,AL,40,171,134,25,35,4,0,8,26,2,0,34,26,.261,.409,.470,.880,146,63,2,1,0,2,1,*3/D
733,Dennis Santana\santade01,25,LAD,NL,13,2,2,0,0,0,0,0,0,0,0,0,2,.000,.000,.000,.000,-100,0,0,0,0,0,0,1
734,Edgar Santana\santaed01,29,ATL,NL,3,0,0,0,0,0,0,0,0,0,0,0,0,,,,,,0,0,0,0,0,0,/1
735,Anthony Santander#\santaan02,26,BAL,AL,16,62,56,5,11,1,0,2,8,0,0,2,17,.196,.230,.321,.551,54,18,0,1,1,2,0,9/D
736,Antonio Santos\santoan02,24,COL,NL,2,0,0,0,0,0,0,0,0,0,0,0,0,,,,,,0,0,0,0,0,0,/1
737,Gregory Santos\santogr01,21,SFG,NL,3,0,0,0,0,0,0,0,0,0,0,0,0,,,,,,0,0,0,0,0,0,/1
738,Josh Sborz\sborzjo01,27,TEX,AL,2,0,0,0,0,0,0,0,0,0,0,0,0,,,,,,0,0,0,0,0,0,1
739,Scott Schebler*\schebsc01,30,LAA,AL,11,27,27,2,4,3,0,0,0,0,0,0,11,.148,.148,.259,.407,10,7,0,0,0,0,0,/89H7
740,Max Scherzer\scherma01,36,WSN,NL,6,15,13,0,0,0,0,0,0,0,0,0,4,.000,.000,.000,.000,-100,0,0,0,2,0,0,/1
741,Jonathan Schoop\schoojo01,29,DET,AL,38,149,140,13,30,3,1,3,13,0,0,7,39,.214,.248,.314,.563,59,44,3,0,0,2,0,3/4D
742,Max Schrock*\schroma01,26,CIN,NL,5,9,9,1,1,0,0,0,0,0,0,0,5,.111,.111,.111,.222,-41,1,0,0,0,0,0,/5H4
743,Kyle Schwarber*\schwaky01,28,WSN,NL,30,130,115,14,26,6,0,6,17,1,0,11,37,.226,.315,.435,.750,109,50,1,4,0,0,1,*7
744,Tanner Scott\scottta01,26,BAL,AL,2,0,0,0,0,0,0,0,0,0,0,0,0,,,,,,0,0,0,0,0,0,1
745,Corey Seager*\seageco01,27,LAD,NL,37,169,147,20,39,7,2,4,22,1,0,19,29,.265,.361,.422,.783,119,62,4,3,0,0,1,*6
746,Kyle Seager*\seageky01,33,SEA,AL,42,174,154,15,35,10,1,8,27,1,0,16,36,.227,.305,.461,.766,119,71,0,2,0,2,0,*5/D
747,Jean Segura\segurje01,31,PHI,NL,26,106,100,12,32,5,1,2,8,1,0,5,14,.320,.349,.450,.799,121,45,6,0,0,1,1,4
748,Sam Selman\selmasa01,30,SFG,NL,4,0,0,0,0,0,0,0,0,0,0,0,0,,,,,,0,0,0,0,0,0,/1
749,Marcus Semien\semiema01,30,TOR,AL,39,172,156,23,42,7,0,9,23,7,0,15,44,.269,.331,.487,.819,127,76,1,0,0,1,0,*4/6D
750,Antonio Senzatela\senzaan01,26,COL,NL,8,13,10,1,0,0,0,0,0,0,0,0,6,.000,.000,.000,.000,-100,0,0,0,3,0,0,/1
751,Nick Senzel\senzeni01,26,CIN,NL,36,124,111,18,28,4,0,1,8,2,5,12,16,.252,.323,.315,.638,70,35,3,0,0,1,0,*8/4H5
752,Pedro Severino\severpe01,27,BAL,AL,30,114,104,8,25,4,0,1,4,0,0,10,25,.240,.307,.308,.615,75,32,2,0,0,0,1,*2/DH
753,Bryan Shaw#\shawbr01,33,CLE,AL,1,0,0,0,0,0,0,0,0,0,0,0,0,,,,,,0,0,0,0,0,0,1
754,Travis Shaw*\shawtr01,31,MIL,NL,37,147,130,12,29,7,0,5,24,0,0,14,38,.223,.306,.392,.698,90,51,2,2,0,1,0,*53/H
755,Jordan Sheffield\sheffjo01,26,COL,NL,13,0,0,0,0,0,0,0,0,0,0,0,0,,,,,,0,0,0,0,0,0,1
756,Ryan Sherriff*\sherrry01,31,TBR,AL,1,0,0,0,0,0,0,0,0,0,0,0,0,,,,,,0,0,0,0,0,0,/1
757,Zack Short\shortza01,26,DET,AL,2,7,5,0,1,0,0,0,0,0,0,2,3,.200,.429,.200,.629,88,1,0,0,0,0,0,/45
758,Chasen Shreve*\shrevch01,30,PIT,NL,3,0,0,0,0,0,0,0,0,0,0,0,0,,,,,,0,0,0,0,0,0,/1
759,Magneuris Sierra*\sierrma01,25,MIA,NL,32,50,47,8,11,1,0,0,0,2,0,3,9,.234,.280,.255,.535,51,12,1,0,0,0,0,H8/79
760,Andrelton Simmons\simmoan01,31,MIN,AL,28,106,92,12,22,4,0,2,10,0,0,13,18,.239,.340,.348,.687,100,32,5,1,0,0,0,*6/H
761,Lucas Sims\simslu01,27,CIN,NL,14,1,1,0,0,0,0,0,0,0,0,0,0,.000,.000,.000,.000,-100,0,0,0,0,0,0,1
762,Chance Sisco*\siscoch01,26,BAL,AL,16,51,47,3,8,2,0,0,3,0,0,2,14,.170,.235,.213,.448,29,10,0,2,0,0,0,2/DH
763,Austin Slater\slateau01,28,SFG,NL,37,116,101,12,22,2,1,4,12,6,1,15,40,.218,.319,.376,.695,97,38,3,0,0,0,0,*87H/9
764,Aaron Slegers\slegeaa01,28,LAA,AL,3,0,0,0,0,0,0,0,0,0,0,0,0,,,,,,0,0,0,0,0,0,1
765,Caleb Smith\smithca03,29,ARI,NL,16,2,2,0,0,0,0,0,0,0,0,0,2,.000,.000,.000,.000,-100,0,0,0,0,0,0,1
766,Dominic Smith*\smithdo02,26,NYM,NL,33,128,117,8,29,5,0,2,14,0,0,9,30,.248,.305,.342,.647,83,40,2,1,0,1,2,*7/H
767,Drew Smith\smithdr01,27,NYM,NL,1,0,0,0,0,0,0,0,0,0,0,0,0,,,,,,0,0,0,0,0,0,/1
768,Joe Smith\smithjo05,37,HOU,AL,1,0,0,0,0,0,0,0,0,0,0,0,0,,,,,,0,0,0,0,0,0,1
769,Kevan Smith\smithke04,33,TBR,AL,3,5,4,2,1,0,0,0,0,0,0,0,2,.250,.250,.250,.500,48,1,0,0,0,0,0,/2H
770,Pavin Smith*\smithpa04,25,ARI,NL,39,156,144,22,38,9,2,3,13,1,0,9,27,.264,.314,.417,.731,99,60,5,2,0,1,0,*398/H7
771,Riley Smith\smithri01,26,ARI,NL,8,10,10,0,0,0,0,0,0,0,0,0,6,.000,.000,.000,.000,-100,0,0,0,0,0,0,/1
772,Will Smith\smithwi04,31,ATL,NL,16,0,0,0,0,0,0,0,0,0,0,0,0,,,,,,0,0,0,0,0,0,1
773,Will Smith\smithwi05,26,LAD,NL,32,127,106,19,27,9,1,4,14,1,0,15,19,.255,.362,.472,.834,132,50,6,4,0,2,2,*2/HD
774,Drew Smyly*\smylydr01,32,ATL,NL,6,10,9,0,0,0,0,0,0,0,0,0,6,.000,.000,.000,.000,-100,0,0,0,1,0,0,/1H
775,Blake Snell*\snellbl01,28,SDP,NL,8,8,8,0,1,0,0,0,0,0,0,0,3,.125,.125,.125,.250,-28,1,1,0,0,0,0,/1
776,Eric Sogard*\sogarer01,35,CHC,NL,35,72,66,9,17,1,1,1,7,2,0,4,12,.258,.292,.348,.640,80,23,2,0,0,2,1,4H/651
777,Nick Solak\solakni01,26,TEX,AL,43,183,163,29,43,7,1,7,19,2,2,13,46,.264,.344,.448,.792,120,73,5,7,0,0,0,*4/D
778,Donovan Solano\solando01,33,SFG,NL,17,54,50,5,15,4,0,0,3,1,0,2,11,.300,.333,.380,.713,103,19,1,1,0,1,0,4/H
779,Jorge Soler\solerjo01,29,KCR,AL,40,161,136,13,27,11,0,3,23,0,0,15,47,.199,.287,.346,.632,76,47,4,3,0,3,0,9D
780,Peter Solomon\solompe01,24,HOU,AL,1,0,0,0,0,0,0,0,0,0,0,0,0,,,,,,0,0,0,0,0,0,/1
781,Joakim Soria\soriajo01,37,ARI,NL,6,0,0,0,0,0,0,0,0,0,0,0,0,,,,,,0,0,0,0,0,0,/1
782,Edmundo Sosa\sosaed01,25,STL,NL,16,19,14,2,2,0,0,0,0,0,1,1,4,.143,.368,.143,.511,53,2,1,4,0,0,1,/6H458
783,Gregory Soto*\sotogr01,26,DET,AL,1,0,0,0,0,0,0,0,0,0,0,0,0,,,,,,0,0,0,0,0,0,1
784,Juan Soto*\sotoju01,22,WSN,NL,27,111,91,17,24,2,0,3,14,1,2,19,14,.264,.387,.385,.772,119,35,4,0,0,1,4,9/HD
785,George Springer\springe01,31,TOR,AL,4,18,15,3,3,0,0,2,3,1,0,2,4,.200,.294,.600,.894,143,9,0,0,0,0,0,/D
786,Jeffrey Springs*\sprinje01,28,TBR,AL,1,0,0,0,0,0,0,0,0,0,0,0,0,,,,,,0,0,0,0,0,0,1
787,Jacob Stallings\stallja01,31,PIT,NL,33,119,101,11,26,10,0,3,15,0,0,17,24,.257,.370,.446,.815,125,45,2,1,0,0,0,*2/H
788,Craig Stammen\stammcr01,37,SDP,NL,16,4,3,0,1,0,0,0,0,0,0,0,2,.333,.333,.333,.667,92,1,0,0,1,0,0,1
789,Ryne Stanek\stanery01,29,HOU,AL,1,0,0,0,0,0,0,0,0,0,0,0,0,,,,,,0,0,0,0,0,0,1
790,Giancarlo Stanton\stantmi03,31,NYY,AL,33,144,131,16,37,6,0,9,24,0,0,13,40,.282,.347,.534,.882,148,70,6,0,0,0,1,*D
791,Cody Stashak\stashco01,27,MIN,AL,2,0,0,0,0,0,0,0,0,0,0,0,0,,,,,,0,0,0,0,0,0,1
792,Max Stassi\stassma01,30,LAA,AL,11,32,29,4,7,0,0,1,1,0,0,3,9,.241,.313,.345,.657,83,10,2,0,0,0,0,2
793,Josh Staumont\staumjo01,27,KCR,AL,1,0,0,0,0,0,0,0,0,0,0,0,0,,,,,,0,0,0,0,0,0,1
794,Justin Steele*\steelju01,25,CHC,NL,7,0,0,0,0,0,0,0,0,0,0,0,0,,,,,,0,0,0,0,0,0,/1
795,Trevor Stephan\stephtr01,25,CLE,AL,1,0,0,0,0,0,0,0,0,0,0,0,0,,,,,,0,0,0,0,0,0,/1
796,Robert Stephenson\stephro01,28,COL,NL,18,0,0,0,0,0,0,0,0,0,0,0,0,,,,,,0,0,0,0,0,0,1
797,Tyler Stephenson\stephty01,24,CIN,NL,27,72,66,11,20,2,0,2,8,0,0,4,15,.303,.361,.424,.785,107,28,4,2,0,0,0,2H/3
798,Andrew Stevenson*\stevean01,27,WSN,NL,33,66,60,13,15,2,0,2,8,0,1,4,19,.250,.303,.383,.686,92,23,2,1,0,1,0,H9/87
799,DJ Stewart*\stewadj01,27,BAL,AL,28,99,83,11,17,3,0,2,9,0,0,15,23,.205,.333,.313,.647,85,26,2,1,0,0,0,9/7HD
800,Troy Stokes Jr.\stoketr01,25,PIT,NL,8,20,18,2,2,1,0,0,2,1,0,1,5,.111,.200,.167,.367,3,3,0,1,0,0,0,/H9
801,Trevor Story\storytr01,28,COL,NL,41,170,150,24,40,10,2,4,21,7,3,17,40,.267,.341,.440,.781,105,66,1,1,0,2,2,*6/H
802,Stephen Strasburg\strasst01,32,WSN,NL,2,3,3,0,1,1,0,0,0,0,0,0,0,.333,.333,.667,1.000,173,2,0,0,0,0,0,/1
803,Chris Stratton\stratch01,30,PIT,NL,14,0,0,0,0,0,0,0,0,0,0,0,0,,,,,,0,0,0,0,0,0,1
804,Myles Straw\strawmy01,26,HOU,AL,39,150,131,12,28,4,1,0,16,5,3,15,31,.214,.295,.260,.555,59,34,2,1,1,2,0,*8
805,Ross Stripling\stripro01,31,TOR,AL,1,2,1,0,0,0,0,0,0,0,0,0,1,.000,.000,.000,.000,-100,0,0,0,1,0,0,/1
806,Marcus Stroman\stromma01,30,NYM,NL,7,15,14,0,1,1,0,0,0,0,0,1,6,.071,.133,.143,.276,-22,2,0,0,0,0,0,/1
807,Pedro Strop\stroppe01,36,CHC,NL,2,0,0,0,0,0,0,0,0,0,0,0,0,,,,,,0,0,0,0,0,0,/1
808,Garrett Stubbs*\stubbga01,28,HOU,AL,1,0,0,0,0,0,0,0,0,0,0,0,0,,,,,,0,0,0,0,0,0,/H
809,Eugenio Suarez\suareeu01,29,CIN,NL,38,166,148,20,24,6,0,8,21,0,0,13,55,.162,.241,.365,.606,57,54,4,3,0,2,0,*6/5H
810,Ranger Suarez*\suarera01,25,PHI,NL,2,0,0,0,0,0,0,0,0,0,0,0,0,,,,,,0,0,0,0,0,0,/1
811,Wander Suero\suerowa01,29,WSN,NL,10,0,0,0,0,0,0,0,0,0,0,0,0,,,,,,0,0,0,0,0,0,1
812,Cole Sulser\sulseco01,31,BAL,AL,1,0,0,0,0,0,0,0,0,0,0,0,0,,,,,,0,0,0,0,0,0,1
813,Brent Suter*\suterbr01,31,MIL,NL,15,4,4,0,0,0,0,0,0,0,0,0,3,.000,.000,.000,.000,-100,0,0,0,0,0,0,1
814,Kurt Suzuki\suzukku01,37,LAA,AL,22,73,62,4,11,2,0,1,4,0,0,6,16,.177,.278,.258,.536,51,16,3,3,1,1,0,2/H
815,Dansby Swanson\swansda01,27,ATL,NL,41,167,150,14,31,6,1,5,15,2,2,11,51,.207,.271,.360,.631,66,54,3,3,1,2,2,*6
816,Anthony Swarzak\swarzan01,35,ARI,NL,6,0,0,0,0,0,0,0,0,0,0,0,0,,,,,,0,0,0,0,0,0,/1
817,Raimel Tapia*\tapiara01,27,COL,NL,40,164,148,20,42,4,0,4,22,5,2,14,20,.284,.341,.392,.733,93,58,1,0,0,2,1,*7/H9
818,Stephen Tarpley\tarplst01,28,NYM,NL,1,0,0,0,0,0,0,0,0,0,0,0,0,,,,,,0,0,0,0,0,0,/1
819,Dillon Tate\tatedi01,27,BAL,AL,1,0,0,0,0,0,0,0,0,0,0,0,0,,,,,,0,0,0,0,0,0,1
820,Fernando Tatis Jr.\tatisfe02,22,SDP,NL,26,108,96,23,23,3,0,9,14,7,1,11,29,.240,.315,.552,.867,143,53,3,0,0,1,0,6/H
821,Mike Tauchman*\tauchmi01,30,TOT,MLB,28,88,76,12,16,4,0,2,7,3,1,11,24,.211,.310,.342,.652,86,26,0,0,1,0,0,7/98HD
822,Mike Tauchman*\tauchmi01,30,NYY,AL,11,16,14,1,3,1,0,0,0,2,0,1,6,.214,.267,.286,.552,59,4,0,0,1,0,0,/7H8D9
823,Mike Tauchman*\tauchmi01,30,SFG,NL,17,72,62,11,13,3,0,2,7,1,1,10,18,.210,.319,.355,.674,92,22,0,0,0,0,0,7/98
824,Leody Taveras#\taverle01,22,TEX,AL,15,50,46,2,4,0,0,0,1,2,0,3,23,.087,.160,.087,.247,-28,4,1,1,0,0,0,8/H
825,Chris Taylor\tayloch03,30,LAD,NL,36,146,118,32,34,5,3,4,16,5,0,23,34,.288,.425,.483,.908,154,57,3,5,0,0,1,*8/47H96
826,Michael A. Taylor\taylomi02,30,KCR,AL,36,129,120,14,29,2,0,3,11,4,1,8,44,.242,.295,.333,.628,75,40,1,1,0,0,0,*8
827,Tyrone Taylor\tayloty01,27,MIL,NL,27,76,66,4,14,2,0,3,10,1,1,5,18,.212,.316,.379,.695,90,25,1,5,0,0,0,7/9H8
828,Anderson Tejeda#\tejedan01,23,TEX,AL,5,17,16,1,1,0,0,0,0,1,0,1,10,.063,.118,.063,.180,-47,1,0,0,0,0,0,/54
829,Rowdy Tellez*\tellero01,26,TOR,AL,26,89,85,7,16,2,0,2,4,0,0,2,20,.188,.225,.282,.507,42,24,2,2,0,0,0,D/3H
830,Ryan Tepera\teperry01,33,CHC,NL,16,0,0,0,0,0,0,0,0,0,0,0,0,,,,,,0,0,0,0,0,0,1
831,Lane Thomas\thomala02,25,STL,NL,9,14,11,1,2,0,0,0,0,1,0,3,3,.182,.357,.182,.539,59,2,0,0,0,0,0,/H874
832,Keegan Thompson\thompke02,26,CHC,NL,3,2,2,0,0,0,0,0,0,0,0,0,1,.000,.000,.000,.000,-100,0,0,0,0,0,0,/1
833,Ryan Thompson\thompry02,29,TBR,AL,2,0,0,0,0,0,0,0,0,0,0,0,0,,,,,,0,0,0,0,0,0,1
834,Trent Thornton\thorntr01,27,TOR,AL,1,0,0,0,0,0,0,0,0,0,0,0,0,,,,,,0,0,0,0,0,0,1
835,Ka'ai Tom*\tomka01,27,TOT,MLB,24,68,53,4,9,1,0,1,8,1,0,9,16,.170,.309,.245,.554,58,13,1,3,0,3,0,7/H9D1
836,Ka'ai Tom*\tomka01,27,OAK,AL,9,16,16,1,1,0,0,0,1,0,0,0,6,.063,.063,.063,.125,-63,1,0,0,0,0,0,/H9D71
837,Ka'ai Tom*\tomka01,27,PIT,NL,15,52,37,3,8,1,0,1,7,1,0,9,10,.216,.385,.324,.709,99,12,1,3,0,3,0,7/H
838,Josh Tomlin\tomlijo01,36,ATL,NL,15,1,1,0,0,0,0,0,0,0,0,0,1,.000,.000,.000,.000,-100,0,0,0,0,0,0,1/H
839,Abraham Toro#\toroab01,24,HOU,AL,6,13,12,0,1,0,0,0,0,0,0,1,0,.083,.154,.083,.237,-30,1,1,0,0,0,0,/5H
840,Luis Torrens\torrelu01,25,SEA,AL,28,93,87,7,16,5,0,2,6,0,0,4,23,.184,.226,.310,.536,55,27,4,1,0,1,0,2/DH
841,Gleyber Torres\torregl01,24,NYY,AL,33,141,124,12,29,5,0,1,10,2,1,17,28,.234,.326,.298,.625,81,37,2,0,0,0,0,*6
842,Ronald Torreyes\torrero01,28,PHI,NL,3,5,5,0,1,0,0,0,0,0,0,0,3,.200,.200,.200,.400,12,1,0,0,0,0,0,/64H
843,Taylor Trammell*\trammta01,23,SEA,AL,27,95,83,12,13,3,0,4,11,2,2,10,41,.157,.255,.337,.593,71,28,0,1,1,0,0,*8/7
844,Blake Treinen\treinbl01,33,LAD,NL,15,0,0,0,0,0,0,0,0,0,0,0,0,,,,,,0,0,0,0,0,0,1
845,Alan Trejo\trejoal01,25,COL,NL,22,40,36,6,8,2,0,0,2,0,0,3,10,.222,.275,.278,.553,47,10,2,0,0,1,1,/4H6
846,Jose Trevino\trevijo01,28,TEX,AL,30,105,99,9,25,2,0,1,7,0,0,3,24,.253,.269,.303,.572,61,30,5,0,1,2,0,*2/H
847,Lou Trivino\trivilo01,29,OAK,AL,2,0,0,0,0,0,0,0,0,0,0,0,0,,,,,,0,0,0,0,0,0,1
848,Mike Trout\troutmi01,29,LAA,AL,36,146,117,23,39,8,1,8,18,2,0,27,41,.333,.466,.624,1.090,200,73,0,2,0,0,5,*8
849,Yoshi Tsutsugo*\tsutsyo01,29,TBR,AL,26,87,78,5,13,4,0,0,5,0,0,8,27,.167,.244,.218,.462,37,17,1,0,1,0,0,3/DH
850,Kyle Tucker*\tuckeky01,24,HOU,AL,41,162,142,27,32,5,1,9,27,2,0,15,28,.225,.298,.465,.763,111,66,3,1,0,3,2,*9/H
851,Justin Turner\turneju01,36,LAD,NL,39,168,142,26,42,8,0,7,23,0,0,23,36,.296,.393,.500,.893,149,71,2,1,0,2,0,*5/DH
852,Trea Turner\turnetr01,28,WSN,NL,37,161,149,20,49,8,0,10,21,7,0,8,32,.329,.373,.584,.957,165,87,6,3,0,1,0,*6
853,Edwin Uceta\ucetaed01,23,LAD,NL,3,2,2,0,0,0,0,0,0,0,0,0,1,.000,.000,.000,.000,-100,0,0,0,0,0,0,/1
854,Duane Underwood Jr.\underdu01,26,PIT,NL,14,0,0,0,0,0,0,0,0,0,0,0,0,,,,,,0,0,0,0,0,0,1
855,Justin Upton\uptonju01,33,LAA,AL,33,126,113,13,22,2,0,7,14,1,0,11,39,.195,.270,.398,.668,83,45,5,1,0,1,0,*7
856,Julio Urias*\uriasju01,24,LAD,NL,6,16,14,1,1,0,0,0,0,0,0,0,4,.071,.071,.071,.143,-60,1,0,0,2,0,0,/1
857,Luis Urias\uriaslu01,24,MIL,NL,38,137,115,11,24,6,0,4,18,1,0,18,35,.209,.316,.365,.681,87,42,2,1,0,2,2,*6/H
858,Ramon Urias\uriasra01,27,BAL,AL,24,59,53,6,12,2,0,1,6,0,1,5,17,.226,.305,.321,.626,78,17,0,1,0,0,0,4/6H
859,Jose Urquidy\urquijo01,26,HOU,AL,1,2,2,0,0,0,0,0,0,0,0,0,2,.000,.000,.000,.000,-100,0,0,0,0,0,0,/1
860,Gio Urshela\urshegi01,29,NYY,AL,35,137,127,11,37,6,0,5,20,1,0,9,30,.291,.336,.457,.792,125,58,5,0,0,1,0,*5/6H
861,Pat Valaika\valaipa01,28,BAL,AL,20,57,52,4,9,1,0,1,3,1,0,3,15,.173,.214,.250,.464,31,13,0,0,1,1,0,4/H3671
862,Cesar Valdez\valdece01,36,BAL,AL,2,0,0,0,0,0,0,0,0,0,0,0,0,,,,,,0,0,0,0,0,0,1
863,Josh VanMeter*\vanmejo01,26,ARI,NL,34,76,65,10,10,2,1,1,6,0,0,10,21,.154,.276,.262,.538,49,17,1,1,0,0,0,H4/359
864,Ildemaro Vargas#\vargail01,29,CHC,NL,9,24,21,3,3,2,0,0,2,1,0,3,7,.143,.250,.238,.488,39,5,1,0,0,0,0,/4H6D
865,Daulton Varsho*\varshda01,24,ARI,NL,16,34,32,5,7,3,0,0,2,0,0,2,7,.219,.265,.313,.577,58,10,0,0,0,0,0,/8H92
866,Andrew Vaughn\vaughan01,23,CHW,AL,30,112,95,16,23,8,0,2,9,0,0,13,30,.242,.339,.389,.729,108,37,3,2,0,2,0,*7/39
867,Christian Vazquez\vazquch01,30,BOS,AL,37,138,128,18,33,6,0,2,15,4,1,9,26,.258,.304,.352,.656,82,45,4,0,0,1,0,*2/DH34
868,Vince Velasquez\velasvi01,29,PHI,NL,7,9,7,0,1,0,0,0,1,0,0,1,5,.143,.250,.143,.393,14,1,0,0,1,0,0,/1
869,Alex Verdugo*\verdual01,25,BOS,AL,39,164,147,27,41,7,1,5,17,3,0,13,18,.279,.341,.442,.784,116,65,2,2,0,2,1,*87/9H
870,Alex Vesia*\vesiaal01,25,LAD,NL,3,1,1,0,0,0,0,0,0,0,0,0,1,.000,.000,.000,.000,-100,0,0,0,0,0,0,/1
871,Will Vest\vestwi01,26,SEA,AL,1,0,0,0,0,0,0,0,0,0,0,0,0,,,,,,0,0,0,0,0,0,1
872,Jonathan Villar#\villajo01,30,NYM,NL,32,96,85,10,19,3,1,2,9,3,1,10,27,.224,.313,.353,.665,88,30,0,1,0,0,2,5/H46
873,Daniel Vogelbach*\vogelda01,28,MIL,NL,38,102,88,10,18,4,0,3,9,0,0,14,22,.205,.314,.352,.666,83,31,2,0,0,0,1,3H
874,Stephen Vogt*\vogtst01,36,ARI,NL,23,70,63,7,13,3,1,3,11,0,0,7,17,.206,.286,.429,.714,93,27,1,0,0,0,0,2/H3
875,Luke Voit\voitlu01,30,NYY,AL,6,25,23,2,6,0,0,1,3,0,0,1,9,.261,.320,.391,.711,103,9,2,1,0,0,0,/3
876,Jason Vosler*\vosleja01,27,SFG,NL,8,15,14,3,2,1,0,0,1,1,0,1,2,.143,.200,.214,.414,18,3,1,0,0,0,0,/5H7
877,Austin Voth\vothau01,29,WSN,NL,11,0,0,0,0,0,0,0,0,0,0,0,0,,,,,,0,0,0,0,0,0,1
878,Joey Votto*\vottojo01,37,CIN,NL,29,118,106,9,24,6,0,5,17,0,0,11,25,.226,.305,.425,.730,90,45,1,1,0,0,0,*3/H
879,LaMonte Wade Jr*\wadela01,27,SFG,NL,5,12,11,0,3,1,0,0,0,0,0,1,6,.273,.333,.364,.697,98,4,0,0,0,0,0,/8H379
880,Tyler Wade*\wadety01,26,NYY,AL,24,27,25,5,7,0,0,0,0,0,2,2,6,.280,.333,.280,.613,79,7,0,0,0,0,0,4/65H9D
881,Adam Wainwright\wainwad01,39,STL,NL,8,13,12,0,0,0,0,0,0,0,0,0,8,.000,.000,.000,.000,-100,0,1,0,1,0,0,/1
882,Christian Walker\walkech02,30,ARI,NL,17,71,64,7,13,2,1,1,5,0,0,6,17,.203,.268,.313,.580,59,20,2,0,0,1,0,3/H
883,Taijuan Walker\walketa01,28,NYM,NL,9,19,18,0,1,0,0,0,0,0,0,0,12,.056,.056,.056,.111,-68,1,1,0,1,0,0,/1H
884,Chad Wallach\wallach01,29,MIA,NL,19,59,53,2,12,2,1,0,5,0,0,3,27,.226,.271,.302,.573,59,16,1,1,0,2,0,2/H
885,Jared Walsh*\walshja01,27,LAA,AL,38,155,137,17,47,9,1,7,30,2,0,14,34,.343,.413,.577,.990,172,79,4,3,0,1,2,39/H
886,Donovan Walton*\waltodo01,27,SEA,AL,3,11,11,0,2,0,1,0,2,0,0,0,4,.182,.182,.364,.545,54,4,1,0,0,0,0,/45D
887,Taylor Ward\wardta01,27,LAA,AL,12,46,39,6,7,1,0,2,5,0,1,5,10,.179,.267,.359,.626,72,14,0,0,1,1,0,9/8
888,Art Warren\warrear01,28,CIN,NL,2,0,0,0,0,0,0,0,0,0,0,0,0,,,,,,0,0,0,0,0,0,/1
889,Tony Watson*\watsoto01,36,LAA,AL,1,0,0,0,0,0,0,0,0,0,0,0,0,,,,,,0,0,0,0,0,0,1
890,Ryan Weathers\weathry01,21,SDP,NL,9,8,8,0,1,0,0,0,0,0,0,0,3,.125,.125,.125,.250,-28,1,0,0,0,0,0,/1H
891,Luke Weaver\weavelu01,27,ARI,NL,8,14,13,1,2,0,0,0,1,0,0,1,8,.154,.214,.154,.368,3,2,0,0,0,0,0,/1
892,Jacob Webb\webbja01,27,ATL,NL,12,1,1,0,0,0,0,0,0,0,0,0,1,.000,.000,.000,.000,-100,0,0,0,0,0,0,1
893,Logan Webb\webblo01,24,SFG,NL,9,14,13,0,1,0,1,0,2,0,0,0,7,.077,.077,.231,.308,-17,3,0,0,1,0,0,/1H
894,Tyler Webb*\webbty01,30,STL,NL,16,0,0,0,0,0,0,0,0,0,0,0,0,,,,,,0,0,0,0,0,0,1
895,Jordan Weems*\weemsjo01,28,OAK,AL,1,0,0,0,0,0,0,0,0,0,0,0,0,,,,,,0,0,0,0,0,0,/1
896,Patrick Weigel\weigepa01,26,MIL,NL,3,0,0,0,0,0,0,0,0,0,0,0,0,,,,,,0,0,0,0,0,0,/1
897,Tyler Wells\wellsty01,26,BAL,AL,1,0,0,0,0,0,0,0,0,0,0,0,0,,,,,,0,0,0,0,0,0,1
898,J.B. Wendelken\wendejb01,28,OAK,AL,1,0,0,0,0,0,0,0,0,0,0,0,0,,,,,,0,0,0,0,0,0,1
899,Joey Wendle*\wendljo01,31,TBR,AL,39,136,125,24,35,13,0,3,18,3,1,8,26,.280,.331,.456,.787,128,57,4,2,0,1,0,*5/6H
900,Zack Wheeler*\wheelza01,31,PHI,NL,8,19,18,1,3,1,0,0,3,0,0,0,10,.167,.167,.222,.389,8,4,0,0,1,0,0,/1
901,Eli White\whiteel04,27,TEX,AL,22,60,55,3,7,0,1,0,4,2,2,5,20,.127,.200,.164,.364,4,9,1,0,0,0,0,8/7H9D
902,Evan White\whiteev01,25,SEA,AL,30,104,97,8,14,3,0,2,9,0,0,6,31,.144,.202,.237,.439,28,23,1,1,0,0,0,*3
903,Mitch White\whitemi03,26,LAD,NL,5,1,1,0,0,0,0,0,0,0,0,0,1,.000,.000,.000,.000,-100,0,0,0,0,0,0,/1
904,Kodi Whitley\whitlko01,26,STL,NL,9,0,0,0,0,0,0,0,0,0,0,0,0,,,,,,0,0,0,0,0,0,/1
905,Garrett Whitlock\whitlga01,25,BOS,AL,1,0,0,0,0,0,0,0,0,0,0,0,0,,,,,,0,0,0,0,0,0,1
906,Taylor Widener*\widenta01,26,ARI,NL,4,8,7,1,0,0,0,0,0,0,0,1,5,.000,.125,.000,.125,-62,0,0,0,0,0,0,/1
907,Brad Wieck*\wieckbr01,29,CHC,NL,1,0,0,0,0,0,0,0,0,0,0,0,0,,,,,,0,0,0,0,0,0,/1
908,Devin Williams\willide03,26,MIL,NL,16,0,0,0,0,0,0,0,0,0,0,0,0,,,,,,0,0,0,0,0,0,1
909,Justin Williams*\williju02,25,STL,NL,38,93,79,7,14,0,0,3,9,0,1,13,31,.177,.301,.291,.592,70,23,2,1,0,0,4,*97H
910,Nick Williams*\willini01,27,CHW,AL,4,13,10,2,0,0,0,0,0,0,0,1,4,.000,.231,.000,.231,-25,0,1,2,0,0,0,/7DH
911,Taylor Williams#\willita01,29,SDP,NL,4,0,0,0,0,0,0,0,0,0,0,0,0,,,,,,0,0,0,0,0,0,/1
912,Trevor Williams\willitr01,29,CHC,NL,7,10,8,1,1,0,0,0,1,0,0,1,4,.125,.222,.125,.347,1,1,0,0,1,0,0,/1
913,Bryse Wilson\wilsobr02,23,ATL,NL,4,8,8,0,0,0,0,0,0,0,0,0,3,.000,.000,.000,.000,-100,0,0,0,0,0,0,/1
914,Cody Wilson\wilsoco01,24,WSN,NL,1,1,1,0,0,0,0,0,0,0,0,0,0,.000,.000,.000,.000,-100,0,0,0,0,0,0,/H
915,Jesse Winker*\winkeje01,27,CIN,NL,33,145,133,26,46,10,1,7,22,0,0,11,31,.346,.400,.594,.994,158,79,3,1,0,0,0,*7/9DH
916,Dan Winkler\winklda01,31,CHC,NL,13,0,0,0,0,0,0,0,0,0,0,0,0,,,,,,0,0,0,0,0,0,1
917,Matt Wisler\wislema01,28,SFG,NL,15,1,1,0,0,0,0,0,0,0,0,0,1,.000,.000,.000,.000,-100,0,0,0,0,0,0,1
918,Nick Wittgren\wittgni01,30,CLE,AL,1,0,0,0,0,0,0,0,0,0,0,0,0,,,,,,0,0,0,0,0,0,1
919,Tony Wolters*\wolteto01,29,CHC,NL,14,30,24,3,3,0,0,0,0,0,1,5,12,.125,.276,.125,.401,18,3,1,0,1,0,0,/2H47
920,Kolten Wong*\wongko01,30,MIL,NL,30,123,109,15,29,7,0,2,5,2,2,10,18,.266,.341,.385,.727,99,42,0,3,0,1,1,*4
921,Alex Wood\woodal02,30,SFG,NL,6,14,10,0,0,0,0,0,0,0,1,2,9,.000,.167,.000,.167,-47,0,0,0,2,0,0,/1
922,Jake Woodford\woodfja01,24,STL,NL,5,2,2,0,0,0,0,0,0,0,0,0,2,.000,.000,.000,.000,-100,0,0,0,0,0,0,/1
923,Brandon Woodruff*\woodrbr01,28,MIL,NL,8,17,15,0,0,0,0,0,0,0,0,1,10,.000,.063,.000,.063,-81,0,0,0,1,0,0,/1
924,Brandon Workman\workmbr01,32,CHC,NL,10,0,0,0,0,0,0,0,0,0,0,0,0,,,,,,0,0,0,0,0,0,1
925,Kyle Wright\wrighky01,25,ATL,NL,1,2,2,1,1,1,0,0,0,0,0,0,0,.500,.500,1.000,1.500,287,2,0,0,0,0,0,/1
926,Miguel Yajure\yajurmi01,23,PIT,NL,1,1,1,0,0,0,0,0,0,0,0,0,1,.000,.000,.000,.000,-100,0,0,0,0,0,0,/1
927,Jordan Yamamoto\yamamjo01,25,NYM,NL,1,1,1,0,0,0,0,0,0,0,0,0,1,.000,.000,.000,.000,-100,0,0,0,0,0,0,/1
928,Ryan Yarbrough\yarbrry01,29,TBR,AL,1,2,2,0,0,0,0,0,0,0,0,0,0,.000,.000,.000,.000,-100,0,0,0,0,0,0,/1
929,Eric Yardley\yardler01,30,MIL,NL,10,0,0,0,0,0,0,0,0,0,0,0,0,,,,,,0,0,0,0,0,0,1
930,Mike Yastrzemski*\yastrmi01,30,SFG,NL,31,126,111,14,25,9,2,6,11,1,0,13,36,.225,.317,.505,.822,129,56,1,2,0,0,2,*9/H
931,Christian Yelich*\yelicch01,29,MIL,NL,10,41,34,8,12,1,0,0,1,2,0,6,13,.353,.463,.382,.846,136,13,0,1,0,0,0,7
932,Huascar Ynoa\ynoahu01,23,ATL,NL,9,17,17,3,6,1,0,2,6,0,0,0,7,.353,.353,.765,1.118,187,13,0,0,0,0,0,/1
933,Alex Young*\youngal01,27,ARI,NL,18,1,1,0,0,0,0,0,0,0,0,0,1,.000,.000,.000,.000,-100,0,0,0,0,0,0,1
934,Andrew Young\youngan02,27,ARI,NL,17,26,20,5,7,1,0,4,9,0,0,3,8,.350,.500,1.000,1.500,299,20,1,3,0,0,0,H/457
935,Kyle Zimmer\zimmeky01,29,KCR,AL,1,0,0,0,0,0,0,0,0,0,0,0,0,,,,,,0,0,0,0,0,0,1
936,Ryan Zimmerman\zimmery01,36,WSN,NL,24,71,68,8,19,4,0,4,10,0,0,3,18,.279,.310,.515,.825,128,35,1,0,0,0,0,3H
937,Bruce Zimmermann*\zimmebr02,26,BAL,AL,1,2,2,0,0,0,0,0,0,0,0,0,2,.000,.000,.000,.000,-100,0,0,0,0,0,0,/1
938,Jordan Zimmermann\zimmejo02,35,MIL,NL,2,1,1,0,0,0,0,0,0,0,0,0,1,.000,.000,.000,.000,-100,0,0,0,0,0,0,/1
939,Tyler Zuber\zuberty01,26,KCR,AL,1,1,1,0,0,0,0,0,0,0,0,0,1,.000,.000,.000,.000,-100,0,0,0,0,0,0,1
940,Mike Zunino\zuninmi01,30,TBR,AL,26,91,82,16,17,2,0,8,16,0,0,8,31,.207,.286,.524,.810,131,43,2,1,0,0,0,2
941,LgAvg per 600 PA,,,,201,600,533,70,126,24,2,18,66,8,2,54,144,.236,.313,.393,.705,,209,11,7,2,4,2,